sa2_code,sa2_label,sa2_name_geo,state_name,gccsa_name,lat,lon,digital_jobs,digital_businesses,digital_job_share,digital_job_share_pct,digital_business_share,digital_business_share_pct,digital_income_weighted,digital_income_premium,jobs_per_digital_business,digital_solo_share,digital_solo_share_pct,digital_large_employer_share,digital_large_employer_share_pct,gender_income_gap,female_employment_share,ecosystem_category
101021008,Karabar,Karabar,New South Wales,Rest of NSW,-35.37594075471599,149.23280103943569,554.0,45.0,0.078303886925795,7.8303886925795,0.1068883610451306,10.68883610451306,66088.29602888087,20931.637795665323,12.311111111111112,0.5111111111111111,51.11111111111111,0.0,0.0,12544.5,0.4773686229382431,lower digital concentration
101021009,Queanbeyan,Queanbeyan,New South Wales,Rest of NSW,-35.351029889430166,149.2254629117638,857.0,90.0,0.0770406328658755,7.70406328658755,0.1,10.0,56753.53325554259,16697.72437384536,9.522222222222222,0.5555555555555556,55.55555555555556,0.0444444444444444,4.444444444444439,6850.0,0.4667916443492234,lower digital concentration
101021012,Queanbeyan West - Jerrabomberra,Queanbeyan West - Jerrabomberra,New South Wales,Rest of NSW,-35.37757834380731,149.20284935472026,1248.0,165.0,0.1120086160473882,11.200861604738819,0.1783783783783784,17.83783783783784,80476.62980769231,25043.922887929257,7.5636363636363635,0.503030303030303,50.303030303030305,0.0181818181818181,1.8181818181818101,19482.0,0.4925745515029108,high-income specialist
101021610,Googong,Googong,New South Wales,Rest of NSW,-35.42803782261043,149.23418949327598,718.0,71.0,0.122275204359673,12.2275204359673,0.2253968253968254,22.53968253968254,85860.28969359331,20062.477874792225,10.112676056338028,0.4788732394366197,47.88732394366197,0.0,0.0,28886.0,0.5087837837837837,digitally specialised
101021611,Queanbeyan Surrounds,Queanbeyan Surrounds,New South Wales,Rest of NSW,-35.44351635092708,149.39190207276337,1482.0,302.0,0.1133287451250286,11.33287451250286,0.169187675070028,16.918767507002798,79379.00910931174,25017.1058822719,4.9072847682119205,0.4536423841059602,45.364238410596016,0.0132450331125827,1.32450331125827,14701.5,0.4860202824376836,high-income specialist
101031016,Jindabyne - Berridale,Jindabyne - Berridale,New South Wales,Rest of NSW,-36.49140971019844,148.6090619409516,617.0,110.0,0.0702973681212259,7.02973681212259,0.0935374149659864,9.35374149659864,22503.401944894653,2799.663879496453,5.609090909090909,0.5818181818181818,58.18181818181818,0.0,0.0,8214.5,0.4788807699162359,lower digital concentration
101041020,Bega-Eden Hinterland,Bega-Eden Hinterland,New South Wales,Rest of NSW,-36.927583834529656,149.71950705513203,340.0,101.0,0.0539939653803398,5.39939653803398,0.0986328125,9.86328125,28986.098529411764,1116.5294488972322,3.366336633663366,0.594059405940594,59.4059405940594,0.0,0.0,9826.0,0.4876811594202898,lower digital concentration
101041025,Merimbula - Tura Beach,Merimbula - Tura Beach,New South Wales,Rest of NSW,-36.900174777939085,149.88213232363015,447.0,107.0,0.058638331365604,5.8638331365604,0.0994423791821561,9.94423791821561,35037.775167785236,6099.357287685536,4.177570093457944,0.4672897196261682,46.728971962616825,0.02803738317757,2.803738317757,11869.5,0.5022332506203474,lower digital concentration
101051539,Goulburn,Goulburn,New South Wales,Rest of NSW,-34.75057632288144,149.71958902568684,799.0,166.0,0.0423670396097354,4.23670396097354,0.0959537572254335,9.59537572254335,40649.82102628285,3456.973208264928,4.813253012048193,0.5180722891566265,51.80722891566265,0.0180722891566265,1.8072289156626498,16865.5,0.4879443921511838,lower digital concentration
101051540,Goulburn Surrounds,Goulburn Surrounds,New South Wales,Rest of NSW,-34.51586308819173,149.60389878661212,569.0,132.0,0.0585571678501595,5.85571678501595,0.0638297872340425,6.382978723404251,43752.565905096664,9192.91421218733,4.3106060606060606,0.4924242424242424,49.242424242424235,0.0,0.0,16067.5,0.4777902202314296,lower digital concentration
101061542,Yass Surrounds,Yass Surrounds,New South Wales,Rest of NSW,-34.876409589130056,148.89321672924453,1095.0,240.0,0.1089010442565887,10.890104425658869,0.1192842942345924,11.92842942345924,76871.82648401827,31220.78207824999,4.5625,0.6125,61.25000000000001,0.0,0.0,14525.0,0.4931657310226996,high-income specialist
102011028,Avoca Beach - Copacabana,Avoca Beach - Copacabana,New South Wales,Greater Sydney,-33.47540703985962,151.43018177566537,636.0,162.0,0.1073236584542693,10.73236584542693,0.2012422360248447,20.12422360248447,49728.73584905661,11711.52002050446,3.925925925925926,0.5493827160493827,54.93827160493827,0.0,0.0,25883.0,0.5036262798634812,digitally specialised
102011029,Box Head - MacMasters Beach,Box Head - MacMasters Beach,New South Wales,Greater Sydney,-33.508521412584656,151.38476864089915,917.0,198.0,0.1251706251706251,12.517062517062511,0.1997981836528758,19.97981836528758,47648.775354416575,8948.18355807478,4.6313131313131315,0.5252525252525253,52.52525252525253,0.0,0.0,23052.5,0.4997505404955928,digitally specialised
102011030,Calga - Kulnura,Calga - Kulnura,New South Wales,Greater Sydney,-33.33963146945908,151.17530200123562,279.0,100.0,0.080775911986103,8.0775911986103,0.0825763831544178,8.25763831544178,51281.93548387097,15702.19214281712,2.79,0.55,55.00000000000001,0.03,3.0,10447.5,0.4569493711705901,lower digital concentration
102011031,Erina - Green Point,Erina - Green Point,New South Wales,Greater Sydney,-33.42323106668214,151.40250960487032,970.0,293.0,0.1030380284682388,10.30380284682388,0.1627777777777777,16.277777777777768,57128.03711340206,19565.282917523586,3.310580204778157,0.5017064846416383,50.170648464163826,0.0136518771331058,1.36518771331058,20076.0,0.505725447932103,digitally specialised
102011032,Gosford - Springfield,Gosford - Springfield,New South Wales,Greater Sydney,-33.42524679986168,151.34789444324164,1561.0,371.0,0.0849616284765688,8.49616284765688,0.1486378205128205,14.863782051282051,54681.36450992953,19845.503246118504,4.2075471698113205,0.4716981132075472,47.16981132075472,0.0188679245283018,1.8867924528301798,11523.0,0.4939611680171227,emerging growth corridor
102011035,Narara,Narara,New South Wales,Greater Sydney,-33.39608313427166,151.3342203541456,528.0,59.0,0.0912232204561161,9.12232204561161,0.1745562130177514,17.45562130177514,52190.58522727273,13858.46040004398,8.94915254237288,0.5254237288135594,52.54237288135594,0.0,0.0,19825.0,0.5048431734317343,digitally specialised
102011036,Niagara Park - Lisarow,Niagara Park - Lisarow,New South Wales,Greater Sydney,-33.384268958043876,151.37282613655574,618.0,83.0,0.0959180505975477,9.591805059754769,0.1599229287090559,15.992292870905588,54098.16504854369,13440.04825512448,7.445783132530121,0.5180722891566265,51.80722891566265,0.0,0.0,19229.0,0.5034,digitally specialised
102011037,Point Clare - Koolewong,Point Clare - Koolewong,New South Wales,Greater Sydney,-33.44817354381919,151.31632563142108,546.0,101.0,0.1191619380183326,11.91619380183326,0.2657894736842105,26.57894736842105,55867.357142857145,14545.682983101578,5.405940594059406,0.5742574257425742,57.42574257425742,0.0297029702970297,2.9702970297029703,22988.0,0.4928989139515455,digitally specialised
102011039,Terrigal - North Avoca,Terrigal - North Avoca,New South Wales,Greater Sydney,-33.44517460645602,151.4276124034359,1174.0,292.0,0.1028381219341275,10.28381219341275,0.1913499344692005,19.134993446920053,61084.69165247019,21106.3851090224,4.02054794520548,0.5308219178082192,53.082191780821915,0.0,0.0,20763.5,0.5015765765765766,emerging growth corridor
102011040,Umina - Booker Bay - Patonga,Umina - Booker Bay - Patonga,New South Wales,Greater Sydney,-33.52916580989523,151.2981933745507,1637.0,257.0,0.1028395527076265,10.28395527076265,0.1788448155880306,17.88448155880306,57291.75503970678,19076.690804250065,6.36964980544747,0.603112840466926,60.311284046692606,0.0116731517509727,1.1673151750972701,19166.0,0.5097418026294946,emerging growth corridor
102011041,Wamberal - Forresters Beach,Wamberal - Forresters Beach,New South Wales,Greater Sydney,-33.40969543270032,151.44995460770298,838.0,182.0,0.1024951076320939,10.24951076320939,0.1720226843100189,17.20226843100189,50997.979116945105,12414.370322913795,4.604395604395604,0.5054945054945055,50.54945054945055,0.0164835164835164,1.64835164835164,21808.5,0.5001550868486352,digitally specialised
102011042,Woy Woy - Blackwall,Woy Woy - Blackwall,New South Wales,Greater Sydney,-33.485172429086546,151.3056574496089,964.0,144.0,0.1006893670357217,10.06893670357217,0.1848523748395378,18.485237483953778,52437.75311203319,15409.578890182347,6.694444444444445,0.5972222222222222,59.72222222222222,0.0208333333333333,2.08333333333333,16823.0,0.501023052789524,digitally specialised
102011043,Wyoming,Wyoming,New South Wales,Greater Sydney,-33.40473108478087,151.36406252420988,695.0,81.0,0.0843241931570007,8.43241931570007,0.1377551020408163,13.77551020408163,49533.97122302158,12130.980747408868,8.580246913580247,0.6049382716049383,60.49382716049383,0.0,0.0,17670.5,0.5008964955175225,lower digital concentration
102021044,Bateau Bay - Killarney Vale,Bateau Bay - Killarney Vale,New South Wales,Greater Sydney,-33.3795940720267,151.4674545491948,1027.0,144.0,0.0632155607534162,6.321556075341619,0.1159420289855072,11.594202898550721,43649.6299902629,7345.611924277429,7.131944444444445,0.6041666666666666,60.416666666666664,0.0,0.0,18327.5,0.5047819743880694,lower digital concentration
102021047,Chittaway Bay - Tumbi Umbi,Chittaway Bay - Tumbi Umbi,New South Wales,Greater Sydney,-33.354468523877266,151.42828711224516,949.0,144.0,0.0763721229679703,7.63721229679703,0.1149241819632881,11.49241819632881,39442.70600632244,333.23216115907417,6.590277777777778,0.5486111111111112,54.861111111111114,0.0,0.0,20016.0,0.4997912317327766,lower digital concentration
102021048,Gorokan - Kanwal - Charmhaven,Gorokan - Kanwal - Charmhaven,New South Wales,Greater Sydney,-33.25792662360941,151.494759326935,847.0,80.0,0.0539696699375557,5.396966993755569,0.087719298245614,8.7719298245614,32238.214876033056,-282.28365843871507,10.5875,0.575,57.49999999999999,0.0375,3.75,15006.0,0.4964079200981251,large-employer / job-heavy hub
102021053,The Entrance,The Entrance,New South Wales,Greater Sydney,-33.32907941508135,151.51204276284903,804.0,135.0,0.0713525026624068,7.135250266240679,0.1133501259445843,11.33501259445843,34279.84328358209,3287.130069169598,5.955555555555556,0.4962962962962963,49.629629629629626,0.0222222222222222,2.2222222222222197,11782.0,0.5038240917782026,lower digital concentration
102021055,Tuggerah - Kangy Angy,Tuggerah - Kangy Angy,New South Wales,Greater Sydney,-33.30486573524446,151.41218380483636,366.0,112.0,0.0822471910112359,8.22471910112359,0.1055607917059378,10.55607917059378,42884.629781420765,6624.591017375824,3.267857142857143,0.4107142857142857,41.07142857142857,0.0446428571428571,4.46428571428571,17508.0,0.4897709923664122,lower digital concentration
102021056,Warnervale - Wadalba,Warnervale - Wadalba,New South Wales,Greater Sydney,-33.242017848353946,151.45816004740473,981.0,128.0,0.0591641034919486,5.9164103491948605,0.1133746678476528,11.33746678476528,43183.4622833843,6355.27091977535,7.6640625,0.53125,53.125,0.0,0.0,22089.5,0.5035046728971962,emerging growth corridor
103011612,Bathurst - South,Bathurst - South,New South Wales,Rest of NSW,-33.45231899619161,149.57816524992356,407.0,135.0,0.0499386503067484,4.99386503067484,0.1179039301310043,11.790393013100429,32694.496314496315,3123.4089525331256,3.0148148148148146,0.4666666666666667,46.666666666666664,0.0296296296296296,2.96296296296296,6937.0,0.4847105933745904,lower digital concentration
103011613,Bathurst - West,Bathurst - West,New South Wales,Rest of NSW,-33.37476495343266,149.5501479081406,561.0,82.0,0.0477203130316434,4.77203130316434,0.0954598370197904,9.54598370197904,41712.56862745098,2801.5642041777537,6.841463414634147,0.5365853658536586,53.65853658536586,0.0,0.0,18816.5,0.5028671737858397,lower digital concentration
103031072,Mudgee,Mudgee,New South Wales,Rest of NSW,-32.60393078129205,149.6011359513414,556.0,94.0,0.054483096521313,5.4483096521313,0.0743670886075949,7.436708860759491,38289.411870503594,-2435.2870025978264,5.914893617021277,0.425531914893617,42.5531914893617,0.0,0.0,30051.0,0.4807563363282821,lower digital concentration
103041077,Orange,Orange,New South Wales,Rest of NSW,-33.30128639679244,149.11262860103938,701.0,216.0,0.0474674972914409,4.746749729144089,0.1075161772025883,10.75161772025883,38659.68188302425,4453.870940445697,3.2453703703703702,0.4444444444444444,44.44444444444444,0.0231481481481481,2.31481481481481,11909.0,0.4926666666666666,lower digital concentration
103041078,Orange - North,Orange - North,New South Wales,Rest of NSW,-33.249416445188615,149.12588785429335,987.0,167.0,0.0505014326647564,5.05014326647564,0.1126095751854349,11.260957518543488,43252.48632218845,4145.144989810229,5.910179640718563,0.5149700598802395,51.49700598802395,0.0239520958083832,2.39520958083832,18322.5,0.499247904877874,emerging growth corridor
103041079,Orange Surrounds,Orange Surrounds,New South Wales,Rest of NSW,-33.146436700617464,148.84716713511688,461.0,115.0,0.0512279142126903,5.122791421269031,0.0595238095238095,5.95238095238095,41970.35683297181,5854.933008102373,4.008695652173913,0.5739130434782609,57.391304347826086,0.0,0.0,14599.5,0.4813698630136986,lower digital concentration
104011080,Grafton,Grafton,New South Wales,Rest of NSW,-29.67718686275919,152.93546225347757,534.0,79.0,0.0417840375586854,4.17840375586854,0.0657785179017485,6.577851790174851,27601.52808988764,-5390.34675361784,6.7594936708860756,0.430379746835443,43.0379746835443,0.0,0.0,9992.0,0.4964065708418891,lower digital concentration
104011082,Maclean - Yamba - Iluka,Maclean - Yamba - Iluka,New South Wales,Rest of NSW,-29.420437577642094,153.26620784740163,544.0,151.0,0.052601044285438,5.2601044285438,0.1007338225483655,10.07338225483655,28485.740808823528,773.246030250717,3.6026490066225167,0.5364238410596026,53.64238410596026,0.0198675496688741,1.98675496688741,11689.0,0.4981029167654731,lower digital concentration
104021083,Bellingen,Bellingen,New South Wales,Rest of NSW,-30.44799982765047,152.72000171062103,260.0,106.0,0.0671834625322997,6.718346253229971,0.1648522550544323,16.48522550544323,35826.0,8697.616279069767,2.452830188679245,0.5566037735849056,55.660377358490564,0.0283018867924528,2.83018867924528,8499.5,0.5260581629714944,digitally specialised
104021084,Coffs Harbour - North,Coffs Harbour - North,New South Wales,Rest of NSW,-30.28213551326212,153.1042089130664,677.0,134.0,0.0485304659498207,4.853046594982071,0.1019786910197869,10.197869101978691,34008.087149187595,5866.5161456033675,5.052238805970149,0.5746268656716418,57.46268656716418,0.0,0.0,7493.0,0.4930501174628034,lower digital concentration
104021085,Coffs Harbour - South,Coffs Harbour - South,New South Wales,Rest of NSW,-30.31514135055491,153.09581452554386,411.0,177.0,0.0504480176752178,5.04480176752178,0.1230876216968011,12.30876216968011,30691.47201946472,2988.981041190509,2.3220338983050848,0.4180790960451977,41.80790960451977,0.03954802259887,3.954802259887,6010.0,0.5027331456021202,lower digital concentration
104021088,Korora - Emerald Beach,Korora - Emerald Beach,New South Wales,Rest of NSW,-30.206094688525457,153.1408360767896,522.0,134.0,0.0662100456621004,6.62100456621004,0.1474147414741474,14.74147414741474,48160.66379310345,13152.408719536732,3.8955223880597014,0.5895522388059702,58.95522388059702,0.0223880597014925,2.23880597014925,14865.0,0.5103292446739832,lower digital concentration
104021089,Sawtell - Boambee,Sawtell - Boambee,New South Wales,Rest of NSW,-30.37610781510576,153.03711750966804,768.0,136.0,0.0530863344162576,5.3086334416257595,0.1075098814229249,10.75098814229249,39854.64453125,8176.754609358799,5.647058823529412,0.4485294117647059,44.85294117647059,0.0,0.0,9851.0,0.5017584994138335,lower digital concentration
104021091,Woolgoolga - Arrawarra,Woolgoolga - Arrawarra,New South Wales,Rest of NSW,-30.027690506269106,153.16691016504694,566.0,99.0,0.0483554036736437,4.83554036736437,0.0885509838998211,8.85509838998211,32898.675795053,7415.224406757399,5.717171717171717,0.5757575757575758,57.57575757575758,0.0303030303030303,3.03030303030303,7732.0,0.494687535702045,lower digital concentration
105021097,Broken Hill,Broken Hill,New South Wales,Rest of NSW,-31.94401689612144,141.47927526050978,597.0,49.0,0.0496176861702127,4.96176861702127,0.0524625267665952,5.24625267665952,11208.273869346736,-30321.861561171885,12.183673469387756,0.5306122448979592,53.06122448979592,0.0,0.0,18020.0,0.4872328767123288,lower digital concentration
105031101,Dubbo - South,Dubbo - South,New South Wales,Rest of NSW,-32.267131279262266,148.6285510523197,810.0,184.0,0.0455927051671732,4.55927051671732,0.0965879265091863,9.65879265091863,41702.21111111111,5800.845412585833,4.4021739130434785,0.4619565217391304,46.19565217391304,0.0,0.0,13457.0,0.5073366669399131,lower digital concentration
106011107,Branxton - Greta - Pokolbin,Branxton - Greta - Pokolbin,New South Wales,Rest of NSW,-32.70983471504231,151.32553072692627,699.0,121.0,0.059027191352812,5.9027191352812,0.100248550124275,10.0248550124275,46290.663805436336,1627.8264468820344,5.776859504132231,0.5702479338842975,57.02479338842975,0.0,0.0,37946.0,0.4812003736571695,lower digital concentration
106011108,Cessnock,Cessnock,New South Wales,Rest of NSW,-32.83194869365852,151.36208523322074,668.0,89.0,0.0397004635682871,3.9700463568287105,0.0914696813977389,9.14696813977389,39648.706586826345,5558.970761318204,7.50561797752809,0.5393258426966292,53.93258426966292,0.0337078651685393,3.3707865168539297,22960.0,0.492798353909465,lower digital concentration
106011111,Kurri Kurri - Abermain,Kurri Kurri - Abermain,New South Wales,Rest of NSW,-32.80066268335768,151.46112720498218,761.0,65.0,0.0447857815442561,4.47857815442561,0.0798525798525798,7.985257985257981,45310.22864651774,8668.542411819057,11.707692307692309,0.5692307692307692,56.92307692307692,0.0461538461538461,4.61538461538461,24093.5,0.4847921595133491,large-employer / job-heavy hub
106011112,Singleton,Singleton,New South Wales,Rest of NSW,-32.5752045823232,151.17727692406385,674.0,105.0,0.0475887876862246,4.75887876862246,0.0909878682842287,9.09878682842287,43121.94807121662,-5714.948984491915,6.419047619047619,0.4952380952380952,49.52380952380952,0.0380952380952381,3.8095238095238098,47336.0,0.4534964000394516,lower digital concentration
106021116,Maitland - North,Maitland - North,New South Wales,Rest of NSW,-32.67704389529709,151.5790308397943,540.0,88.0,0.0780459603989015,7.804596039890151,0.1466666666666666,14.66666666666666,53120.694444444445,7479.154915610801,6.136363636363637,0.4545454545454545,45.454545454545446,0.0,0.0,34102.0,0.5004737540269092,lower digital concentration
106021614,East Maitland - Metford,East Maitland - Metford,New South Wales,Rest of NSW,-32.76983284747032,151.58997242293188,994.0,138.0,0.068433734939759,6.8433734939759,0.1269549218031278,12.695492180312781,48280.23943661972,8943.778679304742,7.202898550724638,0.4057971014492754,40.57971014492754,0.0217391304347826,2.1739130434782603,22469.0,0.4892963425170394,lower digital concentration
106021615,Rutherford (North) - Aberglasslyn,Rutherford (North) - Aberglasslyn,New South Wales,Rest of NSW,-32.6704213762612,151.48088091143933,788.0,102.0,0.0517331932773109,5.17331932773109,0.1122112211221122,11.22112211221122,45372.48984771573,4760.725896822878,7.725490196078432,0.5294117647058824,52.94117647058824,0.0,0.0,31095.0,0.4950197331328698,lower digital concentration
106021618,Thornton - Millers Forest,Thornton - Millers Forest,New South Wales,Rest of NSW,-32.76293961919494,151.66947709442064,893.0,119.0,0.0624213616664336,6.24213616664336,0.1133333333333333,11.33333333333333,53872.46360582307,9987.673063393318,7.504201680672269,0.3445378151260504,34.45378151260504,0.0672268907563025,6.72268907563025,29906.0,0.4929536957146966,lower digital concentration
106031121,Nelson Bay Peninsula,Nelson Bay Peninsula,New South Wales,Rest of NSW,-32.73650992888774,152.12666876195934,848.0,246.0,0.0604203776273601,6.04203776273601,0.1431064572425829,14.31064572425829,47316.72641509434,15526.653347762664,3.4471544715447155,0.5650406504065041,56.50406504065041,0.0,0.0,17594.0,0.4995885526195483,lower digital concentration
106031122,Raymond Terrace,Raymond Terrace,New South Wales,Rest of NSW,-32.77036573755178,151.75666025585335,518.0,63.0,0.0465116279069767,4.65116279069767,0.0660377358490566,6.60377358490566,40924.62258687259,7946.067096165934,8.222222222222221,0.3968253968253968,39.682539682539684,0.1111111111111111,11.11111111111111,20315.5,0.4793794930003783,lower digital concentration
106031125,Williamtown - Medowie - Karuah,Williamtown - Medowie - Karuah,New South Wales,Rest of NSW,-32.71710033670863,151.89328586224073,737.0,87.0,0.0624311732316814,6.24311732316814,0.0934479054779806,9.344790547798059,52970.94029850746,13590.466092662486,8.471264367816092,0.4367816091954023,43.67816091954023,0.0344827586206896,3.44827586206896,27871.5,0.4792554384391119,lower digital concentration
107011131,Dapto - Avondale,Dapto - Avondale,New South Wales,Rest of NSW,-34.52247871276988,150.766537724941,1004.0,118.0,0.0575391139893403,5.75391139893403,0.1059245960502693,10.59245960502693,45981.78087649403,6794.051465066441,8.508474576271187,0.4745762711864407,47.45762711864407,0.0,0.0,23506.0,0.4829880538333585,lower digital concentration
107011132,Horsley - Kembla Grange,Horsley - Kembla Grange,New South Wales,Rest of NSW,-34.477460523746934,150.76419766223648,766.0,68.0,0.073357594330588,7.3357594330588,0.1362725450901803,13.62725450901803,50204.55352480418,4572.656378663589,11.264705882352942,0.4558823529411764,45.58823529411764,0.0,0.0,31508.0,0.5050787201625191,large-employer / job-heavy hub
107011134,Unanderra - Mount Kembla,Unanderra - Mount Kembla,New South Wales,Rest of NSW,-34.44192881106303,150.8241243078588,918.0,140.0,0.080802746237127,8.080274623712699,0.1087801087801087,10.87801087801087,52358.055555555555,8429.449755009831,6.557142857142857,0.4714285714285714,47.14285714285714,0.0428571428571428,4.28571428571428,26726.0,0.489317948132069,lower digital concentration
107011545,Berkeley - Lake Heights - Cringila,Berkeley - Lake Heights - Cringila,New South Wales,Rest of NSW,-34.47791632643174,150.84608103499696,535.0,41.0,0.0567217981340118,5.67217981340118,0.0647709320695102,6.477093206951021,47489.52056074766,13674.023264310004,13.048780487804878,0.5853658536585366,58.536585365853654,0.0,0.0,19539.5,0.4606458828463581,lower digital concentration
107031136,Albion Park - Macquarie Pass,Albion Park - Macquarie Pass,New South Wales,Rest of NSW,-34.576800781772995,150.71916230267476,963.0,98.0,0.0580750211072247,5.80750211072247,0.109375,10.9375,54883.86915887851,9887.97985119548,9.826530612244898,0.4183673469387755,41.836734693877546,0.0,0.0,31928.5,0.5009214005288037,large-employer / job-heavy hub
107031138,Kiama,Kiama,New South Wales,Rest of NSW,-34.68178871033519,150.8434673045293,468.0,136.0,0.0832592065468777,8.32592065468777,0.1723700887198986,17.237008871989858,48230.166666666664,8921.688548894024,3.4411764705882355,0.5294117647058824,52.94117647058824,0.0,0.0,23642.5,0.5103139013452915,digitally specialised
107031140,Kiama Hinterland - Gerringong,Kiama Hinterland - Gerringong,New South Wales,Rest of NSW,-34.68904687565185,150.7541595703466,490.0,140.0,0.0891071103837061,8.910711038370609,0.1560758082497212,15.60758082497212,52182.489795918365,13791.118364749062,3.5,0.6071428571428571,60.71428571428571,0.0214285714285714,2.14285714285714,23270.0,0.4928888888888889,digitally specialised
107031141,Shellharbour - Flinders,Shellharbour - Flinders,New South Wales,Rest of NSW,-34.60211568673214,150.83191706345988,1014.0,168.0,0.0653055967025181,6.530559670251811,0.1428571428571428,14.28571428571428,52822.483234714,8860.142570065327,6.035714285714286,0.5416666666666666,54.166666666666664,0.0178571428571428,1.78571428571428,34000.5,0.5011455239711498,emerging growth corridor
107031143,Warilla,Warilla,New South Wales,Rest of NSW,-34.5548166574146,150.8542067880938,692.0,86.0,0.0512516664197896,5.12516664197896,0.1032412965186074,10.32412965186074,46495.491329479766,9232.28061995525,8.046511627906977,0.5581395348837209,55.81395348837209,0.0,0.0,19872.5,0.490194165284418,lower digital concentration
107041144,Balgownie - Fairy Meadow,Balgownie - Fairy Meadow,New South Wales,Rest of NSW,-34.39167659874509,150.88536230076562,1494.0,230.0,0.0933983495873968,9.339834958739681,0.1494476933073424,14.944769330734239,49724.77911646586,10725.393301262062,6.495652173913044,0.5608695652173913,56.086956521739125,0.0,0.0,19792.0,0.4889327738007076,emerging growth corridor
107041145,Corrimal - Tarrawanna - Bellambi,Corrimal - Tarrawanna - Bellambi,New South Wales,Rest of NSW,-34.37085644220834,150.89710688503808,933.0,128.0,0.0798801369863013,7.988013698630129,0.1302136317395727,13.02136317395727,45255.845659163984,3995.5572173831606,7.2890625,0.4765625,47.65625,0.0234375,2.34375,21801.0,0.5053799596503026,lower digital concentration
107041146,Figtree - Keiraville,Figtree - Keiraville,New South Wales,Rest of NSW,-34.419130670297754,150.8546535452702,1643.0,216.0,0.0912321616969293,9.12321616969293,0.173215717722534,17.3215717722534,48318.34570906877,9664.556076107474,7.606481481481482,0.4907407407407407,49.07407407407407,0.0185185185185185,1.85185185185185,18733.5,0.4818637349487697,emerging growth corridor
107041147,Helensburgh,Helensburgh,New South Wales,Rest of NSW,-34.186455239198665,150.9531608336819,797.0,147.0,0.1116246498599439,11.16246498599439,0.1882202304737516,18.82202304737516,58931.10476787955,11276.358759476192,5.421768707482993,0.5578231292517006,55.78231292517006,0.0,0.0,33039.0,0.4928759894459102,digitally specialised
107041148,Thirroul - Austinmer - Coalcliff,Thirroul - Austinmer - Coalcliff,New South Wales,Rest of NSW,-34.28916836030114,150.93798776803027,1277.0,287.0,0.1421099488092588,14.210994880925881,0.2450896669513236,24.508966695132358,53909.03837118246,8718.491910020653,4.449477351916376,0.5644599303135889,56.44599303135889,0.0,0.0,28606.0,0.4985200845665962,emerging growth corridor
107041150,Woonona - Bulli - Russell Vale,Woonona - Bulli - Russell Vale,New South Wales,Rest of NSW,-34.34064185107001,150.90381958216585,1485.0,247.0,0.097761685319289,9.7761685319289,0.1925175370226032,19.25175370226032,55109.51111111111,8244.083263843175,6.012145748987854,0.5101214574898786,51.012145748987855,0.0161943319838056,1.6194331983805599,31805.0,0.502020202020202,emerging growth corridor
107041548,Wollongong - East,Wollongong - East,New South Wales,Rest of NSW,-34.42511027893123,150.89607512970414,1611.0,444.0,0.1100259527386969,11.00259527386969,0.1622214103032517,16.222141030325172,45398.274674115455,11070.64689102571,3.6283783783783785,0.4031531531531531,40.31531531531531,0.0472972972972973,4.72972972972973,13458.0,0.4919315403422983,emerging growth corridor
107041549,Wollongong - West,Wollongong - West,New South Wales,Rest of NSW,-34.428811661919724,150.87820448889013,1384.0,150.0,0.093621051207468,9.3621051207468,0.1270110076206604,12.701100762066039,47349.16221098266,13805.222584384535,9.226666666666668,0.5333333333333333,53.333333333333336,0.0,0.0,10351.0,0.4744315456202629,emerging growth corridor
108041162,Laurieton - Bonny Hills,Laurieton - Bonny Hills,New South Wales,Rest of NSW,-31.61862083632614,152.69330864251003,462.0,117.0,0.0421186981493299,4.21186981493299,0.1036315323294951,10.363153232949509,36199.23376623377,5879.65290197996,3.948717948717949,0.6153846153846154,61.53846153846154,0.0,0.0,8576.0,0.5101232892206764,lower digital concentration
108041164,Port Macquarie - West,Port Macquarie - West,New South Wales,Rest of NSW,-31.4378819370562,152.8604392847374,662.0,166.0,0.0443878235215234,4.43878235215234,0.0951289398280802,9.51289398280802,35541.20392749245,5658.856301101136,3.987951807228915,0.4939759036144578,49.39759036144578,0.0,0.0,9792.0,0.5182871627738548,lower digital concentration
108041619,Port Macquarie - East,Port Macquarie - East,New South Wales,Rest of NSW,-31.454378611468048,152.9244291143132,561.0,181.0,0.0620300751879699,6.20300751879699,0.1362951807228915,13.629518072289152,41038.01515151515,9903.071874204226,3.0994475138121547,0.4088397790055249,40.88397790055249,0.0,0.0,10393.5,0.5072140413505876,lower digital concentration
108041620,Port Macquarie - South,Port Macquarie - South,New South Wales,Rest of NSW,-31.48377076100988,152.89352262330678,640.0,136.0,0.0539310693519844,5.39310693519844,0.1221922731356693,12.21922731356693,45055.259375,10847.109210678776,4.705882352941177,0.5073529411764706,50.73529411764706,0.0,0.0,9824.5,0.5101325446379669,lower digital concentration
108051169,Taree,Taree,New South Wales,Rest of NSW,-31.90930350579616,152.46697119369892,479.0,108.0,0.0374394247303423,3.74394247303423,0.082442748091603,8.2442748091603,34548.43841336117,4621.249144954101,4.435185185185185,0.4629629629629629,46.29629629629629,0.0,0.0,8419.0,0.5014776317130337,lower digital concentration
109011172,Albury - East,Albury - East,New South Wales,Rest of NSW,-36.05963628649262,147.01362939512123,904.0,142.0,0.0583376355188435,5.83376355188435,0.10790273556231,10.790273556231,47615.85840707965,10733.583981421412,6.366197183098592,0.5633802816901409,56.33802816901409,0.0211267605633802,2.11267605633802,19140.5,0.5021222794184051,lower digital concentration
109011174,Albury - South,Albury - South,New South Wales,Rest of NSW,-36.061640832474616,146.86737925985142,573.0,240.0,0.0688370975492551,6.88370975492551,0.1221995926680244,12.219959266802439,38005.65445026178,5697.663880824013,2.3875,0.4541666666666666,45.41666666666666,0.0208333333333333,2.08333333333333,8953.0,0.5046652479947619,lower digital concentration
109011175,Albury Surrounds,Albury Surrounds,New South Wales,Rest of NSW,-35.7564505576979,147.18396340070507,557.0,76.0,0.0584163607760881,5.841636077608809,0.0442890442890442,4.42890442890442,42460.49012567325,11274.004965736174,7.328947368421052,0.5394736842105263,53.94736842105263,0.0394736842105263,3.94736842105263,16694.0,0.4819245431839095,lower digital concentration
109011176,Lavington,Lavington,New South Wales,Rest of NSW,-36.03166488630484,146.9414829057681,531.0,77.0,0.0419596997234294,4.19596997234294,0.0796277145811789,7.96277145811789,28203.186440677968,-431.8814771410762,6.896103896103896,0.5974025974025974,59.74025974025974,0.0,0.0,15294.5,0.4801888965676111,lower digital concentration
110011186,Armidale,Armidale,New South Wales,Rest of NSW,-30.503115793812448,151.66779693922967,1032.0,240.0,0.0566410537870472,5.66410537870472,0.1171875,11.71875,36089.782945736435,6111.035552761681,4.3,0.5958333333333333,59.583333333333336,0.025,2.5,7913.0,0.5026073619631902,lower digital concentration
110041202,Tamworth - East,Tamworth - East,New South Wales,Rest of NSW,-31.155421041320785,150.95504382645487,663.0,87.0,0.0389541715628672,3.89541715628672,0.0729253981559094,7.29253981559094,37266.39366515837,2966.538700411016,7.620689655172414,0.6206896551724138,62.06896551724138,0.0,0.0,11364.5,0.4877712989957888,lower digital concentration
110041203,Tamworth - North,Tamworth - North,New South Wales,Rest of NSW,-31.092225241468608,150.96163382142964,665.0,174.0,0.0498725063746812,4.98725063746812,0.1069452980946527,10.69452980946527,39062.57142857143,3209.002657010009,3.82183908045977,0.4482758620689655,44.827586206896555,0.0172413793103448,1.72413793103448,9392.5,0.4958394008737258,lower digital concentration
110041205,Tamworth Surrounds,Tamworth Surrounds,New South Wales,Rest of NSW,-30.875818455232928,150.87822926661565,664.0,133.0,0.0464011180992313,4.64011180992313,0.0526941362916006,5.26941362916006,37374.66265060241,522.0870740824976,4.992481203007519,0.6240601503759399,62.40601503759399,0.0,0.0,13570.0,0.4887205097296366,lower digital concentration
111011206,Belmont - Bennetts Green,Belmont - Bennetts Green,New South Wales,Rest of NSW,-33.01892772518167,151.67838466772335,841.0,135.0,0.0635964912280701,6.35964912280701,0.1057993730407523,10.57993730407523,49029.92687277051,9888.635319533976,6.229629629629629,0.4666666666666667,46.666666666666664,0.0,0.0,22711.0,0.4936040609137055,lower digital concentration
111011208,Charlestown - Dudley,Charlestown - Dudley,New South Wales,Rest of NSW,-32.97578618482975,151.70801233047916,1698.0,286.0,0.0843810565025095,8.43810565025095,0.1363853123509776,13.638531235097759,58349.51825677267,17285.95492128592,5.937062937062937,0.4405594405594406,44.05594405594406,0.0174825174825174,1.7482517482517401,21535.0,0.5002352308622892,lower digital concentration
111011209,Glendale - Cardiff - Hillsborough,Glendale - Cardiff - Hillsborough,New South Wales,Rest of NSW,-32.942285047206475,151.65985244877254,1391.0,181.0,0.0709476690808936,7.09476690808936,0.1067216981132075,10.67216981132075,55233.58914450036,14421.31246899286,7.685082872928176,0.4530386740331492,45.30386740331492,0.0165745856353591,1.65745856353591,21844.5,0.4896412680756396,lower digital concentration
111011212,Swansea - Caves Beach,Swansea - Caves Beach,New South Wales,Rest of NSW,-33.130158696146744,151.62640980293395,542.0,112.0,0.0638623777542123,6.38623777542123,0.1423125794155019,14.23125794155019,50252.40959409594,9085.408651477816,4.839285714285714,0.4732142857142857,47.32142857142857,0.0,0.0,20790.0,0.4832680132649985,lower digital concentration
111011213,Valentine - Eleebana,Valentine - Eleebana,New South Wales,Rest of NSW,-33.00479371660225,151.64526428967838,815.0,144.0,0.0865823860618293,8.65823860618293,0.1696113074204947,16.96113074204947,61206.36809815951,14876.21400275953,5.659722222222222,0.4513888888888889,45.13888888888889,0.0,0.0,31154.5,0.5011655011655012,digitally specialised
111011214,Warners Bay - Boolaroo,Warners Bay - Boolaroo,New South Wales,Rest of NSW,-32.963257322756384,151.64104766153528,825.0,181.0,0.0707789979409746,7.07789979409746,0.1398763523956723,13.987635239567231,50551.88787878788,8216.725044196253,4.558011049723757,0.425414364640884,42.5414364640884,0.0220994475138121,2.2099447513812103,23920.5,0.5060919540229885,lower digital concentration
111021217,Edgeworth - Cameron Park,Edgeworth - Cameron Park,New South Wales,Rest of NSW,-32.91373342006237,151.61474643013085,826.0,91.0,0.0578067044579746,5.78067044579746,0.1151898734177215,11.51898734177215,55779.43280871671,13499.325943295757,9.076923076923077,0.4065934065934066,40.65934065934066,0.0,0.0,24614.0,0.4939239513916111,lower digital concentration
111021218,Morisset - Cooranbong,Morisset - Cooranbong,New South Wales,Rest of NSW,-33.08267337171631,151.45344455521047,806.0,146.0,0.0596771805123648,5.96771805123648,0.101813110181311,10.181311018131101,41972.82754342432,9031.823619242474,5.52054794520548,0.4041095890410959,40.41095890410959,0.0205479452054794,2.05479452054794,19743.0,0.4950156372165754,emerging growth corridor
111021219,Toronto - Awaba,Toronto - Awaba,New South Wales,Rest of NSW,-33.016264852279896,151.55892860678583,697.0,148.0,0.0724908996359854,7.24908996359854,0.1511746680286006,15.117466802860061,49052.954088952654,12361.28752629015,4.70945945945946,0.4391891891891892,43.91891891891892,0.0,0.0,21728.0,0.4931525798865679,digitally specialised
111031222,Adamstown - Kotara,Adamstown - Kotara,New South Wales,Rest of NSW,-32.94417237575244,151.71175183961233,1384.0,197.0,0.0976918190160231,9.76918190160231,0.1498098859315589,14.980988593155889,60045.28973988439,16932.166001619407,7.025380710659898,0.365482233502538,36.5482233502538,0.015228426395939,1.5228426395939,21958.0,0.5010665115377158,lower digital concentration
111031224,Hamilton - Broadmeadow,Hamilton - Broadmeadow,New South Wales,Rest of NSW,-32.924312637780524,151.74076580545892,1068.0,345.0,0.0987791342952275,9.87791342952275,0.181578947368421,18.1578947368421,54824.89606741573,17948.023379661383,3.0956521739130434,0.4028985507246377,40.28985507246377,0.0579710144927536,5.7971014492753605,11996.5,0.4954754098360656,emerging growth corridor
111031225,Lambton - New Lambton,Lambton - New Lambton,New South Wales,Rest of NSW,-32.92403561486448,151.7045405148279,1331.0,217.0,0.0912956992935043,9.12956992935043,0.1492434662998624,14.92434662998624,49832.18632607062,8115.262737347119,6.1336405529953915,0.4746543778801843,47.46543778801843,0.0184331797235023,1.84331797235023,18466.5,0.5091619384243327,emerging growth corridor
111031226,Maryland - Fletcher - Minmi,Maryland - Fletcher - Minmi,New South Wales,Rest of NSW,-32.87546511043446,151.63803853578352,997.0,100.0,0.0695403501429866,6.954035014298659,0.1285347043701799,12.85347043701799,53268.0516549649,12777.973953911678,9.97,0.49,49.0,0.0,0.0,24844.0,0.4944894177313957,large-employer / job-heavy hub
111031227,Mayfield - Warabrook,Mayfield - Warabrook,New South Wales,Rest of NSW,-32.89158871623811,151.7303264583114,1083.0,164.0,0.0825834985511666,8.258349855116661,0.1451327433628318,14.51327433628318,51823.23868882733,14105.15290264463,6.603658536585366,0.4085365853658536,40.85365853658536,0.048780487804878,4.8780487804878,11845.5,0.4990801861270425,lower digital concentration
111031228,Merewether - The Junction,Merewether - The Junction,New South Wales,Rest of NSW,-32.94725233505858,151.7434442062076,1396.0,351.0,0.1123179660471478,11.23179660471478,0.1984171848501978,19.84171848501978,59407.43839541548,18688.012576765548,3.977207977207977,0.5128205128205128,51.28205128205128,0.0227920227920227,2.27920227920227,23094.5,0.4966267682263329,emerging growth corridor
111031229,Newcastle - Cooks Hill,Newcastle - Cooks Hill,New South Wales,Rest of NSW,-32.93102162998206,151.77422808213524,1476.0,604.0,0.1197274497079818,11.97274497079818,0.2067785005135227,20.67785005135227,51762.93089430894,14022.570495217442,2.443708609271523,0.48841059602649,48.841059602649004,0.0364238410596026,3.64238410596026,13308.5,0.4977313974591651,emerging growth corridor
111031231,Shortland - Jesmond,Shortland - Jesmond,New South Wales,Rest of NSW,-32.881847367450774,151.69591058313998,712.0,55.0,0.0628364663313035,6.283646633130351,0.0783475783475783,7.83475783475783,33676.82865168539,13051.514292846809,12.945454545454544,0.509090909090909,50.90909090909091,0.0545454545454545,5.45454545454545,9291.0,0.4475200224813826,lower digital concentration
111031233,Wallsend - Elermore Vale,Wallsend - Elermore Vale,New South Wales,Rest of NSW,-32.90328330130938,151.65605376475042,1174.0,141.0,0.0710395740045988,7.10395740045988,0.1315298507462686,13.15298507462686,50410.209114139696,13068.174290225865,8.326241134751774,0.425531914893617,42.5531914893617,0.0212765957446808,2.1276595744680797,16977.5,0.503140383636055,lower digital concentration
111031234,Waratah - North Lambton,Waratah - North Lambton,New South Wales,Rest of NSW,-32.904016667775394,151.71754621128977,895.0,78.0,0.0799892751809813,7.99892751809813,0.1295681063122923,12.95681063122923,50455.53966480447,14485.789597774354,11.474358974358974,0.4871794871794871,48.71794871794871,0.0384615384615384,3.84615384615384,10266.5,0.4887676925074665,large-employer / job-heavy hub
111031235,Wickham - Carrington - Tighes Hill,Wickham - Carrington - Tighes Hill,New South Wales,Rest of NSW,-32.91279877388932,151.75508360908245,933.0,177.0,0.1016339869281045,10.16339869281045,0.1749011857707509,17.49011857707509,47467.56162915327,8634.662881876582,5.271186440677966,0.4689265536723164,46.89265536723164,0.03954802259887,3.954802259887,13543.0,0.5084507042253521,emerging growth corridor
112011236,Ballina,Ballina,New South Wales,Rest of NSW,-28.847237206442117,153.5547944710784,665.0,178.0,0.0558870493318766,5.5887049331876595,0.1001688238604389,10.016882386043891,36231.112781954886,6494.759096771257,3.735955056179775,0.5224719101123596,52.24719101123596,0.0337078651685393,3.3707865168539297,7418.5,0.5077681345762348,lower digital concentration
112011237,Ballina Surrounds,Ballina Surrounds,New South Wales,Rest of NSW,-28.860034326741633,153.47192488755405,887.0,240.0,0.0668425018839487,6.684250188394871,0.1130475741874705,11.30475741874705,36954.2266065389,5742.474910985016,3.6958333333333337,0.5333333333333333,53.333333333333336,0.0125,1.25,9437.0,0.4952847633136095,emerging growth corridor
112011238,Bangalow,Bangalow,New South Wales,Rest of NSW,-28.673362319588026,153.5008429313974,604.0,231.0,0.1034246575342465,10.34246575342465,0.1739457831325301,17.39457831325301,32082.46357615894,11609.841144652091,2.6147186147186146,0.6147186147186147,61.471861471861466,0.0,0.0,11071.5,0.5042426813746288,emerging growth corridor
112011239,Brunswick Heads - Ocean Shores,Brunswick Heads - Ocean Shores,New South Wales,Rest of NSW,-28.547292687422434,153.5434635499165,580.0,168.0,0.0869956502174891,8.69956502174891,0.168,16.8,33878.35603448276,10414.47287864055,3.452380952380953,0.625,62.5,0.0,0.0,11272.5,0.5334176300578035,emerging growth corridor
112011240,Byron Bay,Byron Bay,New South Wales,Rest of NSW,-28.68101472094767,153.60015966523721,1142.0,381.0,0.0871290150301365,8.712901503013649,0.1704697986577181,17.04697986577181,23869.761821366024,10915.143335060997,2.9973753280839897,0.5748031496062992,57.48031496062992,0.0078740157480314,0.7874015748031401,9900.0,0.5292397660818714,emerging growth corridor
112011242,Lennox Head - Skennars Head,Lennox Head - Skennars Head,New South Wales,Rest of NSW,-28.787425478670198,153.58387556147872,716.0,188.0,0.0924825626453113,9.248256264531129,0.1654929577464788,16.54929577464788,44019.32122905028,11743.51801282708,3.808510638297872,0.5425531914893617,54.25531914893617,0.0,0.0,13330.5,0.5195141700404858,digitally specialised
112011243,Mullumbimby,Mullumbimby,New South Wales,Rest of NSW,-28.547861847927464,153.44295737543544,561.0,206.0,0.0901349614395886,9.01349614395886,0.1596899224806201,15.968992248062012,28411.13368983957,10076.06725346425,2.7233009708737863,0.587378640776699,58.7378640776699,0.0,0.0,9600.0,0.5126705653021443,emerging growth corridor
112021248,Lismore,Lismore,New South Wales,Rest of NSW,-28.819496272860842,153.28599217378226,553.0,165.0,0.0538199513381995,5.3819951338199505,0.1073519843851659,10.735198438516589,36384.23417721519,6716.686050694512,3.3515151515151516,0.5393939393939394,53.939393939393945,0.0424242424242424,4.2424242424242395,5799.0,0.4972628898790579,lower digital concentration
112021249,Lismore Surrounds,Lismore Surrounds,New South Wales,Rest of NSW,-28.750741763318345,153.26981334953436,700.0,196.0,0.0649772579597141,6.49772579597141,0.0887279311905839,8.872793119058391,36236.58285714286,5641.106016894086,3.5714285714285716,0.6377551020408163,63.775510204081634,0.0,0.0,3107.0,0.4886233766233766,emerging growth corridor
112031250,Kingscliff - Fingal Head,Kingscliff - Fingal Head,New South Wales,Rest of NSW,-28.2581687853791,153.55204187883857,934.0,299.0,0.089532208588957,8.9532208588957,0.1766095688127584,17.66095688127584,38171.34047109208,7642.801600309871,3.1237458193979935,0.5484949832775919,54.84949832775919,0.0,0.0,15771.0,0.5135337408007984,emerging growth corridor
112031252,Murwillumbah Surrounds,Murwillumbah Surrounds,New South Wales,Rest of NSW,-28.37870981658821,153.2972568282543,468.0,130.0,0.0689858490566037,6.898584905660369,0.1145374449339207,11.45374449339207,31803.83760683761,5765.251006012135,3.6,0.6615384615384615,66.15384615384615,0.0,0.0,12609.0,0.4814246762099523,lower digital concentration
112031253,Pottsville,Pottsville,New South Wales,Rest of NSW,-28.400261400999586,153.50847519174488,756.0,180.0,0.0775225594749794,7.75225594749794,0.1458670988654781,14.58670988654781,36728.5,7198.525174323215,4.2,0.6055555555555555,60.55555555555555,0.0,0.0,17774.5,0.5145966709346991,emerging growth corridor
112031254,Tweed Heads,Tweed Heads,New South Wales,Rest of NSW,-28.216817446678526,153.44956756913177,1037.0,211.0,0.0691794529686457,6.91794529686457,0.1247044917257683,12.47044917257683,34169.051108968175,5860.485698694658,4.914691943127962,0.6113744075829384,61.137440758293835,0.0,0.0,13379.0,0.5058918050348152,emerging growth corridor
112031550,Banora Point,Banora Point,New South Wales,Rest of NSW,-28.222063033608862,153.5362993020228,686.0,116.0,0.0593374275581697,5.93374275581697,0.1294642857142857,12.94642857142857,35770.4555393586,3825.929287304276,5.913793103448276,0.6206896551724138,62.06896551724138,0.0,0.0,13944.5,0.5200316885468538,lower digital concentration
113011256,Griffith (NSW),Griffith (NSW),New South Wales,Rest of NSW,-34.28122062844464,146.04847676048152,681.0,165.0,0.0339210998206814,3.39210998206814,0.0729442970822281,7.29442970822281,33543.052863436125,2636.2034661458274,4.127272727272727,0.5515151515151515,55.15151515151515,0.0424242424242424,4.2424242424242395,13038.0,0.4649361523969018,lower digital concentration
113031267,Wagga Wagga - East,Wagga Wagga - East,New South Wales,Rest of NSW,-35.14986194877587,147.40109092061613,625.0,99.0,0.0450807847663012,4.5080784766301205,0.0646636185499673,6.46636185499673,41754.7712,6606.822015060592,6.313131313131313,0.6060606060606061,60.60606060606061,0.0707070707070707,7.07070707070707,14680.5,0.4960979946656129,lower digital concentration
113031269,Wagga Wagga - South,Wagga Wagga - South,New South Wales,Rest of NSW,-35.15365654827981,147.33975489844582,768.0,85.0,0.0400793236614132,4.00793236614132,0.0804924242424242,8.04924242424242,38032.538411458336,3173.1302338150854,9.03529411764706,0.6,60.0,0.0352941176470588,3.52941176470588,12910.5,0.4989927628142953,lower digital concentration
113031270,Wagga Wagga - West,Wagga Wagga - West,New South Wales,Rest of NSW,-35.129358196623414,147.30873472399065,441.0,167.0,0.044188376753507,4.4188376753507,0.0890666666666666,8.90666666666666,39949.83219954649,8392.793121390176,2.6407185628742513,0.4251497005988024,42.51497005988024,0.0538922155688622,5.38922155688622,7345.0,0.4732681805116412,lower digital concentration
113031271,Wagga Wagga Surrounds,Wagga Wagga Surrounds,New South Wales,Rest of NSW,-35.146820983041756,147.1443144151393,546.0,74.0,0.038712422007941,3.8712422007940996,0.0349881796690307,3.49881796690307,39223.52380952381,6509.848575547632,7.378378378378378,0.7027027027027027,70.27027027027027,0.0,0.0,15956.5,0.4848710548366074,lower digital concentration
114011272,Berry - Kangaroo Valley,Berry - Kangaroo Valley,New South Wales,Rest of NSW,-34.75934942936069,150.57800201742347,520.0,158.0,0.0921332388377037,9.21332388377037,0.1486359360301034,14.863593603010338,40159.60769230769,9625.562334405497,3.2911392405063293,0.5759493670886076,57.59493670886076,0.0189873417721519,1.89873417721519,18220.5,0.4979296066252588,lower digital concentration
114011277,North Nowra - Bomaderry,North Nowra - Bomaderry,New South Wales,Rest of NSW,-34.831231350918536,150.5774125160287,674.0,105.0,0.0600713012477718,6.00713012477718,0.1035502958579881,10.35502958579881,46038.913946587534,11808.711896676656,6.419047619047619,0.5619047619047619,56.19047619047619,0.0285714285714285,2.85714285714285,17322.0,0.4907890163364616,lower digital concentration
114011278,Nowra,Nowra,New South Wales,Rest of NSW,-34.906189118164285,150.5965834604132,684.0,143.0,0.0435169868940068,4.35169868940068,0.0839694656488549,8.39694656488549,41933.241228070176,9170.832906400752,4.783216783216783,0.4195804195804196,41.95804195804196,0.0629370629370629,6.29370629370629,15430.5,0.4898417913028443,lower digital concentration
114011282,Ulladulla,Ulladulla,New South Wales,Rest of NSW,-35.343310224220005,150.4511582090622,606.0,154.0,0.0580293019247342,5.802930192473419,0.102461743180306,10.2461743180306,35852.5,8386.129177439434,3.935064935064935,0.5064935064935064,50.649350649350644,0.0,0.0,13064.5,0.505607476635514,lower digital concentration
114021284,Bowral,Bowral,New South Wales,Rest of NSW,-34.48675883382525,150.4191950677909,985.0,403.0,0.1185746960394847,11.85746960394847,0.2135665076841547,21.35665076841547,42473.60659898477,9358.600700345072,2.444168734491315,0.4813895781637717,48.13895781637717,0.0173697270471464,1.73697270471464,20912.0,0.5024689510698788,emerging growth corridor
114021286,Mittagong,Mittagong,New South Wales,Rest of NSW,-34.45916245985837,150.48705682561905,702.0,182.0,0.0862619808306709,8.62619808306709,0.1443298969072164,14.432989690721639,44828.22934472934,10741.835943402237,3.857142857142857,0.5604395604395604,56.043956043956044,0.0,0.0,19554.0,0.4959232613908872,lower digital concentration
114021287,Moss Vale - Berrima,Moss Vale - Berrima,New South Wales,Rest of NSW,-34.532499694422214,150.3726492589128,687.0,151.0,0.0863499245852187,8.63499245852187,0.1289496157130657,12.89496157130657,41080.96069868996,6990.161490545164,4.549668874172186,0.5562913907284768,55.62913907284768,0.0,0.0,18091.5,0.4932258064516129,emerging growth corridor
114021289,Southern Highlands,Southern Highlands,New South Wales,Rest of NSW,-34.46524689223301,150.24915312497544,461.0,163.0,0.0988421955403087,9.884219554030869,0.1580989330746847,15.80989330746847,40785.95444685467,7347.357534333227,2.8282208588957056,0.5276073619631901,52.760736196319016,0.0,0.0,20136.0,0.5021415973796927,digitally specialised
115011290,Baulkham Hills - East,Baulkham Hills - East,New South Wales,Greater Sydney,-33.759973594865755,150.98804389225248,2806.0,406.0,0.1504799699683595,15.04799699683595,0.1940726577437858,19.40726577437858,78482.37687099073,26675.29020825678,6.911330049261084,0.4556650246305418,45.56650246305418,0.0073891625615763,0.73891625615763,23409.0,0.4920449869702373,major digital hub
115011291,Baulkham Hills (West) - Bella Vista,Baulkham Hills (West) - Bella Vista,New South Wales,Greater Sydney,-33.7424859720946,150.96462718850225,2481.0,1090.0,0.1459755236526241,14.597552365262409,0.1800165152766308,18.00165152766308,71338.89560661025,19457.248660269943,2.276146788990826,0.3990825688073394,39.90825688073394,0.0238532110091743,2.3853211009174298,24928.0,0.4946085672082718,major digital hub
115011294,Glenhaven,Glenhaven,New South Wales,Greater Sydney,-33.70209858477818,150.99885045049606,646.0,134.0,0.1445190156599552,14.45190156599552,0.2048929663608562,20.48929663608562,60183.17647058824,13083.173786024485,4.82089552238806,0.5223880597014925,52.23880597014925,0.0,0.0,32536.0,0.4859135285913528,digitally specialised
115011296,West Pennant Hills,West Pennant Hills,New South Wales,Greater Sydney,-33.74997806756572,151.03030143871544,1711.0,355.0,0.1817119796091758,18.171197960917578,0.2466990965948575,24.66990965948575,68074.49678550556,15619.27036239596,4.819718309859155,0.5183098591549296,51.83098591549295,0.0084507042253521,0.8450704225352099,22999.5,0.4919793014230271,digitally specialised
115011553,Castle Hill - Central,Castle Hill - Central,New South Wales,Greater Sydney,-33.733574828698345,150.98789035580413,887.0,277.0,0.1480801335559265,14.80801335559265,0.1532079646017699,15.320796460176991,78710.68207440812,28749.466882421475,3.2021660649819497,0.447653429602888,44.7653429602888,0.0252707581227436,2.52707581227436,23890.0,0.4944664856963875,high-income specialist
115011554,Castle Hill - East,Castle Hill - East,New South Wales,Greater Sydney,-33.722416331209054,151.02419606980882,553.0,113.0,0.1719527363184079,17.19527363184079,0.261574074074074,26.1574074074074,75162.58951175406,23449.110966977947,4.893805309734513,0.5132743362831859,51.32743362831859,0.0,0.0,28058.0,0.4914546145081656,digitally specialised
115011555,Castle Hill - North,Castle Hill - North,New South Wales,Greater Sydney,-33.71995768294433,150.99948450471436,1418.0,272.0,0.1485438927299392,14.85438927299392,0.2004421518054532,20.04421518054532,72741.69534555712,26124.493742791565,5.213235294117647,0.5698529411764706,56.98529411764706,0.0,0.0,22394.0,0.4842576735607957,high-income specialist
115011556,Castle Hill - South,Castle Hill - South,New South Wales,Greater Sydney,-33.74162111346592,151.00965854039538,1306.0,267.0,0.1624378109452736,16.24378109452736,0.2255067567567567,22.55067567567567,73735.48315467076,25479.32594074041,4.891385767790262,0.5318352059925093,53.18352059925093,0.0112359550561797,1.12359550561797,24078.5,0.4911128903122498,high-income specialist
115011557,Castle Hill - West,Castle Hill - West,New South Wales,Greater Sydney,-33.71886207149422,150.9748810924267,643.0,145.0,0.1567145990738484,15.671459907384842,0.2650822669104204,26.50822669104204,71566.4634525661,18903.170618054763,4.43448275862069,0.5241379310344828,52.41379310344828,0.0,0.0,29322.0,0.5010660980810234,emerging growth corridor
115011558,Cherrybrook,Cherrybrook,New South Wales,Greater Sydney,-33.721950589227745,151.0461404660253,2676.0,434.0,0.1851390618513906,18.51390618513906,0.2942372881355932,29.42372881355932,85129.76121076233,31062.07150549043,6.1658986175115205,0.4907834101382488,49.078341013824875,0.0,0.0,28333.5,0.4847640605955076,major digital hub
115011621,Kellyville - East,Kellyville - East,New South Wales,Greater Sydney,-33.706333733289,150.96588189146206,2010.0,378.0,0.1376618039860283,13.766180398602831,0.2342007434944238,23.42007434944238,70928.27313432835,21391.917610734075,5.317460317460317,0.5370370370370371,53.70370370370371,0.0,0.0,29036.5,0.4999558888398764,major digital hub
115011622,Kellyville - West,Kellyville - West,New South Wales,Greater Sydney,-33.71855174812512,150.94757078578124,1542.0,218.0,0.1598590089156127,15.98590089156127,0.2039289055191768,20.39289055191768,80837.2140077821,27147.581828640483,7.073394495412844,0.463302752293578,46.330275229357795,0.0,0.0,28936.0,0.4909041542221015,high-income specialist
115021297,Dural - Kenthurst - Wisemans Ferry,Dural - Kenthurst - Wisemans Ferry,New South Wales,Greater Sydney,-33.54642505046869,150.98229324606854,1850.0,504.0,0.1143598936762069,11.43598936762069,0.1315240083507307,13.152400835073069,60879.34162162162,18121.60183674185,3.670634920634921,0.5297619047619048,52.976190476190474,0.0119047619047619,1.19047619047619,21056.0,0.4820191599115696,major digital hub
115021298,Galston - Laughtondale,Galston - Laughtondale,New South Wales,Greater Sydney,-33.549417376762456,151.0786060466125,495.0,144.0,0.1317540590896992,13.17540590896992,0.1758241758241758,17.58241758241758,54536.818181818184,14546.070776973896,3.4375,0.6041666666666666,60.416666666666664,0.0,0.0,16908.0,0.490732013823437,digitally specialised
115031300,Kurrajong Heights - Ebenezer,Kurrajong Heights - Ebenezer,New South Wales,Greater Sydney,-33.527192101295896,150.74867160966718,1202.0,244.0,0.0694356189705967,6.943561897059671,0.0919366993217784,9.19366993217784,41799.334442595675,496.6690564250312,4.926229508196721,0.5614754098360656,56.14754098360656,0.0122950819672131,1.22950819672131,22293.0,0.4826540685375828,lower digital concentration
115041301,Pitt Town - McGraths Hill,Pitt Town - McGraths Hill,New South Wales,Greater Sydney,-33.602250287744035,150.88000536371092,647.0,140.0,0.0752938438263703,7.529384382637031,0.0762942779291553,7.62942779291553,44417.37171561051,1789.1240721798094,4.621428571428571,0.4571428571428571,45.71428571428571,0.0214285714285714,2.14285714285714,22379.0,0.4733551229216995,lower digital concentration
115041623,Box Hill - Nelson,Box Hill - Nelson,New South Wales,Greater Sydney,-33.644379018653034,150.90655902057966,1781.0,192.0,0.1353754940711462,13.537549407114621,0.1819905213270142,18.19905213270142,82017.63868613138,27497.309520731564,9.276041666666666,0.4322916666666667,43.22916666666667,0.0,0.0,32601.0,0.4957431531439122,high-income specialist
115041624,North Kellyville,North Kellyville,New South Wales,Greater Sydney,-33.682952196476826,150.94850779323406,2153.0,303.0,0.1493583073187651,14.935830731876509,0.2108559498956158,21.085594989561578,80299.79400836043,25659.48984602953,7.105610561056106,0.4323432343234323,43.23432343234323,0.0,0.0,31007.0,0.497438202247191,high-income specialist
115041625,Rouse Hill - Beaumont Hills,Rouse Hill - Beaumont Hills,New South Wales,Greater Sydney,-33.684507811978726,150.93017450910526,2081.0,359.0,0.1338866370713504,13.38866370713504,0.2056128293241695,20.56128293241695,73766.98822681404,24539.887248881845,5.796657381615599,0.5571030640668524,55.71030640668524,0.0083565459610027,0.8356545961002699,29293.5,0.4938028891358236,major digital hub
116011303,Blacktown (East) - Kings Park,Blacktown (East) - Kings Park,New South Wales,Greater Sydney,-33.756835065670096,150.91155498939742,1349.0,252.0,0.082760736196319,8.2760736196319,0.0869565217391304,8.695652173913041,47111.305411415866,16519.282804053903,5.353174603174603,0.4246031746031746,42.46031746031746,0.0357142857142857,3.57142857142857,10601.5,0.4534106107891217,emerging growth corridor
116011304,Blacktown (North) - Marayong,Blacktown (North) - Marayong,New South Wales,Greater Sydney,-33.74858645795201,150.88931663227964,1426.0,135.0,0.081211914118116,8.1211914118116,0.0872093023255814,8.720930232558139,50231.14621318373,17125.59390382671,10.562962962962963,0.5777777777777777,57.77777777777777,0.0,0.0,12805.0,0.4706492263518902,large-employer / job-heavy hub
116011306,Doonside - Woodcroft,Doonside - Woodcroft,New South Wales,Greater Sydney,-33.764910465808434,150.8719601913306,1569.0,174.0,0.0765664649619363,7.65664649619363,0.1233167965981573,12.331679659815729,52488.270873167625,15993.380745312854,9.017241379310343,0.5459770114942529,54.59770114942529,0.0,0.0,10931.0,0.4686204036494332,emerging growth corridor
116011307,Lalor Park - Kings Langley,Lalor Park - Kings Langley,New South Wales,Greater Sydney,-33.76175461574595,150.93906984598544,1913.0,327.0,0.0967627718765806,9.67627718765806,0.1158342189160467,11.58342189160467,62049.40825927862,20457.892047847163,5.850152905198777,0.5565749235474006,55.65749235474006,0.0244648318042813,2.44648318042813,15714.5,0.4745934273567717,major digital hub
116011560,Blacktown - South,Blacktown - South,New South Wales,Greater Sydney,-33.786989874504165,150.90816252527907,786.0,98.0,0.0742069486404833,7.42069486404833,0.1079295154185022,10.79295154185022,44863.12213740458,10694.893757495214,8.020408163265307,0.5612244897959183,56.12244897959183,0.0,0.0,12596.5,0.4649673202614379,lower digital concentration
116011561,Blacktown - West,Blacktown - West,New South Wales,Greater Sydney,-33.77796156060446,150.89205047474852,1076.0,99.0,0.0718722864204128,7.18722864204128,0.0804878048780487,8.04878048780487,48547.06970260223,15984.107609221695,10.868686868686869,0.494949494949495,49.494949494949495,0.0,0.0,10226.0,0.4565463820139807,large-employer / job-heavy hub
116011626,Seven Hills - Prospect,Seven Hills - Prospect,New South Wales,Greater Sydney,-33.79255393424143,150.92082967098276,1204.0,160.0,0.0957150806900389,9.57150806900389,0.1156069364161849,11.56069364161849,54955.46511627907,15681.338238148848,7.525,0.55625,55.625,0.01875,1.875,10817.0,0.4610494558775994,lower digital concentration
116011627,Toongabbie - West,Toongabbie - West,New South Wales,Greater Sydney,-33.79270038302989,150.93759743068497,1169.0,127.0,0.1186802030456852,11.868020304568521,0.1306584362139917,13.06584362139917,61742.61762189906,23118.10447469094,9.20472440944882,0.5039370078740157,50.39370078740157,0.0,0.0,14823.0,0.4640090153542752,digitally specialised
116021309,Glenwood,Glenwood,New South Wales,Greater Sydney,-33.73568035371653,150.93488654330707,1861.0,247.0,0.1359187846917908,13.59187846917908,0.1711711711711711,17.117117117117107,65854.04191295002,17624.309806610552,7.534412955465587,0.5303643724696356,53.036437246963565,0.0,0.0,22847.0,0.4909901181941484,emerging growth corridor
116021563,Quakers Hill,Quakers Hill,New South Wales,Greater Sydney,-33.72412203647909,150.8907982475414,2411.0,241.0,0.1111367198303678,11.11367198303678,0.145006016847172,14.500601684717198,71411.12691829116,26906.407917645825,10.00414937759336,0.4771784232365145,47.717842323651446,0.0,0.0,21017.5,0.4881666140738403,high-income specialist
116021628,Kellyville Ridge - The Ponds,Kellyville Ridge - The Ponds,New South Wales,Greater Sydney,-33.70501405422948,150.91369156231778,2457.0,347.0,0.1449899681340729,14.498996813407288,0.206917113893858,20.6917113893858,81693.17378917379,26827.38522550094,7.0806916426512965,0.4985590778097982,49.85590778097982,0.0,0.0,33113.0,0.4914118462604945,major digital hub
116021629,Marsden Park - Shanes Park,Marsden Park - Shanes Park,New South Wales,Greater Sydney,-33.705124878215386,150.8074684708317,2186.0,257.0,0.1228365924926949,12.283659249269489,0.1789693593314763,17.89693593314763,75245.51852698994,27404.1043608852,8.505836575875486,0.5136186770428015,51.36186770428015,0.0116731517509727,1.1673151750972701,24559.0,0.4806893850372111,high-income specialist
116021630,Riverstone,Riverstone,New South Wales,Greater Sydney,-33.674452697875836,150.85351307023828,1375.0,165.0,0.101882039122703,10.1882039122703,0.121234386480529,12.1234386480529,71824.91527272727,27822.195837339008,8.333333333333334,0.4303030303030303,43.03030303030303,0.0,0.0,22953.5,0.4770173646578141,high-income specialist
116021631,Schofields (West) - Colebee,Schofields (West) - Colebee,New South Wales,Greater Sydney,-33.71267370414567,150.86077146446638,1345.0,150.0,0.13577629719362,13.577629719362,0.195567144719687,19.5567144719687,81667.69516728625,28576.1359102703,8.966666666666667,0.4133333333333333,41.33333333333333,0.0,0.0,27803.0,0.4898907103825136,high-income specialist
116021632,Schofields - East,Schofields - East,New South Wales,Greater Sydney,-33.69375570112045,150.89357038159895,4330.0,481.0,0.1626291079812206,16.26291079812206,0.2274231678486997,22.74231678486997,77436.86374133949,28969.952023029633,9.002079002079002,0.4407484407484408,44.07484407484408,0.0062370062370062,0.62370062370062,27058.0,0.4898379348572031,major digital hub
116021633,Stanhope Gardens - Parklea,Stanhope Gardens - Parklea,New South Wales,Greater Sydney,-33.718395437118446,150.9239806958677,1304.0,186.0,0.1323051948051948,13.23051948051948,0.1848906560636183,18.48906560636183,76473.78374233129,25143.032169685182,7.010752688172043,0.521505376344086,52.1505376344086,0.0,0.0,24132.0,0.489421531869309,high-income specialist
116031313,Bidwill - Hebersham - Emerton,Bidwill - Hebersham - Emerton,New South Wales,Greater Sydney,-33.74070537550423,150.81813756983487,604.0,46.0,0.0443335290663534,4.433352906635339,0.0680473372781065,6.80473372781065,31451.53642384106,4454.944563888035,13.130434782608695,0.5434782608695652,54.347826086956516,0.0,0.0,14462.0,0.454823221300742,lower digital concentration
116031315,Hassall Grove - Plumpton,Hassall Grove - Plumpton,New South Wales,Greater Sydney,-33.74350826222327,150.83760941821765,1176.0,91.0,0.063909570132058,6.3909570132058,0.0794759825327511,7.9475982532751095,51229.142857142855,12482.987784049,12.923076923076923,0.4835164835164835,48.35164835164835,0.0,0.0,12790.5,0.4690807378288479,large-employer / job-heavy hub
116031316,Lethbridge Park - Tregear,Lethbridge Park - Tregear,New South Wales,Greater Sydney,-33.73185106569917,150.7882308266197,897.0,83.0,0.0540882778581765,5.40882778581765,0.1133879781420765,11.33879781420765,42487.942586399105,11640.96311823702,10.80722891566265,0.5542168674698795,55.42168674698795,0.0,0.0,16233.5,0.4759416111010993,large-employer / job-heavy hub
116031317,Mount Druitt - Whalan,Mount Druitt - Whalan,New South Wales,Greater Sydney,-33.764961067790146,150.81285959931375,1026.0,133.0,0.0578223624887285,5.78223624887285,0.0850383631713555,8.503836317135551,42950.038011695906,15601.233429865428,7.714285714285714,0.5714285714285714,57.14285714285714,0.0225563909774436,2.25563909774436,14135.5,0.4502643754130865,emerging growth corridor
116031319,Rooty Hill - Minchinbury,Rooty Hill - Minchinbury,New South Wales,Greater Sydney,-33.780084812694966,150.84320901045916,1251.0,148.0,0.065566037735849,6.5566037735849,0.0905752753977968,9.05752753977968,50569.74980015987,14167.657740411443,8.452702702702704,0.527027027027027,52.702702702702695,0.0202702702702702,2.0270270270270196,12780.0,0.4701947813303932,emerging growth corridor
117011321,Botany,Botany,New South Wales,Greater Sydney,-33.94907782563974,151.20062627750949,1387.0,231.0,0.1188212113424141,11.882121134241409,0.1387387387387387,13.87387387387387,59057.09228550829,10906.305683949133,6.004329004329004,0.4632034632034632,46.32034632034632,0.0432900432900432,4.32900432900432,13326.5,0.5007932910244787,emerging growth corridor
117011323,Pagewood - Hillsdale - Daceyville,Pagewood - Hillsdale - Daceyville,New South Wales,Greater Sydney,-33.94081525966247,151.22293275362873,1402.0,213.0,0.1124478665383381,11.24478665383381,0.1584821428571428,15.84821428571428,49953.88302425107,12185.357117930886,6.582159624413146,0.5492957746478874,54.929577464788736,0.028169014084507,2.8169014084507,11466.5,0.491893610257497,emerging growth corridor
117011634,Eastlakes,Eastlakes,New South Wales,Greater Sydney,-33.9308025238255,151.21052691305715,856.0,96.0,0.1146684527796383,11.46684527796383,0.1153846153846153,11.53846153846153,49817.95035046729,14986.192815303191,8.916666666666666,0.5729166666666666,57.291666666666664,0.03125,3.125,7746.0,0.4694389675569098,digitally specialised
117011635,Mascot,Mascot,New South Wales,Greater Sydney,-33.92795979001263,151.19184538877485,3047.0,415.0,0.1295493197278911,12.95493197278911,0.1626813014504116,16.26813014504116,55558.71365277322,21790.13875906574,7.3421686746987955,0.5590361445783133,55.90361445783133,0.0337349397590361,3.37349397590361,10392.5,0.4868404717566729,major digital hub
117021327,Petersham - Stanmore,Petersham - Stanmore,New South Wales,Greater Sydney,-33.89471518591241,151.16196790803036,4306.0,553.0,0.2055860587252327,20.55860587252327,0.2812817904374364,28.12817904374364,59341.439386902,16194.35187198197,7.786618444846293,0.5985533453887885,59.85533453887884,0.0126582278481012,1.26582278481012,5674.0,0.5002725166916474,major digital hub
117021328,Sydenham - Tempe - St Peters,Sydenham - Tempe - St Peters,New South Wales,Greater Sydney,-33.920334796745585,151.16939170702742,1534.0,227.0,0.1823802163833075,18.23802163833075,0.1907563025210084,19.07563025210084,62030.94263363755,13539.4766961747,6.757709251101321,0.5462555066079295,54.62555066079295,0.052863436123348,5.2863436123348,5126.0,0.4778454949761159,emerging growth corridor
117021636,Marrickville - North,Marrickville - North,New South Wales,Greater Sydney,-33.90624647456978,151.16166838191913,2366.0,351.0,0.2049017060708409,20.49017060708409,0.1765593561368209,17.65593561368209,54073.591715976334,9498.613063512494,6.7407407407407405,0.5441595441595442,54.41595441595442,0.0313390313390313,3.13390313390313,5888.0,0.5041671699480613,major digital hub
117021637,Marrickville - South,Marrickville - South,New South Wales,Greater Sydney,-33.91595745740731,151.14980043723023,2456.0,256.0,0.1814957138634348,18.14957138634348,0.1861818181818181,18.61818181818181,56299.7088762215,14974.195278822745,9.59375,0.59375,59.375,0.0234375,2.34375,4932.0,0.506579629053984,large-employer / job-heavy hub
117031329,Darlinghurst,Darlinghurst,New South Wales,Greater Sydney,-33.877896923612646,151.21944522325134,2749.0,635.0,0.2062110869402145,20.62110869402145,0.2678194854491775,26.78194854491775,67785.77628228447,27368.50634754589,4.329133858267716,0.494488188976378,49.4488188976378,0.0346456692913385,3.46456692913385,17285.5,0.4153795596450871,major digital hub
117031330,Erskineville - Alexandria,Erskineville - Alexandria,New South Wales,Greater Sydney,-33.90847284640311,151.19146930715854,5120.0,844.0,0.2411227277008571,24.11227277008571,0.2463514302393461,24.63514302393461,76068.440625,17253.0749849887,6.0663507109004735,0.5319905213270142,53.19905213270142,0.0390995260663507,3.90995260663507,16806.0,0.485263432446531,major digital hub
117031331,Glebe - Forest Lodge,Glebe - Forest Lodge,New South Wales,Greater Sydney,-33.87919101639303,151.18477735736047,4140.0,599.0,0.2083438176236726,20.83438176236726,0.2687303723642889,26.873037236428893,60014.48188405797,20030.31450445956,6.911519198664441,0.6126878130217028,61.26878130217028,0.011686143572621,1.1686143572621,12293.0,0.5114514743773261,major digital hub
117031333,Potts Point - Woolloomooloo,Potts Point - Woolloomooloo,New South Wales,Greater Sydney,-33.87008847855572,151.22409504364438,4342.0,838.0,0.2018783708387576,20.18783708387576,0.2804551539491298,28.04551539491298,63465.38565177337,25110.638371691544,5.181384248210024,0.5632458233890215,56.324582338902154,0.0238663484486873,2.38663484486873,9449.5,0.4541370014515795,major digital hub
117031336,Surry Hills,Surry Hills,New South Wales,Greater Sydney,-33.885606781365496,151.2119808027781,4154.0,1779.0,0.2161065445843304,21.61065445843304,0.3264220183486238,32.64220183486238,68667.51480500722,26478.314825816706,2.3350196739741427,0.4362001124227094,43.62001124227094,0.0708263069139966,7.082630691399661,16383.0,0.4209486166007905,major digital hub
117031638,Camperdown - Darlington,Camperdown - Darlington,New South Wales,Greater Sydney,-33.889287748488,151.18475965167985,1843.0,237.0,0.2056919642857143,20.56919642857143,0.2900856793145654,29.00856793145654,49211.8133478025,19014.831539766783,7.776371308016878,0.5738396624472574,57.383966244725734,0.0,0.0,12545.5,0.4934597776324395,digitally specialised
117031639,Chippendale,Chippendale,New South Wales,Greater Sydney,-33.88636343691431,151.19965319532216,1670.0,351.0,0.1746496548839155,17.464965488391552,0.3401162790697674,34.01162790697674,42650.03353293413,19568.43606378542,4.7578347578347575,0.4188034188034188,41.88034188034188,0.0655270655270655,6.55270655270655,12957.5,0.5022749431264218,digitally specialised
117031640,Newtown (NSW),Newtown (NSW),New South Wales,Greater Sydney,-33.89868915490526,151.1795217682878,3450.0,414.0,0.2081196838993786,20.81196838993786,0.2446808510638297,24.46808510638297,56153.708695652174,15352.227335936906,8.333333333333334,0.5942028985507246,59.42028985507246,0.0217391304347826,2.1739130434782603,11127.0,0.4887277175812653,major digital hub
117031641,Pyrmont,Pyrmont,New South Wales,Greater Sydney,-33.86900639358429,151.19352445271102,2449.0,714.0,0.1819465081723625,18.194650817236248,0.2925030725112659,29.25030725112659,75668.39934667211,34443.608447712235,3.429971988795518,0.4943977591036415,49.43977591036415,0.0490196078431372,4.90196078431372,22021.5,0.4895833333333333,major digital hub
117031642,Redfern,Redfern,New South Wales,Greater Sydney,-33.89385891438819,151.20217722956338,2997.0,571.0,0.2007233273056058,20.07233273056058,0.3368731563421829,33.68731563421829,59574.75558892226,21794.151443185197,5.248686514886165,0.5201401050788091,52.01401050788091,0.0805604203152364,8.05604203152364,12258.0,0.4503285279984309,major digital hub
117031643,Rosebery - Beaconsfield,Rosebery - Beaconsfield,New South Wales,Greater Sydney,-33.91657752307425,151.2053504538112,2235.0,382.0,0.1864364364364364,18.64364364364364,0.2148481439820022,21.484814398200218,64147.98523489933,18946.5591421399,5.850785340314136,0.5706806282722513,57.06806282722513,0.031413612565445,3.1413612565444997,11425.0,0.4955944616088797,major digital hub
117031644,Sydney (North) - Millers Point,Sydney (North) - Millers Point,New South Wales,Greater Sydney,-33.8647337103689,151.20921862656587,2539.0,9462.0,0.1627146885413996,16.271468854139957,0.2426216056821969,24.26216056821969,59368.30366285939,30207.82801558946,0.2683365039103783,0.4840414288733883,48.40414288733883,0.0765165926865356,7.65165926865356,16982.0,0.4513457556935817,major digital hub
117031645,Sydney (South) - Haymarket,Sydney (South) - Haymarket,New South Wales,Greater Sydney,-33.877995501320676,151.20425266018276,2607.0,1642.0,0.0787351635408172,7.873516354081719,0.1941586851129242,19.41586851129242,47888.76869965478,31082.796545385805,1.5876979293544458,0.466504263093788,46.6504263093788,0.0523751522533495,5.23751522533495,11312.0,0.5116685514547137,major digital hub
117031646,Ultimo,Ultimo,New South Wales,Greater Sydney,-33.8802395570242,151.19795797114136,1290.0,372.0,0.1254619723789146,12.54619723789146,0.2185663924794359,21.85663924794359,42275.75542635659,23247.761845341225,3.467741935483871,0.4516129032258064,45.16129032258064,0.0376344086021505,3.7634408602150495,10676.0,0.4993773349937733,digitally specialised
117031647,Waterloo,Waterloo,New South Wales,Greater Sydney,-33.89986326241556,151.20722312332765,3117.0,326.0,0.2033002869814766,20.330028698147657,0.1906432748538011,19.064327485380108,65815.79082451075,23812.168074706424,9.561349693251534,0.5950920245398773,59.50920245398773,0.00920245398773,0.9202453987729999,16439.0,0.4561860465116279,major digital hub
117031648,Zetland,Zetland,New South Wales,Greater Sydney,-33.907462144437694,151.20858061160848,2459.0,278.0,0.1936068026139674,19.36068026139674,0.2059259259259259,20.59259259259259,65166.6886945913,23098.194520904188,8.845323741007194,0.5971223021582733,59.71223021582733,0.0,0.0,18608.0,0.4914160743575724,digitally specialised
118011339,Bondi - Tamarama - Bronte,Bondi - Tamarama - Bronte,New South Wales,Greater Sydney,-33.8999607966672,151.26498892443348,4405.0,679.0,0.2246646605804049,22.466466058040492,0.2765784114052953,27.65784114052953,64834.28694665153,21643.565775641186,6.487481590574374,0.6804123711340206,68.04123711340206,0.0044182621502209,0.44182621502209,23815.0,0.5116804291057944,major digital hub
118011340,Bondi Beach - North Bondi,Bondi Beach - North Bondi,New South Wales,Greater Sydney,-33.88709163019381,151.27540700056727,5427.0,855.0,0.2223906896693029,22.23906896693029,0.2931093589304079,29.310935893040792,63798.873963515754,26011.822125626968,6.347368421052631,0.639766081871345,63.976608187134495,0.0070175438596491,0.70175438596491,21596.0,0.5135957066189625,major digital hub
118011341,Bondi Junction - Waverly,Bondi Junction - Waverly,New South Wales,Greater Sydney,-33.89716914827945,151.2507947805112,3429.0,884.0,0.1865919355716384,18.65919355716384,0.1978956794269084,19.789567942690837,70616.36599591718,29185.836230449473,3.878959276018099,0.5113122171945701,51.13122171945701,0.0226244343891402,2.26244343891402,19260.0,0.5183936235438381,major digital hub
118011344,Dover Heights,Dover Heights,New South Wales,Greater Sydney,-33.87104021256608,151.27975290483016,1786.0,356.0,0.2074332171893147,20.74332171893147,0.2271857051691129,22.718570516911292,62412.27323628219,17825.72933384317,5.01685393258427,0.5926966292134831,59.269662921348306,0.0,0.0,27898.0,0.5055925244230497,major digital hub
118011345,Paddington - Moore Park,Paddington - Moore Park,New South Wales,Greater Sydney,-33.89023232276101,151.22498924993334,3426.0,793.0,0.2434448944787891,24.34448944787891,0.3124507486209614,31.24507486209614,66008.24868651488,14577.41812444567,4.3203026481715,0.5687263556116016,56.87263556116016,0.030264817150063,3.0264817150063,23206.5,0.5122067518596224,major digital hub
118011346,Rose Bay - Vaucluse - Watsons Bay,Rose Bay - Vaucluse - Watsons Bay,New South Wales,Greater Sydney,-33.85996072825401,151.27414467581227,1614.0,438.0,0.1986706056129985,19.86706056129985,0.2221095334685598,22.21095334685598,59488.119888475834,13183.91912530498,3.684931506849315,0.678082191780822,67.8082191780822,0.0068493150684931,0.68493150684931,33932.0,0.4974567650050864,small-business / consultant-heavy
118011347,Woollahra,Woollahra,New South Wales,Greater Sydney,-33.88678168225872,151.24367536355473,1364.0,315.0,0.226578073089701,22.6578073089701,0.2393617021276596,23.93617021276596,70974.88196480938,16639.033875108384,4.33015873015873,0.6634920634920635,66.34920634920634,0.019047619047619,1.9047619047619,29505.0,0.5258098223615465,high-income specialist
118011649,Bellevue Hill,Bellevue Hill,New South Wales,Greater Sydney,-33.87854359055933,151.2547819843944,2481.0,531.0,0.2168516738047373,21.68516738047373,0.2449261992619926,24.49261992619926,61229.29866989117,15504.655937612522,4.672316384180791,0.60075329566855,60.075329566855,0.0056497175141242,0.56497175141242,27298.0,0.5190243902439025,major digital hub
118011650,Double Bay - Darling Point,Double Bay - Darling Point,New South Wales,Greater Sydney,-33.87569123684136,151.23902739923437,1911.0,598.0,0.2400150715900527,24.00150715900527,0.196775255018098,19.6775255018098,70020.07064364207,13451.206413549133,3.1956521739130435,0.5752508361204013,57.52508361204013,0.0133779264214046,1.33779264214046,25992.0,0.5270079849694692,major digital hub
118021564,Kensington (NSW),Kensington (NSW),New South Wales,Greater Sydney,-33.91336244687732,151.22075664384724,1911.0,183.0,0.1630267872376727,16.30267872376727,0.1878850102669404,18.78850102669404,45916.16064887493,15460.11035882204,10.442622950819672,0.5683060109289617,56.830601092896174,0.0,0.0,11976.0,0.4979463638560039,large-employer / job-heavy hub
118021565,Kingsford,Kingsford,New South Wales,Greater Sydney,-33.92514277940051,151.22896665094865,1900.0,199.0,0.146142604415045,14.6142604415045,0.1687871077184054,16.87871077184054,47262.57684210526,16784.96719669337,9.547738693467336,0.5879396984924623,58.79396984924623,0.0,0.0,5647.0,0.4822138635142396,emerging growth corridor
118021566,Maroubra - North,Maroubra - North,New South Wales,Greater Sydney,-33.93921075773564,151.25041772861573,1403.0,243.0,0.1677226539151225,16.77226539151225,0.1934713375796178,19.347133757961778,64969.9971489665,21594.148314537328,5.773662551440329,0.6378600823045267,63.78600823045267,0.0,0.0,22596.5,0.5014640160271229,small-business / consultant-heavy
118021567,Maroubra - South,Maroubra - South,New South Wales,Greater Sydney,-33.94831767540492,151.24877130054372,1474.0,202.0,0.1560283687943262,15.602836879432619,0.204868154158215,20.4868154158215,56707.02374491181,16490.92493047336,7.297029702970297,0.5544554455445545,55.44554455445545,0.0,0.0,15378.0,0.5151862464183381,emerging growth corridor
118021568,Maroubra - West,Maroubra - West,New South Wales,Greater Sydney,-33.94391268507614,151.23447726038347,1220.0,185.0,0.1294429708222811,12.94429708222811,0.1861167002012072,18.611670020120723,60566.22049180328,23335.700916206464,6.594594594594595,0.6648648648648648,66.48648648648648,0.0,0.0,13392.0,0.5077954247413667,small-business / consultant-heavy
118021569,Randwick - North,Randwick - North,New South Wales,Greater Sydney,-33.908064398337714,151.24414972379333,2992.0,381.0,0.1813113561992485,18.13113561992485,0.2409867172675522,24.09867172675522,66181.7513368984,21793.797997909176,7.853018372703412,0.6167979002624672,61.679790026246714,0.0078740157480314,0.7874015748031401,17216.5,0.5407494538732986,major digital hub
118021570,Randwick - South,Randwick - South,New South Wales,Greater Sydney,-33.91973990123568,151.23934281642107,2267.0,300.0,0.1612604922464077,16.12604922464077,0.1974983541803818,19.74983541803818,59129.70092633437,21636.821213715215,7.556666666666667,0.5766666666666667,57.666666666666664,0.0133333333333333,1.33333333333333,14203.0,0.5315665609331832,emerging growth corridor
118021651,Coogee - Clovelly,Coogee - Clovelly,New South Wales,Greater Sydney,-33.917409553707856,151.25694235452957,4289.0,634.0,0.1971863362604018,19.71863362604018,0.275054229934924,27.505422993492402,64715.36313826067,21571.730730555275,6.764984227129338,0.5899053627760252,58.99053627760252,0.0047318611987381,0.47318611987381004,20355.0,0.5380529827061338,major digital hub
118021652,Malabar - La Perouse,Malabar - La Perouse,New South Wales,Greater Sydney,-33.97663598941209,151.24705694529248,943.0,186.0,0.1337778408284863,13.37778408284863,0.1953781512605042,19.537815126050422,58566.71420996819,11551.924452555788,5.06989247311828,0.5483870967741935,54.83870967741935,0.0,0.0,19375.0,0.4949079864212971,digitally specialised
118021653,Matraville - Chifley,Matraville - Chifley,New South Wales,Greater Sydney,-33.96267770123588,151.23654515385087,1213.0,187.0,0.1159877605660738,11.59877605660738,0.1500802568218298,15.008025682182978,61571.0395713108,15755.290145034269,6.4866310160427805,0.5454545454545454,54.54545454545454,0.0160427807486631,1.60427807486631,16231.0,0.4957065750736016,digitally specialised
118021654,South Coogee,South Coogee,New South Wales,Greater Sydney,-33.9324526640549,151.25447908154837,656.0,124.0,0.1589147286821705,15.891472868217049,0.2313432835820895,23.13432835820895,57891.79878048781,15372.519468472305,5.290322580645161,0.5161290322580645,51.61290322580645,0.0,0.0,31071.0,0.5181674565560821,digitally specialised
119011354,Bass Hill - Georges Hall,Bass Hill - Georges Hall,New South Wales,Greater Sydney,-33.901107082914805,150.98824000283395,992.0,170.0,0.0751970891449363,7.51970891449363,0.0797747536367902,7.977475363679019,39790.467741935485,6660.382121862713,5.8352941176470585,0.5764705882352941,57.647058823529406,0.0176470588235294,1.76470588235294,8311.5,0.4582108743570903,emerging growth corridor
119011356,Condell Park,Condell Park,New South Wales,Greater Sydney,-33.92668585488866,150.99999377744592,653.0,203.0,0.0831211812627291,8.31211812627291,0.0727077363896848,7.270773638968479,41808.17917304747,9308.98505390287,3.2167487684729066,0.4778325123152709,47.78325123152709,0.0246305418719211,2.46305418719211,6974.5,0.4533931055804606,emerging growth corridor
119011358,Padstow,Padstow,New South Wales,Greater Sydney,-33.95793199567303,151.03233005548188,1329.0,198.0,0.1037389743189446,10.373897431894461,0.1188475390156062,11.88475390156062,59889.81828442438,17302.745300270137,6.712121212121212,0.494949494949495,49.494949494949495,0.0151515151515151,1.51515151515151,12610.0,0.4813097938652727,emerging growth corridor
119011360,Revesby,Revesby,New South Wales,Greater Sydney,-33.9519982183306,151.01622595582134,1337.0,152.0,0.1018201203259462,10.18201203259462,0.1103047895500725,11.03047895500725,52794.62677636499,11712.61786615252,8.796052631578947,0.5789473684210527,57.89473684210527,0.0,0.0,13289.0,0.4852362204724409,emerging growth corridor
119011361,Yagoona - Birrong,Yagoona - Birrong,New South Wales,Greater Sydney,-33.90219466106745,151.02013859484674,1174.0,163.0,0.0819374651032942,8.193746510329419,0.0873994638069705,8.73994638069705,49342.32197614991,17896.91884940508,7.2024539877300615,0.5950920245398773,59.50920245398773,0.0184049079754601,1.84049079754601,9540.0,0.4531332280147446,emerging growth corridor
119011571,Bankstown - North,Bankstown - North,New South Wales,Greater Sydney,-33.91333140498546,151.03100350420715,1044.0,276.0,0.0880938317441566,8.80938317441566,0.1225033288948069,12.25033288948069,45928.82950191571,17745.05496812109,3.782608695652174,0.4239130434782608,42.39130434782608,0.0108695652173913,1.0869565217391302,10499.0,0.4455654101995565,emerging growth corridor
119011572,Bankstown - South,Bankstown - South,New South Wales,Greater Sydney,-33.927696287951925,151.03224364470077,1083.0,247.0,0.0813796212804328,8.13796212804328,0.0900802334062727,9.00802334062727,40742.49307479224,13225.643473048927,4.384615384615385,0.4493927125506073,44.93927125506073,0.0161943319838056,1.6194331983805599,8103.0,0.4519192718638702,emerging growth corridor
119011655,Greenacre - North,Greenacre - North,New South Wales,Greater Sydney,-33.89941134044239,151.06066476908808,764.0,161.0,0.0885283893395133,8.85283893395133,0.0888030888030888,8.880308880308881,46706.437172774866,15642.72245666826,4.745341614906832,0.577639751552795,57.7639751552795,0.0,0.0,8325.0,0.4468797989669133,lower digital concentration
119011656,Greenacre - South,Greenacre - South,New South Wales,Greater Sydney,-33.91133971347668,151.05531324777974,638.0,122.0,0.0825569358178053,8.255693581780529,0.078005115089514,7.800511508951399,47530.75235109718,17582.02726051747,5.229508196721311,0.4836065573770491,48.36065573770491,0.0,0.0,4809.0,0.4466615502686109,lower digital concentration
119011657,Panania (North) - Milperra,Panania (North) - Milperra,New South Wales,Greater Sydney,-33.94445158757339,150.9843984341759,857.0,103.0,0.1007879571915794,10.07879571915794,0.1358839050131926,13.588390501319262,63459.433488914816,18340.1412979234,8.320388349514563,0.5922330097087378,59.22330097087378,0.0,0.0,16581.0,0.4857400180126088,digitally specialised
119011658,Panania (South) - Picnic Point,Panania (South) - Picnic Point,New South Wales,Greater Sydney,-33.96802565031327,151.00290615643073,1369.0,161.0,0.1136665559614746,11.36665559614746,0.1320754716981132,13.20754716981132,56327.03981008035,8946.789021305856,8.503105590062113,0.5652173913043478,56.52173913043478,0.0,0.0,17605.0,0.5026282590412111,digitally specialised
119021362,Belmore - Belfield,Belmore - Belfield,New South Wales,Greater Sydney,-33.91323890363657,151.08797137733922,1402.0,176.0,0.0944616628486726,9.44616628486726,0.0855199222546161,8.55199222546161,45516.39621968616,11957.220704256972,7.965909090909091,0.5511363636363636,55.11363636363637,0.0,0.0,6029.5,0.4658320292123109,emerging growth corridor
119021366,Punchbowl,Punchbowl,New South Wales,Greater Sydney,-33.93100681921092,151.05184778913156,1048.0,212.0,0.0728081144921495,7.28081144921495,0.0733056708160442,7.3305670816044195,36609.77051526718,10536.433395633998,4.943396226415095,0.6415094339622641,64.15094339622641,0.0,0.0,1044.0,0.4128360038525523,emerging growth corridor
119021367,Roselands,Roselands,New South Wales,Greater Sydney,-33.935242211304995,151.07567984008938,977.0,155.0,0.0951314508276533,9.51314508276533,0.1073407202216066,10.73407202216066,47944.6417604913,10842.967076946996,6.303225806451613,0.632258064516129,63.2258064516129,0.0,0.0,8769.5,0.4719378315036389,lower digital concentration
119021573,Lakemba,Lakemba,New South Wales,Greater Sydney,-33.91897420719982,151.07640609426562,797.0,151.0,0.0725204731574158,7.252047315741581,0.0615071283095723,6.15071283095723,33615.129234629865,10255.97987157254,5.2781456953642385,0.5894039735099338,58.94039735099338,0.0,0.0,2328.0,0.3177719438420271,lower digital concentration
119021574,Wiley Park,Wiley Park,New South Wales,Greater Sydney,-33.92419068213497,151.06737242423466,558.0,75.0,0.0795324971493728,7.95324971493728,0.0611745513866231,6.117455138662311,31826.279569892475,7604.61024264048,7.44,0.6933333333333334,69.33333333333334,0.0,0.0,1688.0,0.3670114517916513,lower digital concentration
119021659,Campsie - North,Campsie - North,New South Wales,Greater Sydney,-33.90705198728732,151.10215281478077,749.0,92.0,0.074394119984108,7.4394119984108,0.0755336617405583,7.55336617405583,46568.024032042726,19369.094105542925,8.141304347826088,0.6739130434782609,67.3913043478261,0.0,0.0,4909.5,0.4623776223776223,lower digital concentration
119021660,Campsie - South,Campsie - South,New South Wales,Greater Sydney,-33.91451313689103,151.10341082393714,617.0,75.0,0.0755109533716803,7.5510953371680305,0.0686813186813186,6.868131868131861,37806.36466774716,14073.702386508638,8.226666666666667,0.5466666666666666,54.666666666666664,0.0,0.0,3526.0,0.4651248843663275,lower digital concentration
119021661,Canterbury - South,Canterbury - South,New South Wales,Greater Sydney,-33.920016211547896,151.1083289878928,1152.0,133.0,0.1158604043045358,11.58604043045358,0.1099173553719008,10.99173553719008,52525.368055555555,15565.580365723516,8.661654135338345,0.5789473684210527,57.89473684210527,0.0,0.0,9651.5,0.4884185303514377,digitally specialised
119021662,Earlwood,Earlwood,New South Wales,Greater Sydney,-33.92468689206833,151.12748998466392,1880.0,273.0,0.1435224062905565,14.352240629055649,0.1411582213029989,14.11582213029989,55804.71382978724,9117.79459931163,6.886446886446887,0.6446886446886447,64.46886446886447,0.0,0.0,13737.0,0.4961029204620152,digitally specialised
119021663,Kingsgrove - North,Kingsgrove - North,New South Wales,Greater Sydney,-33.93549713879649,151.0979295665642,454.0,130.0,0.1083273681698878,10.832736816988781,0.126953125,12.6953125,53059.603524229075,9382.91991649822,3.4923076923076923,0.4692307692307692,46.92307692307692,0.023076923076923,2.3076923076923,10247.0,0.4796888504753673,digitally specialised
119031370,Narwee - Beverly Hills,Narwee - Beverly Hills,New South Wales,Greater Sydney,-33.94879405128647,151.0766285870137,1118.0,159.0,0.1086597336961803,10.86597336961803,0.1316225165562914,13.16225165562914,58081.20035778175,19186.398773565597,7.031446540880503,0.5849056603773585,58.490566037735846,0.0,0.0,9060.5,0.4835261569416499,digitally specialised
119031371,Oatley - Hurstville Grove,Oatley - Hurstville Grove,New South Wales,Greater Sydney,-33.97939646547181,151.08547622669434,1351.0,234.0,0.1436011904761904,14.36011904761904,0.1996587030716723,19.96587030716723,66775.69948186529,16972.243912137397,5.773504273504273,0.5854700854700855,58.54700854700855,0.0,0.0,19410.0,0.49333157269246,emerging growth corridor
119031372,Peakhurst - Lugarno,Peakhurst - Lugarno,New South Wales,Greater Sydney,-33.97088396834501,151.05214335689107,1757.0,309.0,0.1203342236833093,12.03342236833093,0.1292887029288703,12.92887029288703,58808.20517928287,13527.431567886391,5.686084142394822,0.540453074433657,54.0453074433657,0.0226537216828478,2.26537216828478,16503.0,0.4919292851652574,emerging growth corridor
119031373,Riverwood,Riverwood,New South Wales,Greater Sydney,-33.94859382589222,151.05247609964104,815.0,96.0,0.0954779756326148,9.54779756326148,0.1140142517814726,11.40142517814726,52652.815950920245,20890.479552138615,8.489583333333334,0.65625,65.625,0.0,0.0,6335.5,0.4691514670896114,lower digital concentration
119031374,South Hurstville - Blakehurst,South Hurstville - Blakehurst,New South Wales,Greater Sydney,-33.9842349546459,151.10572562384488,2423.0,401.0,0.1071128597321073,10.71128597321073,0.1448699421965318,14.486994219653178,52875.44882377218,19275.88408304454,6.042394014962594,0.5511221945137157,55.11221945137157,0.0,0.0,8774.0,0.487986234867572,major digital hub
119031664,Hurstville - Central,Hurstville - Central,New South Wales,Greater Sydney,-33.96512200716782,151.107603330265,1133.0,286.0,0.0806520501138952,8.06520501138952,0.1391050583657587,13.91050583657587,52381.51809355693,27220.482928408863,3.9615384615384617,0.4965034965034965,49.65034965034965,0.0,0.0,7493.0,0.4718309859154929,lower digital concentration
119031665,Hurstville - North,Hurstville - North,New South Wales,Greater Sydney,-33.956731220095975,151.0973266996604,981.0,153.0,0.0986722993361496,9.86722993361496,0.1225961538461538,12.25961538461538,45725.22935779816,13248.820385760344,6.411764705882353,0.6470588235294118,64.70588235294117,0.0,0.0,4671.0,0.4731557102691123,lower digital concentration
119031666,Mortdale - Oatley,Mortdale - Oatley,New South Wales,Greater Sydney,-33.974634443330785,151.07004106837454,1538.0,192.0,0.1291785654291953,12.917856542919532,0.1835564053537285,18.35564053537285,65976.97236671002,19786.95439257933,8.010416666666666,0.6145833333333334,61.458333333333336,0.0,0.0,16251.0,0.4973427812223206,digitally specialised
119031667,Penshurst,Penshurst,New South Wales,Greater Sydney,-33.96041764056443,151.08289809133524,822.0,101.0,0.0932607215793056,9.32607215793056,0.1288265306122449,12.882653061224488,55059.141119221415,20229.870016430403,8.138613861386139,0.6336633663366337,63.366336633663366,0.0,0.0,8594.0,0.4877968337730871,lower digital concentration
119041377,Kingsgrove (South) - Bardwell Park,Kingsgrove (South) - Bardwell Park,New South Wales,Greater Sydney,-33.94177905372947,151.11035503202635,1237.0,207.0,0.1305954391891892,13.05954391891892,0.1458773784355179,14.58773784355179,60077.23120452708,15195.268577837896,5.975845410628019,0.5265700483091788,52.65700483091788,0.0144927536231884,1.4492753623188401,12182.0,0.4918510666489996,digitally specialised
119041378,Kogarah,Kogarah,New South Wales,Greater Sydney,-33.96825554313436,151.13746821159282,1580.0,223.0,0.1140464847697416,11.40464847697416,0.1321090047393364,13.21090047393364,61001.14430379747,26125.0521282525,7.085201793721973,0.5112107623318386,51.12107623318386,0.0179372197309417,1.79372197309417,5155.5,0.4885878839590443,emerging growth corridor
119041379,Kogarah Bay - Carlton - Allawah,Kogarah Bay - Carlton - Allawah,New South Wales,Greater Sydney,-33.97668640207469,151.1239077543495,1458.0,192.0,0.1008298755186722,10.08298755186722,0.1283422459893048,12.83422459893048,57069.81069958848,19532.045727250996,7.59375,0.6302083333333334,63.020833333333336,0.015625,1.5625,9586.5,0.4820846905537459,digitally specialised
119041380,Monterey - Brighton-le-Sands - Kyeemagh,Monterey - Brighton-le-Sands - Kyeemagh,New South Wales,Greater Sydney,-33.9614161369704,151.15281713132802,1230.0,263.0,0.1177596936333173,11.77596936333173,0.1560830860534124,15.60830860534124,52530.134146341465,11643.70724351715,4.67680608365019,0.6045627376425855,60.45627376425855,0.0114068441064638,1.14068441064638,12308.0,0.4988574864702345,emerging growth corridor
119041381,Rockdale - Banksia,Rockdale - Banksia,New South Wales,Greater Sydney,-33.95111179473229,151.1413400986803,1969.0,313.0,0.0878077060292543,8.78077060292543,0.1341620231461637,13.41620231461637,57432.46749619096,27904.753573608017,6.2907348242811505,0.5335463258785943,53.35463258785943,0.0095846645367412,0.95846645367412,7059.0,0.4639336460670338,emerging growth corridor
119041382,Sans Souci - Ramsgate,Sans Souci - Ramsgate,New South Wales,Greater Sydney,-33.99231689378158,151.13696954350144,1402.0,246.0,0.1174204355108877,11.74204355108877,0.1297468354430379,12.974683544303788,55740.339871611985,10715.734134593557,5.699186991869919,0.6016260162601627,60.16260162601627,0.0,0.0,14736.0,0.5126163391933816,emerging growth corridor
119041668,Arncliffe - Bardwell Valley,Arncliffe - Bardwell Valley,New South Wales,Greater Sydney,-33.93757292363953,151.14368887436038,1798.0,199.0,0.1261754385964912,12.61754385964912,0.1154292343387471,11.54292343387471,58039.20522803115,22461.70870171536,9.035175879396984,0.592964824120603,59.2964824120603,0.0150753768844221,1.50753768844221,11829.0,0.4849617037175415,digitally specialised
119041669,Bexley - North,Bexley - North,New South Wales,Greater Sydney,-33.950925398092686,151.11680357217176,696.0,114.0,0.1012069216228006,10.12069216228006,0.1132075471698113,11.32075471698113,61879.4224137931,19625.377117879187,6.105263157894737,0.6578947368421053,65.78947368421053,0.0,0.0,8151.0,0.4813499111900532,digitally specialised
119041670,Bexley - South,Bexley - South,New South Wales,Greater Sydney,-33.95997086518618,151.12472248506333,1386.0,154.0,0.0974820649880433,9.748206498804329,0.1229050279329608,12.290502793296081,52834.25252525252,18736.608623156582,9.0,0.5454545454545454,54.54545454545454,0.0,0.0,6832.0,0.4743780354841907,lower digital concentration
119041671,Wolli Creek,Wolli Creek,New South Wales,Greater Sydney,-33.931557351909575,151.1529454154216,1864.0,158.0,0.1570345408593091,15.70345408593091,0.1801596351197263,18.01596351197263,62328.21754291846,27645.015563137495,11.79746835443038,0.6962025316455697,69.62025316455697,0.0,0.0,16917.0,0.5091654606849976,small-business / consultant-heavy
120011383,Concord - Mortlake - Cabarita,Concord - Mortlake - Cabarita,New South Wales,Greater Sydney,-33.85433356837986,151.10580097580922,2486.0,474.0,0.1426603925169287,14.266039251692868,0.1632793661729245,16.327936617292448,64094.33547868061,14863.338319263648,5.244725738396625,0.6118143459915611,61.18143459915611,0.0063291139240506,0.63291139240506,17308.0,0.5083858944954128,major digital hub
120011385,Drummoyne - Rodd Point,Drummoyne - Rodd Point,New South Wales,Greater Sydney,-33.85563208204609,151.14865238216748,2525.0,498.0,0.1757866889445836,17.57866889445836,0.1955241460541814,19.55241460541814,77185.66376237624,21161.63445299166,5.070281124497992,0.5522088353413654,55.22088353413655,0.0080321285140562,0.80321285140562,21914.0,0.5141435306443164,major digital hub
120011386,Five Dock - Abbotsford,Five Dock - Abbotsford,New South Wales,Greater Sydney,-33.8609287960833,151.12931701775076,2616.0,548.0,0.1636329517733158,16.36329517733158,0.2064807837226827,20.64807837226827,70914.75726299694,16878.477035311946,4.773722627737226,0.5291970802919708,52.919708029197075,0.0054744525547445,0.54744525547445,19754.5,0.5157631228975984,major digital hub
120011672,Concord West - North Strathfield,Concord West - North Strathfield,New South Wales,Greater Sydney,-33.84715689304999,151.0894239780897,1569.0,280.0,0.1431047063115651,14.31047063115651,0.1853077432164129,18.530774321641292,57035.91077119184,13433.842502311869,5.603571428571429,0.525,52.5,0.0107142857142857,1.07142857142857,14921.0,0.491483886778581,digitally specialised
120011673,Rhodes,Rhodes,New South Wales,Greater Sydney,-33.82923398394461,151.08773589501573,2021.0,305.0,0.1908764639214204,19.08764639214204,0.1652221018418201,16.52221018418201,66332.6056407719,22756.661836465137,6.6262295081967215,0.5967213114754099,59.67213114754099,0.0131147540983606,1.31147540983606,19147.0,0.5207012308839986,digitally specialised
120021387,Balmain,Balmain,New South Wales,Greater Sydney,-33.85590235701489,151.18130009713212,2838.0,776.0,0.2242060357086427,22.42060357086427,0.3310580204778157,33.105802047781566,82754.27378435517,20390.50142695274,3.6572164948453607,0.5914948453608248,59.149484536082475,0.0103092783505154,1.03092783505154,26031.0,0.5118707516500838,major digital hub
120021389,Lilyfield - Rozelle,Lilyfield - Rozelle,New South Wales,Greater Sydney,-33.867427870735135,151.1669492100685,2524.0,524.0,0.219154293652861,21.915429365286098,0.2818719741796665,28.187197417966647,83545.4940570523,19110.143227843306,4.816793893129771,0.566793893129771,56.6793893129771,0.0114503816793893,1.14503816793893,26040.0,0.525063068991993,major digital hub
120021674,Annandale (NSW),Annandale (NSW),New South Wales,Greater Sydney,-33.88081375549411,151.1713610735017,1888.0,295.0,0.2217003287928605,22.17003287928605,0.25,25.0,62412.43008474576,10058.211320067508,6.4,0.5627118644067797,56.271186440677965,0.0101694915254237,1.01694915254237,11226.0,0.5231128404669261,digitally specialised
120021675,Leichhardt,Leichhardt,New South Wales,Greater Sydney,-33.88158838119148,151.1559741904733,3149.0,571.0,0.2101434768101434,21.01434768101434,0.2580207862629914,25.802078626299142,77266.88536043189,19808.226768506625,5.5148861646234675,0.553415061295972,55.34150612959719,0.0122591943957968,1.22591943957968,13634.5,0.5171135442710578,major digital hub
120031392,Canterbury (North) - Ashbury,Canterbury (North) - Ashbury,New South Wales,Greater Sydney,-33.90642811738883,151.12240955124335,1650.0,178.0,0.1558073654390935,15.58073654390935,0.1724806201550387,17.24806201550387,57367.40727272727,15760.156139582796,9.269662921348315,0.6685393258426966,66.85393258426966,0.0168539325842696,1.68539325842696,11168.0,0.5027911697538696,emerging growth corridor
120031393,Croydon Park - Enfield,Croydon Park - Enfield,New South Wales,Greater Sydney,-33.89455702618432,151.10286972358128,1767.0,218.0,0.1309956260656831,13.09956260656831,0.1347342398022249,13.47342398022249,58489.15138653085,17020.032956699128,8.105504587155963,0.536697247706422,53.669724770642205,0.018348623853211,1.8348623853211,11736.5,0.5037394679541797,emerging growth corridor
120031394,Dulwich Hill - Lewisham,Dulwich Hill - Lewisham,New South Wales,Greater Sydney,-33.901983074960334,151.14118711551038,3250.0,327.0,0.1954064454064454,19.54064454064454,0.2532920216886135,25.329202168861347,60261.22092307692,12948.015776371773,9.938837920489297,0.6269113149847095,62.69113149847095,0.0,0.0,6651.0,0.5147046708954609,major digital hub
120031395,Haberfield - Summer Hill,Haberfield - Summer Hill,New South Wales,Greater Sydney,-33.882409410535786,151.139290471462,2344.0,350.0,0.1953333333333333,19.53333333333333,0.2334889926617745,23.34889926617745,66485.16638225256,19346.57296558589,6.6971428571428575,0.54,54.0,0.0171428571428571,1.71428571428571,10648.5,0.5099601593625498,major digital hub
120031396,Homebush,Homebush,New South Wales,Greater Sydney,-33.86291642696715,151.07519869817932,3067.0,310.0,0.1279996661241183,12.799966612411831,0.111390585698886,11.1390585698886,60711.30991196609,29481.62294147237,9.893548387096772,0.5096774193548387,50.967741935483865,0.0258064516129032,2.5806451612903203,8515.5,0.4492496675742417,large-employer / job-heavy hub
120031676,Ashfield - North,Ashfield - North,New South Wales,Greater Sydney,-33.88283977919404,151.12783276667116,1695.0,124.0,0.1372025254978144,13.720252549781438,0.1789321789321789,17.893217893217887,50523.42300884956,16146.467690733967,13.669354838709678,0.7258064516129032,72.58064516129032,0.0,0.0,1714.5,0.4846219826001715,large-employer / job-heavy hub
120031677,Ashfield - South,Ashfield - South,New South Wales,Greater Sydney,-33.894818986926765,151.12530562125562,1626.0,191.0,0.1440212577502214,14.40212577502214,0.1631084543125533,16.31084543125533,53505.94895448955,16091.501035977592,8.513089005235603,0.6020942408376964,60.20942408376963,0.0157068062827225,1.5706806282722499,6778.0,0.4962088253573648,digitally specialised
120031678,Burwood (NSW),Burwood (NSW),New South Wales,Greater Sydney,-33.878158751189055,151.10210703117576,1766.0,419.0,0.107309959287841,10.7309959287841,0.1437886067261496,14.37886067261496,48684.200169875425,23117.968566302476,4.214797136038186,0.4940334128878281,49.40334128878281,0.0071599045346062,0.7159904534606201,3274.0,0.5006004618937644,digitally specialised
120031679,Croydon,Croydon,New South Wales,Greater Sydney,-33.87810541378267,151.11470352808138,1272.0,175.0,0.1409730688241161,14.097306882411608,0.1643192488262911,16.431924882629108,63626.634040880504,22887.96148186466,7.268571428571429,0.64,64.0,0.0,0.0,8401.0,0.4967272727272727,digitally specialised
120031680,Strathfield - East,Strathfield - East,New South Wales,Greater Sydney,-33.87870884859606,151.09110875827412,2134.0,297.0,0.0923729547225348,9.23729547225348,0.135,13.5,52526.10121836926,29842.529298189187,7.185185185185185,0.494949494949495,49.494949494949495,0.0,0.0,1654.5,0.4481062830299471,lower digital concentration
120031681,Strathfield - West,Strathfield - West,New South Wales,Greater Sydney,-33.878728061939604,151.07550731338952,904.0,155.0,0.1307681180384782,13.076811803847821,0.1061643835616438,10.61643835616438,59406.90597345133,17102.576955658762,5.832258064516129,0.567741935483871,56.774193548387096,0.0193548387096774,1.93548387096774,12252.5,0.4993843447669305,digitally specialised
121011399,Chatswood (West) - Lane Cove North,Chatswood (West) - Lane Cove North,New South Wales,Greater Sydney,-33.801190298660316,151.16549604851082,3766.0,535.0,0.202592931303459,20.259293130345903,0.291235710397387,29.1235710397387,78603.35382368561,26227.78130768152,7.039252336448598,0.5719626168224299,57.19626168224299,0.011214953271028,1.1214953271028,17853.0,0.5122714661734368,major digital hub
121011401,St Leonards - Naremburn,St Leonards - Naremburn,New South Wales,Greater Sydney,-33.81782734373116,151.1940838799535,2863.0,807.0,0.2454140236584947,24.54140236584947,0.2490740740740741,24.90740740740741,83139.60181627663,21075.980137895007,3.547707558859975,0.4213135068153655,42.13135068153655,0.0656753407682775,6.56753407682775,27669.0,0.5068159148841849,major digital hub
121011682,Artarmon,Artarmon,New South Wales,Greater Sydney,-33.808165027146245,151.18631944020407,1638.0,201.0,0.2111096790823559,21.11096790823559,0.253467843631778,25.3467843631778,77917.942002442,26318.992202210007,8.149253731343284,0.6169154228855721,61.69154228855721,0.0,0.0,18950.0,0.5024472573839662,high-income specialist
121011683,Castle Cove - Northbridge,Castle Cove - Northbridge,New South Wales,Greater Sydney,-33.79892216656677,151.2166394425863,2065.0,491.0,0.2178270042194093,21.78270042194093,0.2699285321605277,26.99285321605277,74683.49152542373,20491.988993778155,4.205702647657841,0.5661914460285132,56.61914460285132,0.0061099796334012,0.61099796334012,34739.0,0.4938915754644948,major digital hub
121011684,Chatswood - East,Chatswood - East,New South Wales,Greater Sydney,-33.79278145610033,151.1890686675919,2728.0,1144.0,0.1762729387438614,17.62729387438614,0.2039215686274509,20.39215686274509,67245.00293255132,25312.442484115025,2.3846153846153846,0.4746503496503496,47.46503496503496,0.0349650349650349,3.49650349650349,20082.5,0.5056160797229964,major digital hub
121011685,Greenwich - Riverview,Greenwich - Riverview,New South Wales,Greater Sydney,-33.82757007264267,151.17377868873436,2133.0,518.0,0.2039586919104991,20.395869191049908,0.2858719646799117,28.58719646799117,77267.53867791842,22777.698220852057,4.117760617760617,0.5733590733590733,57.33590733590733,0.0115830115830115,1.15830115830115,26771.0,0.4919708029197079,major digital hub
121011686,Lane Cove,Lane Cove,New South Wales,Greater Sydney,-33.81568400766889,151.1597845055834,2733.0,515.0,0.2096341182787451,20.96341182787451,0.2454718779790276,24.547187797902758,80607.08507135017,21171.01534672027,5.306796116504854,0.5320388349514563,53.20388349514563,0.0174757281553398,1.74757281553398,23369.0,0.5110934235399462,major digital hub
121011687,Willoughby,Willoughby,New South Wales,Greater Sydney,-33.80159643980375,151.20142904717554,1818.0,362.0,0.1896713615023474,18.96713615023474,0.2484557309540151,24.84557309540151,81727.09873487349,24687.10749856677,5.0220994475138125,0.5773480662983426,57.73480662983425,0.0082872928176795,0.82872928176795,30541.0,0.5124391207055417,major digital hub
121021403,Asquith - Mount Colah,Asquith - Mount Colah,New South Wales,Greater Sydney,-33.659841066910616,151.12100230943068,2823.0,395.0,0.1529832547553243,15.29832547553243,0.2307242990654205,23.072429906542048,77787.8182784272,28396.380978259214,7.146835443037975,0.5063291139240507,50.63291139240506,0.0,0.0,23285.0,0.4947264801012516,major digital hub
121021404,Berowra - Brooklyn - Cowan,Berowra - Brooklyn - Cowan,New South Wales,Greater Sydney,-33.58340600254536,151.17709279658467,1360.0,204.0,0.1436720895837735,14.36720895837735,0.2475728155339805,24.75728155339805,81495.79705882353,32190.397840568723,6.666666666666667,0.4754901960784313,47.54901960784313,0.0,0.0,26088.0,0.4950600801068091,high-income specialist
121021406,Normanhurst - Thornleigh - Westleigh,Normanhurst - Thornleigh - Westleigh,New South Wales,Greater Sydney,-33.71911721123222,151.0816428800143,2519.0,451.0,0.1687998391744287,16.87998391744287,0.2690930787589499,26.90930787589499,82109.63973799127,30292.82860752152,5.585365853658536,0.4922394678492239,49.22394678492239,0.0110864745011086,1.10864745011086,29293.0,0.495304557594555,major digital hub
121021577,Hornsby - East,Hornsby - East,New South Wales,Greater Sydney,-33.70084167264623,151.10734489131383,1490.0,259.0,0.1282934389529877,12.82934389529877,0.161875,16.1875,70669.3322147651,31518.954653201472,5.7528957528957525,0.5057915057915058,50.57915057915058,0.0193050193050193,1.9305019305019302,11016.0,0.489625,high-income specialist
121021578,Hornsby - West,Hornsby - West,New South Wales,Greater Sydney,-33.696442891919915,151.09149466204053,1382.0,188.0,0.1662056524353578,16.62056524353578,0.2315270935960591,23.15270935960591,74154.95658465991,26907.071978526423,7.351063829787234,0.5319148936170213,53.191489361702125,0.0,0.0,21971.0,0.4911114546297727,high-income specialist
121021579,Wahroonga (West) - Waitara,Wahroonga (West) - Waitara,New South Wales,Greater Sydney,-33.71073772036684,151.10906033969582,1651.0,240.0,0.1858815582076109,18.58815582076109,0.2693602693602693,26.93602693602693,78057.11477892187,28042.492283988293,6.879166666666666,0.625,62.5,0.0,0.0,23249.5,0.4982641509433962,high-income specialist
121031407,Gordon - Killara,Gordon - Killara,New South Wales,Greater Sydney,-33.76054056108047,151.16265435573084,3068.0,689.0,0.189969040247678,18.9969040247678,0.2226890756302521,22.26890756302521,69548.5,22594.84068111455,4.452830188679245,0.5500725689404935,55.00725689404935,0.0159651669085631,1.59651669085631,21626.0,0.4987705547871523,major digital hub
121031408,Lindfield - Roseville,Lindfield - Roseville,New South Wales,Greater Sydney,-33.77772097165465,151.17597893080233,3502.0,770.0,0.1938233340712862,19.38233340712862,0.2638793694311172,26.38793694311172,75950.50028555111,24284.829071249587,4.548051948051948,0.5532467532467532,55.32467532467532,0.0077922077922077,0.77922077922077,27089.0,0.5004488640287273,major digital hub
121031409,Pymble,Pymble,New South Wales,Greater Sydney,-33.751592940790964,151.1366485113145,2514.0,617.0,0.1944315545243619,19.44315545243619,0.2504058441558441,25.040584415584412,76671.26093874306,23506.867241913977,4.074554294975689,0.539708265802269,53.970826580226905,0.019448946515397,1.9448946515397,35467.0,0.5073429951690821,major digital hub
121031410,St Ives,St Ives,New South Wales,Greater Sydney,-33.72085712813257,151.17079431166155,2871.0,628.0,0.1936071211814687,19.360712118146868,0.266553480475382,26.6553480475382,78787.50696621386,25612.780383167126,4.571656050955414,0.5366242038216561,53.66242038216561,0.0047770700636942,0.47770700636942,34865.5,0.5007407407407407,major digital hub
121031411,Turramurra,Turramurra,New South Wales,Greater Sydney,-33.71071758161273,151.13955978695876,2694.0,592.0,0.1932984142928894,19.32984142928894,0.2926347009391992,29.26347009391992,78892.43207126949,25164.315690412775,4.550675675675675,0.543918918918919,54.391891891891895,0.0050675675675675,0.50675675675675,35072.0,0.5029291674063554,major digital hub
121031412,Wahroonga (East) - Warrawee,Wahroonga (East) - Warrawee,New South Wales,Greater Sydney,-33.71633163039436,151.12073326632603,2500.0,587.0,0.1923372826588706,19.23372826588706,0.2741709481550677,27.417094815506772,77432.4928,26304.226951407916,4.258943781942079,0.565587734241908,56.558773424190804,0.0051107325383304,0.51107325383304,30013.0,0.4938212010040548,major digital hub
121041413,Cremorne - Cammeray,Cremorne - Cammeray,New South Wales,Greater Sydney,-33.826697264493426,151.2222106410965,3624.0,676.0,0.2290481607887751,22.90481607887751,0.2984547461368653,29.84547461368653,81428.23178807947,20437.076940399027,5.3609467455621305,0.6094674556213018,60.946745562130175,0.0044378698224852,0.44378698224852003,22042.0,0.538754661910167,major digital hub
121041414,Crows Nest - Waverton,Crows Nest - Waverton,New South Wales,Greater Sydney,-33.83194558373182,151.19960606810895,3859.0,874.0,0.2360533398580866,23.60533398580866,0.3121428571428571,31.21428571428571,84698.19486913708,22636.85091268981,4.41533180778032,0.5331807780320366,53.31807780320366,0.0240274599542334,2.40274599542334,21370.0,0.5243559906909557,major digital hub
121041416,Neutral Bay - Kirribilli,Neutral Bay - Kirribilli,New South Wales,Greater Sydney,-33.83900257037948,151.21772186014852,3700.0,800.0,0.2410266432154257,24.10266432154257,0.2722014290575025,27.22014290575025,71227.98486486486,16205.811032541234,4.625,0.5175,51.74999999999999,0.0175,1.7500000000000002,15546.0,0.5240504158449798,major digital hub
121041417,North Sydney - Lavender Bay,North Sydney - Lavender Bay,New South Wales,Greater Sydney,-33.83911733765375,151.2071109643086,2899.0,1952.0,0.2480321697467488,24.80321697467488,0.294997733111682,29.499773311168198,79453.5372542256,20637.159259701293,1.4851434426229508,0.4236680327868852,42.36680327868852,0.1055327868852459,10.553278688524589,26972.5,0.4945128034585966,major digital hub
121041688,Mosman - North,Mosman - North,New South Wales,Greater Sydney,-33.819238827391736,151.24319352234355,2256.0,497.0,0.2183296235362431,21.83296235362431,0.2568475452196382,25.68475452196382,74038.49556737588,19452.248204557727,4.5392354124748495,0.5995975855130785,59.95975855130785,0.0060362173038229,0.60362173038229,22831.0,0.517957957957958,major digital hub
121041689,Mosman - South,Mosman - South,New South Wales,Greater Sydney,-33.83508123117437,151.24552593950645,2522.0,612.0,0.2245570296500756,22.45570296500756,0.2770484382073336,27.70484382073336,69855.71371927042,15026.377195363384,4.120915032679738,0.5784313725490197,57.84313725490197,0.0049019607843137,0.49019607843137003,37654.0,0.509370441027943,major digital hub
122011418,Balgowlah - Clontarf - Seaforth,Balgowlah - Clontarf - Seaforth,New South Wales,Greater Sydney,-33.797797486424315,151.2538208640013,3242.0,747.0,0.1972379387966173,19.72379387966173,0.2939787485242031,29.39787485242031,76437.8806292412,23601.46425155671,4.340026773761713,0.5582329317269076,55.82329317269076,0.0080321285140562,0.80321285140562,39251.5,0.5032887100518455,major digital hub
122011419,Manly - Fairlight,Manly - Fairlight,New South Wales,Greater Sydney,-33.80303316557157,151.28826091129503,4876.0,1019.0,0.2262015216181109,22.62015216181109,0.3148949320148331,31.48949320148331,77983.35695242001,29733.114050211818,4.785083415112855,0.5309126594700687,53.091265947006875,0.014720314033366,1.4720314033366,27606.0,0.5012759071388561,major digital hub
122021420,Avalon - Palm Beach,Avalon - Palm Beach,New South Wales,Greater Sydney,-33.61872688745529,151.3262329000757,1887.0,509.0,0.1993239674659343,19.93239674659343,0.271321961620469,27.132196162046903,46689.09167991521,10957.733329857116,3.707269155206286,0.550098231827112,55.0098231827112,0.005893909626719,0.5893909626718999,24309.0,0.4949917585900849,major digital hub
122021421,Bayview - Elanora Heights,Bayview - Elanora Heights,New South Wales,Greater Sydney,-33.63314332158703,151.26634044400993,1304.0,336.0,0.162654359486092,16.2654359486092,0.2193211488250653,21.93211488250653,59716.25766871166,18658.78037047042,3.880952380952381,0.5446428571428571,54.46428571428571,0.0,0.0,27085.0,0.4887387387387387,digitally specialised
122021422,Newport - Bilgola,Newport - Bilgola,New South Wales,Greater Sydney,-33.6521828716243,151.31603301207232,1889.0,495.0,0.1704412162771812,17.04412162771812,0.2703440742763517,27.03440742763517,54367.055584965594,14941.678069852358,3.816161616161616,0.5858585858585859,58.58585858585859,0.0,0.0,20885.5,0.4949335735194776,major digital hub
122021690,Mona Vale - Warriewood (North),Mona Vale - Warriewood (North),New South Wales,Greater Sydney,-33.677257415753296,151.29986430194302,1873.0,472.0,0.1632386264598222,16.32386264598222,0.1784499054820416,17.84499054820416,46516.54404698345,6247.555071909366,3.968220338983051,0.4597457627118644,45.97457627118644,0.010593220338983,1.0593220338983,26032.5,0.498065229408513,major digital hub
122021691,North Narrabeen - Warriewood (South),North Narrabeen - Warriewood (South),New South Wales,Greater Sydney,-33.69746119682163,151.29555412716573,1315.0,236.0,0.1435276140580659,14.352761405806591,0.194078947368421,19.4078947368421,62538.37984790874,19804.86625917266,5.572033898305085,0.5042372881355932,50.42372881355932,0.0127118644067796,1.27118644067796,22044.0,0.4990940766550523,digitally specialised
122031424,Beacon Hill - Narraweena,Beacon Hill - Narraweena,New South Wales,Greater Sydney,-33.75138134854372,151.26449185191248,1603.0,260.0,0.1416077738515901,14.16077738515901,0.2194092827004219,21.94092827004219,72241.8209606987,29654.881384726963,6.165384615384616,0.5576923076923077,55.769230769230774,0.0,0.0,17908.0,0.4923007755423176,high-income specialist
122031425,Cromer,Cromer,New South Wales,Greater Sydney,-33.73172286313267,151.267466939976,844.0,161.0,0.1372357723577235,13.72357723577235,0.1614844533600802,16.14844533600802,67542.86611374408,24016.64034138636,5.24223602484472,0.5527950310559007,55.27950310559007,0.0248447204968944,2.4844720496894404,19982.0,0.5016556291390728,digitally specialised
122031427,Forestville - Killarney Heights,Forestville - Killarney Heights,New South Wales,Greater Sydney,-33.76649426877606,151.21580046503735,1796.0,364.0,0.1812676624949535,18.12676624949535,0.2961757526444263,29.617575264442632,69742.36636971046,22929.426422193304,4.934065934065934,0.532967032967033,53.2967032967033,0.0082417582417582,0.82417582417582,30286.0,0.5073923018098394,major digital hub
122031429,Freshwater - Brookvale,Freshwater - Brookvale,New South Wales,Greater Sydney,-33.77097290440709,151.2783339532756,3636.0,872.0,0.1827503015681544,18.27503015681544,0.2022732544653212,20.22732544653212,75458.60478547854,26931.925955562983,4.169724770642202,0.4965596330275229,49.65596330275229,0.0126146788990825,1.26146788990825,19604.0,0.4975333815694271,major digital hub
122031430,Manly Vale - Allambie Heights,Manly Vale - Allambie Heights,New South Wales,Greater Sydney,-33.773595638392564,151.25123811612875,2545.0,400.0,0.174350894019319,17.4350894019319,0.2538071065989847,25.38071065989847,72551.48762278978,24882.285663483068,6.3625,0.51,51.0,0.0075,0.75,21880.0,0.5041314971123945,major digital hub
122031432,Terrey Hills - Duffys Forest,Terrey Hills - Duffys Forest,New South Wales,Greater Sydney,-33.66962113866882,151.2121610638597,351.0,112.0,0.1292341678939617,12.92341678939617,0.1836065573770491,18.36065573770491,68120.07122507122,25470.774465130133,3.1339285714285716,0.5625,56.25,0.0,0.0,21126.0,0.4868947134606841,digitally specialised
122031692,Belrose,Belrose,New South Wales,Greater Sydney,-33.7221064013334,151.21101550774597,972.0,296.0,0.1506976744186046,15.06976744186046,0.2645218945487042,26.452189454870418,76221.46039094651,29644.125662264338,3.283783783783784,0.4560810810810811,45.608108108108105,0.0202702702702702,2.0270270270270196,27510.5,0.4983131573724945,high-income specialist
122031693,Collaroy - Collaroy Plateau,Collaroy - Collaroy Plateau,New South Wales,Greater Sydney,-33.736017463102456,151.2972316006867,1794.0,304.0,0.1522274077216801,15.222740772168011,0.2214129643117261,22.14129643117261,66217.19397993312,23707.684009631885,5.901315789473684,0.5526315789473685,55.26315789473685,0.0098684210526315,0.9868421052631501,19808.0,0.496042216358839,digitally specialised
122031694,Dee Why (South) - North Curl Curl,Dee Why (South) - North Curl Curl,New South Wales,Greater Sydney,-33.76065825048378,151.29184655001433,1269.0,253.0,0.1541919805589307,15.419198055893071,0.2613636363636363,26.13636363636363,64634.490149724195,23371.64093951763,5.015810276679842,0.5770750988142292,57.70750988142292,0.0,0.0,16504.5,0.4966453674121405,digitally specialised
122031695,Dee Why - North,Dee Why - North,New South Wales,Greater Sydney,-33.75093908836328,151.2874218160077,2245.0,321.0,0.1193958410891879,11.93958410891879,0.1891573364761343,18.91573364761343,65866.69755011136,26840.124157567618,6.993769470404985,0.5451713395638629,54.51713395638629,0.0124610591900311,1.24610591900311,11380.0,0.4945273631840796,major digital hub
122031696,Frenchs Forest - Oxford Falls,Frenchs Forest - Oxford Falls,New South Wales,Greater Sydney,-33.740610826237514,151.22558162399034,2293.0,465.0,0.1680715385179212,16.80715385179212,0.2459016393442623,24.59016393442623,75087.7082424771,25701.62684542367,4.931182795698925,0.4645161290322581,46.45161290322581,0.021505376344086,2.1505376344086,27537.0,0.493792847878451,major digital hub
122031697,Narrabeen - Wheeler Heights,Narrabeen - Wheeler Heights,New South Wales,Greater Sydney,-33.720243249383174,151.2891674760194,1268.0,202.0,0.1516746411483253,15.16746411483253,0.1854912764003673,18.54912764003673,60754.96135646688,16824.7225406774,6.2772277227722775,0.4851485148514851,48.514851485148505,0.0,0.0,19503.0,0.5081842982722037,digitally specialised
123011433,Camden - Ellis Lane,Camden - Ellis Lane,New South Wales,Greater Sydney,-34.06542950059029,150.68213030243663,747.0,170.0,0.0761079979623026,7.61079979623026,0.1232777374909354,12.32777374909354,49243.548192771086,3903.453388899463,4.394117647058824,0.3647058823529411,36.47058823529411,0.0235294117647058,2.35294117647058,25226.0,0.5000650618087182,lower digital concentration
123011699,Elderslie - Narellan,Elderslie - Narellan,New South Wales,Greater Sydney,-34.04333518751936,150.71877338688,803.0,161.0,0.0722447143499775,7.224471434997751,0.1159107271418286,11.59107271418286,43202.37110834371,-561.0511588627705,4.987577639751553,0.4968944099378882,49.68944099378882,0.0,0.0,26690.0,0.4885823025689819,lower digital concentration
123011700,Harrington Park,Harrington Park,New South Wales,Greater Sydney,-34.025239080414316,150.7400734437435,731.0,125.0,0.0766890474192194,7.66890474192194,0.1361655773420479,13.61655773420479,52273.57934336525,7189.021118438686,5.848,0.464,46.400000000000006,0.024,2.4,23944.5,0.4882897603485839,lower digital concentration
123011701,Mount Annan,Mount Annan,New South Wales,Greater Sydney,-34.063716346272614,150.75824359793316,1166.0,118.0,0.0719708659959261,7.19708659959261,0.1133525456292026,11.33525456292026,47208.66552315609,2855.7311363898407,9.88135593220339,0.5338983050847458,53.38983050847458,0.0,0.0,24272.0,0.4920700139699235,large-employer / job-heavy hub
123011702,Spring Farm,Spring Farm,New South Wales,Greater Sydney,-34.0707354865598,150.72504077251688,520.0,56.0,0.0612557427258805,6.12557427258805,0.1111111111111111,11.11111111111111,53209.57211538462,5707.177722641063,9.285714285714286,0.5714285714285714,57.14285714285714,0.0,0.0,28701.0,0.5071976967370442,lower digital concentration
123021436,Bradbury - Wedderburn,Bradbury - Wedderburn,New South Wales,Greater Sydney,-34.12682641078533,150.82206371546206,881.0,92.0,0.0581287938770124,5.81287938770124,0.1025641025641025,10.25641025641025,40242.58002270148,4329.230425182344,9.576086956521738,0.6521739130434783,65.21739130434783,0.0,0.0,18526.0,0.4769357495881384,large-employer / job-heavy hub
123021437,Campbelltown - Woodbine,Campbelltown - Woodbine,New South Wales,Greater Sydney,-34.064869156923926,150.80832933645445,1342.0,243.0,0.0735020265089275,7.35020265089275,0.1100045269352648,11.00045269352648,44059.746274217585,8253.786475773064,5.522633744855967,0.522633744855967,52.2633744855967,0.0288065843621399,2.88065843621399,13319.0,0.4698562374400989,emerging growth corridor
123021438,Claymore - Eagle Vale - Raby,Claymore - Eagle Vale - Raby,New South Wales,Greater Sydney,-34.0245886131179,150.80650812338183,990.0,102.0,0.0624763347216963,6.24763347216963,0.0954162768942937,9.54162768942937,45119.41111111111,6626.8768753418335,9.705882352941176,0.5686274509803921,56.86274509803921,0.0,0.0,15717.5,0.4721272229822161,large-employer / job-heavy hub
123021441,Leumeah - Minto Heights,Leumeah - Minto Heights,New South Wales,Greater Sydney,-34.05392404449313,150.86084107217715,816.0,84.0,0.0638947615691801,6.38947615691801,0.1004784688995215,10.047846889952151,48067.683210784315,10638.436832270498,9.714285714285714,0.6071428571428571,60.71428571428571,0.0,0.0,14429.0,0.4729021913415286,large-employer / job-heavy hub
123021443,Minto - St Andrews,Minto - St Andrews,New South Wales,Greater Sydney,-34.028055002752126,150.84456172529187,1176.0,142.0,0.0702718852703914,7.027188527039139,0.0787576261785912,7.875762617859119,44788.39413265306,9037.29580579319,8.28169014084507,0.5140845070422535,51.40845070422535,0.0211267605633802,2.11267605633802,15036.0,0.458497375328084,emerging growth corridor
123021444,Rosemeadow - Glen Alpine,Rosemeadow - Glen Alpine,New South Wales,Greater Sydney,-34.12036259826254,150.77446984367876,974.0,119.0,0.0623240337855131,6.23240337855131,0.1225540679711637,12.25540679711637,46726.88706365503,9474.331266368106,8.184873949579831,0.6722689075630253,67.22689075630252,0.0,0.0,18337.5,0.4728702263694487,lower digital concentration
123021703,Denham Court - Bardia,Denham Court - Bardia,New South Wales,Greater Sydney,-33.98082157974514,150.83659203174238,1360.0,161.0,0.0984009840098401,9.84009840098401,0.1355218855218855,13.552188552188548,61162.875,19255.609244989508,8.4472049689441,0.5217391304347826,52.17391304347826,0.0,0.0,20864.5,0.4806716126513081,lower digital concentration
123021704,Glenfield,Glenfield,New South Wales,Greater Sydney,-33.97146325428405,150.89354307884736,827.0,87.0,0.0946224256292906,9.46224256292906,0.1497418244406196,14.97418244406196,61327.86577992745,21580.98660372608,9.505747126436782,0.5287356321839081,52.87356321839081,0.0344827586206896,3.44827586206896,18150.0,0.4809355975648831,lower digital concentration
123021705,Ingleburn,Ingleburn,New South Wales,Greater Sydney,-34.00191030010545,150.86451463564018,1069.0,154.0,0.0767463565223634,7.674635652236341,0.0821333333333333,8.21333333333333,52021.09401309635,15499.755726069285,6.941558441558442,0.4805194805194805,48.05194805194805,0.0584415584415584,5.84415584415584,16328.0,0.47007007007007,lower digital concentration
123021706,Macquarie Fields,Macquarie Fields,New South Wales,Greater Sydney,-33.99633914448314,150.89406118905703,725.0,69.0,0.067191844300278,6.719184430027799,0.0995670995670995,9.95670995670995,42551.191724137934,10941.22726630661,10.507246376811594,0.5942028985507246,59.42028985507246,0.0,0.0,14548.5,0.4672120332497691,lower digital concentration
123031446,Douglas Park - Appin,Douglas Park - Appin,New South Wales,Greater Sydney,-34.18145364441,150.72952490641921,652.0,120.0,0.0763644881705317,7.63644881705317,0.1097895699908508,10.97895699908508,51648.21472392638,3236.219818796373,5.433333333333334,0.4666666666666667,46.666666666666664,0.0,0.0,32663.0,0.4786072587784007,emerging growth corridor
123031447,Picton - Tahmoor - Buxton,Picton - Tahmoor - Buxton,New South Wales,Greater Sydney,-34.1934364267325,150.54410624275408,1008.0,154.0,0.0657877561676021,6.57877561676021,0.0944785276073619,9.44785276073619,44688.06349206349,2082.269013535886,6.545454545454546,0.4935064935064935,49.35064935064935,0.0194805194805194,1.94805194805194,26292.0,0.4897298218699394,emerging growth corridor
124011450,Blaxland - Warrimoo - Lapstone,Blaxland - Warrimoo - Lapstone,New South Wales,Greater Sydney,-33.74208754068753,150.62090733315293,1427.0,252.0,0.0950129835541647,9.50129835541647,0.2001588562351072,20.01588562351072,58699.39523475823,11284.29482860602,5.662698412698413,0.5436507936507936,54.36507936507936,0.0119047619047619,1.19047619047619,23982.0,0.4953935246117399,digitally specialised
124011452,Katoomba - Leura,Katoomba - Leura,New South Wales,Greater Sydney,-33.70266260664567,150.30932853895882,912.0,251.0,0.0976654529877918,9.76654529877918,0.2047308319738988,20.47308319738988,43528.89473684211,11348.822772824116,3.633466135458167,0.5537848605577689,55.37848605577689,0.0119521912350597,1.19521912350597,11813.0,0.5031275496328529,digitally specialised
124011453,Lawson - Hazelbrook - Linden,Lawson - Hazelbrook - Linden,New South Wales,Greater Sydney,-33.724040073794136,150.46225551405306,702.0,148.0,0.081391304347826,8.1391304347826,0.2078651685393258,20.78651685393258,45379.3717948718,2999.577823857304,4.743243243243243,0.5945945945945946,59.45945945945946,0.0,0.0,19582.5,0.5035314891112419,digitally specialised
124011454,Springwood - Winmalee,Springwood - Winmalee,New South Wales,Greater Sydney,-33.69034621860324,150.5947982077712,1363.0,278.0,0.0823117338003502,8.23117338003502,0.1844724618447246,18.44724618447246,58133.18598679384,12871.222432231363,4.902877697841727,0.5935251798561151,59.352517985611506,0.0107913669064748,1.07913669064748,22681.0,0.4961113703530875,digitally specialised
124011455,Wentworth Falls,Wentworth Falls,New South Wales,Greater Sydney,-33.721663397228866,150.3797356450465,457.0,116.0,0.1108954137345304,11.08954137345304,0.2406639004149377,24.066390041493772,42275.853391684905,4590.636090059088,3.939655172413793,0.5862068965517241,58.620689655172406,0.0,0.0,22060.0,0.5043582807333934,digitally specialised
124031457,Cambridge Park,Cambridge Park,New South Wales,Greater Sydney,-33.74611807627723,150.73354104433704,688.0,73.0,0.0543315170180841,5.43315170180841,0.1097744360902255,10.977443609022549,47787.93531976744,6918.7994120046715,9.424657534246576,0.6164383561643836,61.64383561643836,0.0,0.0,19760.0,0.4925534211094323,lower digital concentration
124031459,Emu Plains - Leonay,Emu Plains - Leonay,New South Wales,Greater Sydney,-33.74619583222409,150.65849305101972,755.0,127.0,0.0694125218350648,6.94125218350648,0.1172668513388735,11.72668513388735,54436.833774834435,7532.109678116591,5.94488188976378,0.5196850393700787,51.96850393700787,0.0236220472440944,2.36220472440944,23209.5,0.4908805411281556,lower digital concentration
124031460,Glenmore Park - Regentville,Glenmore Park - Regentville,New South Wales,Greater Sydney,-33.78645779777341,150.67742690054322,1137.0,167.0,0.063005652222099,6.3005652222099,0.1338141025641025,13.38141025641025,55574.26649076517,8507.410400772926,6.808383233532934,0.5688622754491018,56.886227544910184,0.0,0.0,23901.0,0.5005164527076877,lower digital concentration
124031461,Jamisontown - South Penrith,Jamisontown - South Penrith,New South Wales,Greater Sydney,-33.77104414812268,150.68917538585123,851.0,127.0,0.0614529173887926,6.145291738879259,0.0992963252541047,9.92963252541047,42747.98942420682,798.7146913934193,6.700787401574803,0.4645669291338583,46.45669291338583,0.0393700787401574,3.93700787401574,19756.0,0.4869624440552637,lower digital concentration
124031462,Kingswood - Werrington,Kingswood - Werrington,New South Wales,Greater Sydney,-33.765899271604425,150.740259911831,1399.0,136.0,0.0673016789339491,6.73016789339491,0.0985507246376811,9.85507246376811,46118.305218012865,8619.140836428218,10.286764705882351,0.6176470588235294,61.76470588235294,0.0,0.0,16678.0,0.4847170590665014,large-employer / job-heavy hub
124031463,Mulgoa - Luddenham - Orchard Hills,Mulgoa - Luddenham - Orchard Hills,New South Wales,Greater Sydney,-33.83529711469804,150.68962670757293,684.0,129.0,0.0704355885078776,7.043558850787759,0.0927390366642703,9.27390366642703,49930.94298245614,4783.746813163583,5.3023255813953485,0.4961240310077519,49.61240310077519,0.0232558139534883,2.32558139534883,23831.5,0.482875374397708,lower digital concentration
124031464,Penrith,Penrith,New South Wales,Greater Sydney,-33.74782413322675,150.69712647656934,1147.0,278.0,0.0753613666228646,7.53613666228646,0.1230633023461708,12.30633023461708,48158.88317349608,11678.786327241149,4.125899280575539,0.4352517985611511,43.52517985611511,0.0215827338129496,2.15827338129496,12674.0,0.4867755179986632,emerging growth corridor
124031707,Cranebrook - Castlereagh,Cranebrook - Castlereagh,New South Wales,Greater Sydney,-33.69466670990061,150.68820406099712,877.0,88.0,0.0639212827988338,6.39212827988338,0.0805860805860805,8.05860805860805,52567.420752565566,9508.258143236118,9.965909090909092,0.5681818181818182,56.81818181818182,0.0,0.0,22973.0,0.4876828329484218,large-employer / job-heavy hub
124031708,Jordan Springs - Llandilo,Jordan Springs - Llandilo,New South Wales,Greater Sydney,-33.712850122014565,150.7465041782812,840.0,95.0,0.0735744941753525,7.35744941753525,0.1043956043956044,10.43956043956044,58335.44761904762,14244.446349011703,8.842105263157896,0.4,40.0,0.0,0.0,25109.0,0.4971504789620468,lower digital concentration
124041466,Richmond - Clarendon,Richmond - Clarendon,New South Wales,Greater Sydney,-33.589909078234896,150.74928201267738,773.0,150.0,0.0641015009536445,6.41015009536445,0.1104565537555228,11.045655375552279,34443.35834411384,-3646.90863490598,5.153333333333333,0.5266666666666666,52.666666666666664,0.02,2.0,19790.0,0.4966872791519434,lower digital concentration
124041467,Windsor - Bligh Park,Windsor - Bligh Park,New South Wales,Greater Sydney,-33.635673421955254,150.80854410962857,721.0,123.0,0.0580281690140845,5.80281690140845,0.0876692801140413,8.766928011404131,40201.01941747573,1409.5335422242206,5.861788617886178,0.4308943089430894,43.08943089430894,0.0,0.0,19996.5,0.487256371814093,lower digital concentration
124051470,St Clair,St Clair,New South Wales,Greater Sydney,-33.79726787726261,150.78470581245233,938.0,111.0,0.0578512396694214,5.78512396694214,0.092964824120603,9.2964824120603,46427.975479744135,5332.37075543181,8.45045045045045,0.5945945945945946,59.45945945945946,0.0,0.0,18889.0,0.4746471939612733,lower digital concentration
124051580,Colyton - Oxley Park,Colyton - Oxley Park,New South Wales,Greater Sydney,-33.77946462507654,150.7963027449473,608.0,56.0,0.0556368960468521,5.56368960468521,0.0963855421686747,9.63855421686747,40101.74013157895,6625.155440876166,10.857142857142858,0.5892857142857143,58.92857142857143,0.0535714285714285,5.35714285714285,15137.0,0.4784939032560632,lower digital concentration
124051581,St Marys - North St Marys,St Marys - North St Marys,New South Wales,Greater Sydney,-33.759527621223704,150.77500894539858,883.0,112.0,0.0601089176310415,6.0108917631041505,0.0698254364089775,6.98254364089775,38000.11155152888,7162.617610072102,7.883928571428571,0.5267857142857143,52.67857142857143,0.0,0.0,13486.0,0.4531919233122578,emerging growth corridor
125011582,Auburn - Central,Auburn - Central,New South Wales,Greater Sydney,-33.852336010454,151.02501421615406,1079.0,187.0,0.0602995417458365,6.02995417458365,0.0708065126845891,7.08065126845891,38362.93697868397,18582.198490922707,5.770053475935829,0.5454545454545454,54.54545454545454,0.0,0.0,1149.5,0.3930640691913679,emerging growth corridor
125011583,Auburn - North,Auburn - North,New South Wales,Greater Sydney,-33.84241659762838,151.03276366643288,643.0,85.0,0.0470510756622274,4.705107566222741,0.0547327752736638,5.473277527366379,25814.097200622084,9430.85561566672,7.564705882352941,0.5411764705882353,54.11764705882353,0.0705882352941176,7.05882352941176,1249.0,0.3749527529293184,lower digital concentration
125011585,Berala,Berala,New South Wales,Greater Sydney,-33.87446372887492,151.03377079630522,523.0,46.0,0.0841783357476259,8.41783357476259,0.0569306930693069,5.69306930693069,45737.65200764818,16773.412187915364,11.369565217391305,0.717391304347826,71.73913043478261,0.0,0.0,5003.0,0.4395304967512052,lower digital concentration
125011586,Lidcombe,Lidcombe,New South Wales,Greater Sydney,-33.8628908313112,151.04644500626358,1706.0,246.0,0.0813232910668319,8.132329106683189,0.0827447023208879,8.27447023208879,50897.140973036345,23491.38634914465,6.934959349593496,0.5447154471544715,54.47154471544715,0.0,0.0,2337.5,0.4609507066062614,emerging growth corridor
125011709,Silverwater - Newington,Silverwater - Newington,New South Wales,Greater Sydney,-33.834625552618846,151.04912405322145,741.0,244.0,0.1212170783575985,12.12170783575985,0.1201970443349753,12.01970443349753,69598.16801619434,22309.322359397345,3.0368852459016393,0.4672131147540984,46.72131147540984,0.0655737704918032,6.55737704918032,15410.0,0.4779100262255396,digitally specialised
125011710,Wentworth Point - Sydney Olympic Park,Wentworth Point - Sydney Olympic Park,New South Wales,Greater Sydney,-33.84015567661866,151.06870328914985,3291.0,380.0,0.1662457062032734,16.62457062032734,0.1461538461538461,14.615384615384611,63780.583713157095,20369.517639202764,8.660526315789474,0.6105263157894737,61.05263157894737,0.0184210526315789,1.84210526315789,15372.0,0.503229754538655,major digital hub
125021477,Ermington - Rydalmere,Ermington - Rydalmere,New South Wales,Greater Sydney,-33.81102121401329,151.05031285288746,2226.0,332.0,0.1165323002826929,11.65323002826929,0.1212563915266618,12.12563915266618,61425.03459119497,17370.023362004307,6.704819277108434,0.5632530120481928,56.325301204819276,0.0,0.0,14366.0,0.4816869402486298,major digital hub
125021478,Oatlands - Dundas Valley,Oatlands - Dundas Valley,New South Wales,Greater Sydney,-33.79440044634635,151.03954542828257,1658.0,271.0,0.1268262831790713,12.68262831790713,0.1447649572649572,14.47649572649572,59537.62484921592,18594.376245222957,6.118081180811808,0.5645756457564576,56.457564575645755,0.011070110701107,1.1070110701106999,11473.5,0.488403041825095,emerging growth corridor
125021711,Carlingford - East,Carlingford - East,New South Wales,Greater Sydney,-33.771234819305576,151.05734741167205,1218.0,177.0,0.1503889369057908,15.03889369057908,0.1612021857923497,16.120218579234972,65288.120689655174,22418.097229968793,6.88135593220339,0.536723163841808,53.672316384180796,0.0,0.0,20107.0,0.4904849600982198,digitally specialised
125021712,Carlingford - West,Carlingford - West,New South Wales,Greater Sydney,-33.775284367725256,151.04075992221271,1968.0,310.0,0.1422684883973107,14.22684883973107,0.1526341703594288,15.263417035942881,65226.38821138212,22957.741063258065,6.348387096774194,0.5645161290322581,56.451612903225815,0.0,0.0,14138.5,0.4818091541030965,digitally specialised
125031479,Chester Hill - Sefton,Chester Hill - Sefton,New South Wales,Greater Sydney,-33.882004564584435,150.99825274985457,939.0,150.0,0.0769672131147541,7.69672131147541,0.0678426051560379,6.7842605156037905,42763.74973375931,12314.456209169151,6.26,0.5733333333333334,57.333333333333336,0.02,2.0,4499.0,0.4389301332248551,emerging growth corridor
125031480,Fairfield - East,Fairfield - East,New South Wales,Greater Sydney,-33.87445495135115,150.97287237599747,691.0,86.0,0.0693357415211719,6.93357415211719,0.0525351252290775,5.253512522907751,38677.437047756874,11857.720812557196,8.034883720930232,0.5232558139534884,52.32558139534884,0.0,0.0,3141.5,0.4269811820832229,lower digital concentration
125031481,Granville - Clyde,Granville - Clyde,New South Wales,Greater Sydney,-33.837960804055385,151.00744352116504,1608.0,237.0,0.0699221637604905,6.99221637604905,0.0818935729094678,8.18935729094678,41107.82089552239,17739.68763901067,6.784810126582278,0.5316455696202531,53.16455696202531,0.0126582278481012,1.26582278481012,1458.5,0.4276415280426063,emerging growth corridor
125031483,Guildford - South Granville,Guildford - South Granville,New South Wales,Greater Sydney,-33.859335703252356,151.00206126743933,900.0,169.0,0.0701590271281571,7.015902712815709,0.0661707126076742,6.617071260767419,35424.02222222222,10278.684757301737,5.325443786982248,0.6035502958579881,60.35502958579882,0.0177514792899408,1.7751479289940801,3893.5,0.4165612532840323,emerging growth corridor
125031484,Guildford West - Merrylands West,Guildford West - Merrylands West,New South Wales,Greater Sydney,-33.84547008627365,150.96995842131028,1125.0,172.0,0.0729619300862572,7.29619300862572,0.0802613159122725,8.02613159122725,43864.46044444444,13441.612464679216,6.540697674418604,0.6453488372093024,64.53488372093024,0.0,0.0,5527.0,0.4406580493537015,emerging growth corridor
125031713,Greystanes - South,Greystanes - South,New South Wales,Greater Sydney,-33.827574979605615,150.94617186093723,983.0,149.0,0.0856271777003484,8.56271777003484,0.1090775988286969,10.90775988286969,52688.21566632757,11718.494847512236,6.597315436241611,0.5570469798657718,55.70469798657718,0.0201342281879194,2.01342281879194,15230.0,0.4837209302325581,lower digital concentration
125031714,Merrylands - Holroyd,Merrylands - Holroyd,New South Wales,Greater Sydney,-33.83339027028795,150.98387154094382,1526.0,257.0,0.0817222728002999,8.17222728002999,0.0872369314324507,8.72369314324507,50306.366972477066,21718.878191884767,5.937743190661479,0.603112840466926,60.311284046692606,0.0116731517509727,1.1673151750972701,2973.0,0.4286130323989807,lower digital concentration
125031715,Pemulwuy - Greystanes (North),Pemulwuy - Greystanes (North),New South Wales,Greater Sydney,-33.8203193015643,150.92744246918605,805.0,142.0,0.0979437887820902,9.79437887820902,0.1473029045643153,14.730290456431531,65461.078881987574,18767.04305037789,5.669014084507042,0.4507042253521127,45.07042253521127,0.0211267605633802,2.11267605633802,17972.5,0.4896518530402695,lower digital concentration
125031716,South Wentworthville,South Wentworthville,New South Wales,Greater Sydney,-33.8230178469808,150.96942089891277,549.0,71.0,0.0993845039826212,9.93845039826212,0.0942895086321381,9.42895086321381,44919.4116575592,11298.687816139936,7.732394366197183,0.5774647887323944,57.74647887323944,0.0,0.0,11755.5,0.46385981990752,digitally specialised
125041489,North Parramatta,North Parramatta,New South Wales,Greater Sydney,-33.799023818644784,151.0120160140536,3123.0,449.0,0.1484386140025666,14.84386140025666,0.1618018018018018,16.18018018018018,65949.69164265129,25823.586599635935,6.955456570155902,0.4944320712694877,49.44320712694877,0.0200445434298441,2.0044543429844097,13337.0,0.477563670664331,major digital hub
125041490,North Rocks,North Rocks,New South Wales,Greater Sydney,-33.772235508683,151.01720400759262,848.0,164.0,0.1380433013185739,13.80433013185739,0.1606268364348677,16.062683643486768,69195.28891509434,20710.257090253057,5.170731707317073,0.5426829268292683,54.268292682926834,0.0182926829268292,1.82926829268292,21285.0,0.5007057874571487,high-income specialist
125041491,Northmead,Northmead,New South Wales,Greater Sydney,-33.78999613127811,150.9939352750321,2815.0,274.0,0.145485554809034,14.5485554809034,0.135845314823996,13.584531482399601,69615.6376554174,28306.333376126488,10.273722627737229,0.5328467153284672,53.284671532846716,0.0,0.0,15400.0,0.4809577254021698,high-income specialist
125041493,Toongabbie - Constitution Hill,Toongabbie - Constitution Hill,New South Wales,Greater Sydney,-33.79186898565104,150.96726707281314,2102.0,255.0,0.1104571728849185,11.04571728849185,0.131919296430419,13.191929643041899,60426.53044719315,20786.223353131143,8.24313725490196,0.5254901960784314,52.54901960784314,0.0,0.0,12748.5,0.468652605638907,emerging growth corridor
125041494,Winston Hills,Winston Hills,New South Wales,Greater Sydney,-33.77639937213699,150.9787249834108,973.0,147.0,0.1156268568033273,11.562685680332729,0.1676168757126568,16.76168757126568,73656.97122302158,22150.29493068647,6.619047619047619,0.4693877551020408,46.93877551020408,0.0204081632653061,2.04081632653061,23191.5,0.4941016333938294,high-income specialist
125041588,Pendle Hill - Girraween,Pendle Hill - Girraween,New South Wales,Greater Sydney,-33.80419662864503,150.9478366075495,1589.0,189.0,0.1379819381729767,13.798193817297669,0.1155963302752293,11.55963302752293,71434.49496538704,30136.84569480698,8.407407407407407,0.4444444444444444,44.44444444444444,0.0158730158730158,1.5873015873015799,15322.0,0.4373865698729582,high-income specialist
125041589,Wentworthville - Westmead,Wentworthville - Westmead,New South Wales,Greater Sydney,-33.81319630695701,150.97707274219565,3559.0,297.0,0.1781013861782515,17.81013861782515,0.1576433121019108,15.764331210191079,68834.43087946052,29194.536919594633,11.983164983164984,0.4814814814814814,48.14814814814814,0.0,0.0,15183.0,0.439349430393351,high-income specialist
125041717,Parramatta - North,Parramatta - North,New South Wales,Greater Sydney,-33.814225514971675,151.00311919749242,3500.0,806.0,0.2245605030155267,22.456050301552672,0.2227750138197899,22.27750138197899,73737.66057142857,34886.13471489065,4.3424317617866,0.4193548387096774,41.93548387096774,0.0260545905707196,2.60545905707196,17936.0,0.4326357411515093,major digital hub
125041718,Parramatta - South,Parramatta - South,New South Wales,Greater Sydney,-33.823549570504674,150.99874240900382,1856.0,125.0,0.1587545975536737,15.875459755367368,0.1231527093596059,12.31527093596059,69115.4073275862,39129.89146068004,14.848,0.52,52.0,0.0,0.0,8381.5,0.4127665280944079,high-income specialist
125041719,Rosehill - Harris Park,Rosehill - Harris Park,New South Wales,Greater Sydney,-33.824302829326314,151.0289035819612,1350.0,162.0,0.1286817271947383,12.868172719473831,0.1234756097560975,12.34756097560975,58093.24185185185,31917.09553596204,8.333333333333334,0.4938271604938271,49.38271604938271,0.0,0.0,8421.5,0.4129596678529063,digitally specialised
126011496,Pennant Hills - Cheltenham,Pennant Hills - Cheltenham,New South Wales,Greater Sydney,-33.744353088495394,151.0685163195763,2851.0,555.0,0.1778207447140273,17.78207447140273,0.2589827344843677,25.898273448436772,78116.48281304806,26068.58706677475,5.136936936936937,0.554954954954955,55.4954954954955,0.0054054054054054,0.54054054054054,28410.0,0.5024569066375477,major digital hub
126011720,Epping (East) - North Epping,Epping (East) - North Epping,New South Wales,Greater Sydney,-33.76506528815851,151.09145725112955,2425.0,312.0,0.1989988511406532,19.89988511406532,0.2464454976303317,24.64454976303317,73588.17319587628,26041.64394099363,7.772435897435898,0.5897435897435898,58.97435897435898,0.0,0.0,20133.0,0.4979825865364196,high-income specialist
126011721,Epping (NSW) - West,Epping (NSW) - West,New South Wales,Greater Sydney,-33.77278764543173,151.07174801697235,2489.0,396.0,0.1709595439247201,17.09595439247201,0.2037037037037037,20.37037037037037,69603.04479710727,25006.129864763017,6.2853535353535355,0.5858585858585859,58.58585858585859,0.0,0.0,19140.5,0.4933426769446391,major digital hub
126021498,Gladesville - Huntleys Point,Gladesville - Huntleys Point,New South Wales,Greater Sydney,-33.830369857194285,151.12814986735737,2265.0,407.0,0.1757176105508145,17.57176105508145,0.1919811320754717,19.19811320754717,67196.73730684326,15175.53075137391,5.565110565110565,0.5626535626535627,56.26535626535627,0.027027027027027,2.7027027027027,18535.5,0.5151606729122595,major digital hub
126021499,Hunters Hill - Woolwich,Hunters Hill - Woolwich,New South Wales,Greater Sydney,-33.83181576862103,151.1489590859827,1208.0,288.0,0.1787246634117473,17.872466341174732,0.2019635343618513,20.19635343618513,62191.5244205298,13361.113782861505,4.194444444444445,0.5833333333333334,58.333333333333336,0.0,0.0,26240.5,0.4921124206708975,digitally specialised
126021500,Macquarie Park - Marsfield,Macquarie Park - Marsfield,New South Wales,Greater Sydney,-33.778624700376554,151.11882583770142,4362.0,634.0,0.1879524301964839,18.79524301964839,0.234727878563495,23.472787856349502,64660.185236130215,25614.411989835833,6.8801261829652995,0.5504731861198738,55.047318611987386,0.0899053627760252,8.990536277602521,14587.5,0.4940826642878382,major digital hub
126021501,North Ryde - East Ryde,North Ryde - East Ryde,New South Wales,Greater Sydney,-33.798848688136616,151.1312839300872,2520.0,405.0,0.1972139614963218,19.72139614963218,0.2299829642248722,22.99829642248722,73160.39880952382,22676.93023071649,6.222222222222222,0.4962962962962963,49.629629629629626,0.0320987654320987,3.20987654320987,20750.0,0.5025206694898164,major digital hub
126021503,West Ryde - Meadowbank,West Ryde - Meadowbank,New South Wales,Greater Sydney,-33.80955673053589,151.0836897510173,2812.0,337.0,0.1580752150205183,15.80752150205183,0.1647921760391198,16.47921760391198,68661.31009957325,24793.89321273307,8.344213649851632,0.516320474777448,51.632047477744806,0.0237388724035608,2.3738872403560802,12766.5,0.4982709367012479,major digital hub
126021590,Putney,Putney,New South Wales,Greater Sydney,-33.82612180837008,151.10630116827883,473.0,124.0,0.1516998075689544,15.169980756895441,0.18562874251497,18.562874251497,66420.4334038055,16088.561210091577,3.814516129032258,0.5725806451612904,57.25806451612904,0.0,0.0,18257.0,0.5,digitally specialised
126021722,Denistone,Denistone,New South Wales,Greater Sydney,-33.79871752323025,151.08981347277052,877.0,137.0,0.1693050193050193,16.93050193050193,0.2202572347266881,22.02572347266881,65831.97035347777,16382.83155038896,6.401459854014599,0.5182481751824818,51.82481751824818,0.0,0.0,13369.0,0.484149855907781,digitally specialised
126021723,Eastwood,Eastwood,New South Wales,Greater Sydney,-33.788751365544925,151.0836173982838,2230.0,394.0,0.1540374386958624,15.40374386958624,0.1618069815195071,16.180698151950708,63683.23094170404,23976.81027443872,5.659898477157361,0.5406091370558376,54.06091370558376,0.0,0.0,11353.0,0.4917491749174917,major digital hub
126021724,Ryde - North,Ryde - North,New South Wales,Greater Sydney,-33.807859727255,151.113760288517,2499.0,348.0,0.1507510405984194,15.07510405984194,0.1773700305810397,17.73700305810397,59245.97599039616,15586.854647571769,7.181034482758621,0.5804597701149425,58.04597701149425,0.0,0.0,13594.0,0.4951723055184865,major digital hub
126021725,Ryde - South,Ryde - South,New South Wales,Greater Sydney,-33.81949991434792,151.10649933987784,1762.0,192.0,0.1805512859924172,18.05512859924172,0.1764705882352941,17.64705882352941,69775.70828603859,21380.52015200846,9.177083333333334,0.6145833333333334,61.458333333333336,0.0,0.0,17167.0,0.5082053996823717,high-income specialist
127011505,Austral - Greendale,Austral - Greendale,New South Wales,Greater Sydney,-33.91814275601084,150.74054085119909,907.0,145.0,0.0785825680124761,7.8582568012476095,0.0775401069518716,7.75401069518716,49238.941014332966,11696.329508528075,6.255172413793104,0.593103448275862,59.310344827586206,0.0275862068965517,2.75862068965517,16621.0,0.4590330215259777,emerging growth corridor
127011594,Green Valley,Green Valley,New South Wales,Greater Sydney,-33.90290807735541,150.86715755754798,578.0,66.0,0.0649876321115358,6.49876321115358,0.0782918149466192,7.8291814946619205,42957.294117647056,7858.266346115684,8.757575757575758,0.5454545454545454,54.54545454545454,0.0,0.0,10165.5,0.4622131267358573,lower digital concentration
127011595,Hinchinbrook,Hinchinbrook,New South Wales,Greater Sydney,-33.91282927655019,150.8586706594342,625.0,74.0,0.0682761634258247,6.82761634258247,0.0792291220556745,7.92291220556745,44463.5024,6377.391628752455,8.445945945945946,0.6081081081081081,60.810810810810814,0.0,0.0,11102.0,0.4728245564629681,lower digital concentration
127011596,Hoxton Park - Carnes Hill - Horningsea Park,Hoxton Park - Carnes Hill - Horningsea Park,New South Wales,Greater Sydney,-33.93561967693528,150.85036133705026,704.0,96.0,0.0703577853288027,7.03577853288027,0.1028938906752411,10.28938906752411,46529.21590909091,6701.452017425909,7.333333333333333,0.65625,65.625,0.0,0.0,14297.0,0.4799162632474159,lower digital concentration
127011597,West Hoxton - Middleton Grange,West Hoxton - Middleton Grange,New South Wales,Greater Sydney,-33.92850180173243,150.83521485559888,868.0,116.0,0.0685949107001738,6.859491070017381,0.0878787878787878,8.78787878787878,53111.44700460829,11665.08779013066,7.482758620689655,0.5344827586206896,53.44827586206896,0.0258620689655172,2.5862068965517198,17344.5,0.4808610011168646,lower digital concentration
127011727,Gledswood Hills - Gregory Hills,Gledswood Hills - Gregory Hills,New South Wales,Greater Sydney,-34.01710177613391,150.7795274575608,1026.0,157.0,0.0788260602335587,7.88260602335587,0.1344178082191781,13.44178082191781,66855.61647173489,18774.352066387622,6.535031847133758,0.445859872611465,44.5859872611465,0.0,0.0,27208.0,0.4897348602083978,lower digital concentration
127011728,Leppington - Catherine Field,Leppington - Catherine Field,New South Wales,Greater Sydney,-33.97369918206146,150.7844237354412,1097.0,141.0,0.0869599682917162,8.695996829171621,0.1035242290748898,10.35242290748898,62821.391066545126,19313.18139551857,7.780141843971631,0.5602836879432624,56.02836879432624,0.0212765957446808,2.1276595744680797,20027.0,0.4808402829093212,lower digital concentration
127011729,Oran Park,Oran Park,New South Wales,Greater Sydney,-33.99243852452526,150.74260835366354,1248.0,187.0,0.0779756326148078,7.79756326148078,0.1422053231939163,14.22053231939163,56691.4046474359,15319.365222256269,6.67379679144385,0.481283422459893,48.128342245989295,0.0,0.0,24215.5,0.4883372942522665,lower digital concentration
127021509,Bonnyrigg Heights - Bonnyrigg,Bonnyrigg Heights - Bonnyrigg,New South Wales,Greater Sydney,-33.89256663942883,150.88113922478914,758.0,80.0,0.0677753934191702,6.77753934191702,0.072992700729927,7.2992700729927,40510.63192612137,5329.150166464722,9.475,0.625,62.5,0.0,0.0,12761.0,0.461846929422548,lower digital concentration
127021510,Bossley Park - Abbotsbury,Bossley Park - Abbotsbury,New South Wales,Greater Sydney,-33.866145944085176,150.87212304825502,907.0,136.0,0.0760650788326065,7.606507883260651,0.0903054448871182,9.03054448871182,50714.583241455344,12756.165847963224,6.669117647058823,0.5808823529411765,58.08823529411765,0.0,0.0,10056.5,0.4587527238767251,lower digital concentration
127021511,Cabramatta - Lansvale,Cabramatta - Lansvale,New South Wales,Greater Sydney,-33.898870044867024,150.9460706105203,1002.0,185.0,0.060485331401666,6.0485331401666,0.0827740492170022,8.277404921700219,35704.52744510978,8031.860144614791,5.416216216216216,0.4,40.0,0.0216216216216216,2.16216216216216,12524.5,0.4696252307198459,lower digital concentration
127021512,Cabramatta West - Mount Pritchard,Cabramatta West - Mount Pritchard,New South Wales,Greater Sydney,-33.899346577682095,150.90773500344145,734.0,65.0,0.0605810498514361,6.05810498514361,0.058717253839205,5.8717253839205,37076.92779291553,7854.080194698294,11.292307692307691,0.5846153846153846,58.46153846153847,0.0461538461538461,4.61538461538461,12721.5,0.4713958810068649,lower digital concentration
127021513,Canley Vale - Canley Heights,Canley Vale - Canley Heights,New South Wales,Greater Sydney,-33.88442721475497,150.93627014011335,971.0,93.0,0.0661399087255636,6.613990872556361,0.0704545454545454,7.04545454545454,44228.2245108136,13492.41009081496,10.440860215053764,0.4946236559139785,49.46236559139785,0.0,0.0,11707.0,0.4709711941496477,large-employer / job-heavy hub
127021515,Fairfield,Fairfield,New South Wales,Greater Sydney,-33.87110823424233,150.95189982752396,581.0,164.0,0.05893690403733,5.893690403733,0.1036007580543272,10.36007580543272,40604.43373493976,13149.475325526088,3.542682926829268,0.4939024390243902,49.39024390243902,0.0,0.0,7217.5,0.4380636604774536,lower digital concentration
127021516,Fairfield - West,Fairfield - West,New South Wales,Greater Sydney,-33.86816090583248,150.92966393010408,766.0,68.0,0.065025466893039,6.502546689303899,0.0537124802527646,5.3712480252764605,41088.55221932115,12089.369239694664,11.264705882352942,0.5441176470588235,54.41176470588235,0.0,0.0,5520.0,0.4506172839506173,large-employer / job-heavy hub
127021519,Smithfield - Wetherill Park,Smithfield - Wetherill Park,New South Wales,Greater Sydney,-33.85331658466957,150.92552611761275,765.0,111.0,0.0671170380768556,6.711703807685559,0.0651408450704225,6.51408450704225,43933.50588235294,10379.440476141324,6.891891891891892,0.5855855855855856,58.55855855855856,0.0,0.0,7789.5,0.4489300683873815,lower digital concentration
127021520,St Johns Park - Wakeley,St Johns Park - Wakeley,New South Wales,Greater Sydney,-33.879022850708544,150.90540904687012,527.0,57.0,0.0786684579788028,7.86684579788028,0.0756972111553784,7.56972111553784,49927.45161290323,14134.976094169093,9.24561403508772,0.5789473684210527,57.89473684210527,0.0,0.0,11207.5,0.4784394250513347,lower digital concentration
127021521,Wetherill Park Industrial,Wetherill Park Industrial,New South Wales,Greater Sydney,-33.84042870022549,150.8986260164148,6.0,109.0,0.0416666666666666,4.16666666666666,0.0600882028665931,6.008820286659311,71136.0,26276.62152777778,0.055045871559633,0.3853211009174312,38.53211009174312,0.0458715596330275,4.58715596330275,6420.5,0.2554744525547445,lower digital concentration
127031522,Casula,Casula,New South Wales,Greater Sydney,-33.95220311816527,150.89949514259033,873.0,134.0,0.0747559513615345,7.47559513615345,0.1015921152388172,10.15921152388172,44793.85452462772,8928.449917674472,6.514925373134329,0.6044776119402985,60.447761194029844,0.0,0.0,11740.5,0.4739993347377758,lower digital concentration
127031523,Chipping Norton - Moorebank,Chipping Norton - Moorebank,New South Wales,Greater Sydney,-33.92720180700339,150.95308028174188,1298.0,271.0,0.0860628563850948,8.60628563850948,0.0950543668888109,9.50543668888109,55418.21186440678,12047.740706735383,4.789667896678967,0.5313653136531366,53.13653136531366,0.011070110701107,1.1070110701106999,15690.0,0.4791631658544782,emerging growth corridor
127031524,Holsworthy - Wattle Grove,Holsworthy - Wattle Grove,New South Wales,Greater Sydney,-33.99143626571352,150.9440520409887,1620.0,198.0,0.099649381804761,9.9649381804761,0.1486486486486486,14.86486486486486,60669.88611111111,10130.185120768489,8.181818181818182,0.5606060606060606,56.060606060606055,0.0,0.0,24816.0,0.482484076433121,digitally specialised
127031730,Edmondson Park,Edmondson Park,New South Wales,Greater Sydney,-33.962677231005266,150.8576091029757,1184.0,141.0,0.1041428445773594,10.41428445773594,0.1509635974304068,15.09635974304068,62155.59881756757,18412.575420610927,8.397163120567376,0.4609929078014184,46.099290780141835,0.0,0.0,19492.0,0.4903669161860352,digitally specialised
127031731,Liverpool - East,Liverpool - East,New South Wales,Greater Sydney,-33.9250606009035,150.9234318868177,977.0,250.0,0.0657115953726123,6.57115953726123,0.1126633618747183,11.26633618747183,38402.34595701126,9802.112906163802,3.908,0.448,44.800000000000004,0.012,1.2,8819.0,0.4485316227322842,lower digital concentration
127031732,Liverpool - West,Liverpool - West,New South Wales,Greater Sydney,-33.92246357161354,150.91158504452454,545.0,88.0,0.0625502123264088,6.25502123264088,0.0912863070539419,9.12863070539419,45198.96513761468,16202.664380125869,6.193181818181818,0.5795454545454546,57.95454545454546,0.0681818181818181,6.8181818181818095,11173.5,0.4495299738018184,lower digital concentration
127031733,Prestons,Prestons,New South Wales,Greater Sydney,-33.94160727840567,150.87207966843744,966.0,149.0,0.0801593228777694,8.015932287776941,0.0800644814615798,8.006448146157979,45578.96894409938,5578.405090477274,6.483221476510067,0.5704697986577181,57.04697986577181,0.0335570469798657,3.35570469798657,12308.5,0.4766710069444444,lower digital concentration
128011529,Gymea - Grays Point,Gymea - Grays Point,New South Wales,Greater Sydney,-34.045534686131326,151.0849266389355,1764.0,284.0,0.1220254565578306,12.20254565578306,0.1949210706932052,19.492107069320518,67332.625,17329.35071942446,6.211267605633803,0.5492957746478874,54.929577464788736,0.0105633802816901,1.05633802816901,28955.0,0.5045710267229254,emerging growth corridor
128011530,Miranda - Yowie Bay,Miranda - Yowie Bay,New South Wales,Greater Sydney,-34.03585235201119,151.1034173194978,1903.0,412.0,0.1161002989445427,11.61002989445427,0.1602489303772851,16.02489303772851,62324.23620599054,15186.664855859372,4.618932038834951,0.5169902912621359,51.69902912621359,0.0097087378640776,0.97087378640776,23359.0,0.5054823696458153,major digital hub
128011531,Sylvania - Taren Point,Sylvania - Taren Point,New South Wales,Greater Sydney,-34.0154486687858,151.1071634537838,1306.0,299.0,0.1188353048225659,11.883530482256589,0.1315442146942367,13.154421469423669,53163.52067381317,9506.778726588418,4.367892976588629,0.5183946488294314,51.83946488294314,0.0100334448160535,1.00334448160535,18419.5,0.4962083745466534,emerging growth corridor
128011602,Caringbah,Caringbah,New South Wales,Greater Sydney,-34.03652900302228,151.12424935475858,1107.0,310.0,0.107444433660099,10.7444433660099,0.1406533575317604,14.06533575317604,65641.07588075881,17396.371522804817,3.5709677419354837,0.432258064516129,43.225806451612904,0.0193548387096774,1.93548387096774,20242.0,0.5057992939989914,emerging growth corridor
128011603,Caringbah South,Caringbah South,New South Wales,Greater Sydney,-34.05417055640386,151.1206825450316,1293.0,233.0,0.1287720346579026,12.87720346579026,0.1861022364217252,18.610223642172517,65534.35576179428,16063.173060868074,5.549356223175966,0.5665236051502146,56.65236051502146,0.0,0.0,30969.5,0.5028785982478098,emerging growth corridor
128011604,Cronulla - Kurnell - Bundeena,Cronulla - Kurnell - Bundeena,New South Wales,Greater Sydney,-34.03177826411758,151.18522005957027,2469.0,527.0,0.1261882858019012,12.618828580190119,0.1826689774696707,18.26689774696707,56874.794653705954,10704.717760115032,4.685009487666034,0.5521821631878557,55.21821631878557,0.0094876660341555,0.94876660341555,21076.0,0.5000977899471934,major digital hub
128011606,Woolooware - Burraneer,Woolooware - Burraneer,New South Wales,Greater Sydney,-34.052027804830836,151.1389573927003,987.0,181.0,0.1306765523632993,13.06765523632993,0.175217812197483,17.5217812197483,57103.36879432624,11124.6364363228,5.45303867403315,0.5359116022099447,53.591160220994475,0.0,0.0,27134.0,0.5053671835065598,digitally specialised
128021534,Illawong - Alfords Point,Illawong - Alfords Point,New South Wales,Greater Sydney,-33.994794527956635,151.03381091813296,923.0,166.0,0.1174300254452926,11.74300254452926,0.1538461538461538,15.38461538461538,57328.9826652221,9062.4649171305,5.5602409638554215,0.463855421686747,46.3855421686747,0.0,0.0,23270.0,0.4932610379550736,digitally specialised
128021535,Menai - Lucas Heights - Woronora,Menai - Lucas Heights - Woronora,New South Wales,Greater Sydney,-34.02226723693015,151.00120362844376,1748.0,270.0,0.1031694505105353,10.31694505105353,0.1704545454545454,17.04545454545454,61604.40675057208,11572.409377025484,6.474074074074074,0.4851851851851851,48.51851851851851,0.0,0.0,29811.5,0.5013145046195449,digitally specialised
128021536,Oyster Bay - Como - Jannali,Oyster Bay - Como - Jannali,New South Wales,Greater Sydney,-34.010312661903605,151.07035272212354,2417.0,346.0,0.1435273159144893,14.352731591448931,0.2226512226512226,22.265122265122262,75205.87174182871,20695.924324964108,6.985549132947977,0.5260115606936416,52.601156069364166,0.0,0.0,30910.5,0.496790565756083,major digital hub
128021538,Sutherland - Kirrawee,Sutherland - Kirrawee,New South Wales,Greater Sydney,-34.03195154861941,151.06392779810204,2434.0,346.0,0.1271483048633965,12.71483048633965,0.1541889483065953,15.41889483065953,68656.20870994248,19649.910036798257,7.034682080924855,0.476878612716763,47.687861271676304,0.0433526011560693,4.33526011560693,19213.0,0.5070988295588337,major digital hub
128021607,Engadine,Engadine,New South Wales,Greater Sydney,-34.05475838934589,151.0136273388428,1389.0,166.0,0.1031027315914489,10.310273159144892,0.1532779316712834,15.32779316712834,66330.07343412527,16322.132816548074,8.367469879518072,0.5,50.0,0.0,0.0,30725.5,0.5065739329268293,digitally specialised
128021608,Loftus - Yarrawarrah,Loftus - Yarrawarrah,New South Wales,Greater Sydney,-34.04943431668556,151.03866893698842,725.0,80.0,0.123699027469715,12.369902746971501,0.19559902200489,19.559902200489,68971.80620689655,19194.28138178138,9.0625,0.5375,53.75,0.0,0.0,28939.0,0.5045184042318713,digitally specialised
201011001,Alfredton,Alfredton,Victoria,Rest of Vic.,-37.541738966333284,143.74932426092116,931.0,129.0,0.0605725439167208,6.05725439167208,0.105911330049261,10.5911330049261,57525.10418904404,20663.001066077224,7.217054263565892,0.6511627906976745,65.11627906976744,0.0,0.0,19448.0,0.5058198148657318,emerging growth corridor
201011002,Ballarat,Ballarat,Victoria,Rest of Vic.,-37.5561436123262,143.8366536340917,720.0,366.0,0.0765306122448979,7.65306122448979,0.1353049907578558,13.53049907578558,53739.8,17788.607344812925,1.9672131147540983,0.4672131147540984,46.72131147540984,0.0300546448087431,3.00546448087431,12509.5,0.5077772932112226,emerging growth corridor
201011006,Delacombe,Delacombe,Victoria,Rest of Vic.,-37.58223035847986,143.7784708035273,549.0,64.0,0.0502471169686985,5.02471169686985,0.0691891891891891,6.9189189189189095,48849.333333333336,17423.876853377267,8.578125,0.484375,48.4375,0.046875,4.6875,15738.5,0.5007944915254238,lower digital concentration
201011482,Ballarat North - Invermay,Ballarat North - Invermay,Victoria,Rest of Vic.,-37.51585894103889,143.89734349582764,849.0,152.0,0.0743823374802873,7.43823374802873,0.1322889469103568,13.22889469103568,52653.68551236749,14059.670968824474,5.5855263157894735,0.6973684210526315,69.73684210526315,0.0,0.0,16580.0,0.5025641025641026,lower digital concentration
201011483,Canadian - Mount Clear,Canadian - Mount Clear,Victoria,Rest of Vic.,-37.592396217408265,143.87418173263475,680.0,83.0,0.0689305625950329,6.89305625950329,0.1129251700680272,11.29251700680272,54033.875,21807.855739989864,8.19277108433735,0.5783132530120482,57.831325301204814,0.0,0.0,13110.5,0.5049762007788836,lower digital concentration
201021011,Daylesford,Daylesford,Victoria,Rest of Vic.,-37.317734285335035,144.18580817008262,553.0,186.0,0.0888496143958868,8.88496143958868,0.154356846473029,15.4356846473029,44394.8417721519,13136.072732948816,2.9731182795698925,0.6559139784946236,65.59139784946237,0.0,0.0,13340.5,0.5064329666231587,emerging growth corridor
202011018,Bendigo,Bendigo,Victoria,Rest of Vic.,-36.74832039111494,144.27025321268593,619.0,204.0,0.0514504197489818,5.14504197489818,0.1076517150395778,10.765171503957779,38643.78675282714,7472.293277638044,3.034313725490196,0.4264705882352941,42.64705882352941,0.0490196078431372,4.90196078431372,8341.5,0.4941315945465323,lower digital concentration
202011020,East Bendigo - Kennington,East Bendigo - Kennington,Victoria,Rest of Vic.,-36.75232133528472,144.31557208270115,632.0,138.0,0.0593204430260934,5.93204430260934,0.1104,11.04,39035.06408227848,5213.38344589778,4.579710144927536,0.6304347826086957,63.04347826086957,0.0,0.0,11650.5,0.5116492146596858,lower digital concentration
202011022,Kangaroo Flat - Golden Square,Kangaroo Flat - Golden Square,Victoria,Rest of Vic.,-36.80637739338585,144.24265564476258,744.0,106.0,0.0473855168460607,4.738551684606071,0.0869565217391304,8.695652173913041,36738.16935483871,3629.607861940167,7.018867924528302,0.5754716981132075,57.54716981132076,0.0377358490566037,3.7735849056603703,12766.5,0.5066607851786502,lower digital concentration
202011024,Strathfieldsaye,Strathfieldsaye,Victoria,Rest of Vic.,-36.78881599659517,144.35895131707343,490.0,116.0,0.0550561797752809,5.50561797752809,0.1645390070921985,16.45390070921985,53386.0,14045.855898876403,4.224137931034483,0.6293103448275862,62.93103448275862,0.0,0.0,23920.5,0.5035581683168316,digitally specialised
202011025,White Hills - Ascot,White Hills - Ascot,Victoria,Rest of Vic.,-36.67622649826842,144.32175959742165,523.0,60.0,0.0433521220159151,4.33521220159151,0.0782268578878748,7.82268578878748,39297.00669216061,2060.350732279978,8.716666666666667,0.6,60.0,0.0,0.0,17440.5,0.5045313754732133,lower digital concentration
202021027,Castlemaine,Castlemaine,Victoria,Rest of Vic.,-37.0834576194255,144.23692112694138,622.0,139.0,0.0865812917594654,8.65812917594654,0.162004662004662,16.2004662004662,38721.6077170418,7750.195968712178,4.474820143884892,0.6474820143884892,64.74820143884892,0.0215827338129496,2.15827338129496,10824.0,0.5111876075731497,digitally specialised
202021028,Castlemaine Surrounds,Castlemaine Surrounds,Victoria,Rest of Vic.,-37.04683421654962,144.18974201583526,424.0,128.0,0.0677424508707461,6.774245087074609,0.1350210970464135,13.502109704641349,38274.91273584906,7511.452278907054,3.3125,0.625,62.5,0.0,0.0,9542.0,0.4841300191204589,lower digital concentration
202021030,Kyneton,Kyneton,Victoria,Rest of Vic.,-37.22141076971365,144.50513895958517,678.0,167.0,0.0894341115947764,8.943411159477641,0.131496062992126,13.149606299212598,51543.53097345133,14400.817808961154,4.059880239520958,0.6167664670658682,61.67664670658682,0.0,0.0,15594.0,0.4880718954248366,lower digital concentration
202021031,Woodend,Woodend,Victoria,Rest of Vic.,-37.35630884448288,144.5173758829476,682.0,157.0,0.11846447802675,11.846447802675,0.206578947368421,20.6578947368421,67600.90909090909,24630.57402055995,4.343949044585988,0.5859872611464968,58.59872611464968,0.019108280254777,1.9108280254777,28221.0,0.4963965931426075,digitally specialised
203021037,Belmont,Belmont,Victoria,Rest of Vic.,-38.17856180327464,144.34213409092814,912.0,128.0,0.0732059720661422,7.320597206614219,0.120640904806786,12.064090480678601,50084.52631578947,16501.300918454428,7.125,0.65625,65.625,0.0,0.0,12045.5,0.4943652253909844,emerging growth corridor
203021039,Geelong,Geelong,Victoria,Rest of Vic.,-38.1638236614712,144.36987979194382,1035.0,452.0,0.0856859011507575,8.56859011507575,0.1380574221136224,13.80574221136224,51162.506763285026,17587.42956318568,2.2898230088495577,0.4623893805309734,46.23893805309734,0.0331858407079646,3.31858407079646,11968.5,0.5042106511683074,emerging growth corridor
203021040,Geelong West - Hamlyn Heights,Geelong West - Hamlyn Heights,Victoria,Rest of Vic.,-38.126499145960466,144.3019557645928,1519.0,283.0,0.0825139877233961,8.251398772339611,0.1629245826137018,16.29245826137018,55649.44865042791,16342.760644561218,5.3674911660777385,0.6360424028268551,63.60424028268551,0.0,0.0,19548.5,0.5142533081285444,emerging growth corridor
203021042,Highton,Highton,Victoria,Rest of Vic.,-38.177760587642815,144.28599880232616,1708.0,273.0,0.0849286460146188,8.49286460146188,0.1541501976284585,15.41501976284585,50122.62441451991,14611.676500443034,6.256410256410256,0.6483516483516484,64.83516483516483,0.0109890109890109,1.09890109890109,21354.0,0.4959112959112959,emerging growth corridor
203021043,Lara,Lara,Victoria,Rest of Vic.,-37.94773341623645,144.37799052608494,1172.0,135.0,0.0692630459192719,6.92630459192719,0.097543352601156,9.7543352601156,49597.55631399318,9114.941959049618,8.681481481481482,0.674074074074074,67.4074074074074,0.0222222222222222,2.2222222222222197,25261.0,0.4872122762148337,emerging growth corridor
203021044,Leopold,Leopold,Victoria,Rest of Vic.,-38.19279900599375,144.46890399270518,601.0,55.0,0.0583155443431011,5.83155443431011,0.0757575757575757,7.575757575757571,47609.53660565724,10680.120149224094,10.927272727272728,0.7636363636363637,76.36363636363637,0.0,0.0,18147.0,0.5068813295247988,lower digital concentration
203021045,Newcomb - Moolap,Newcomb - Moolap,Victoria,Rest of Vic.,-38.17981388770399,144.4176222978954,539.0,74.0,0.0465096211925101,4.65096211925101,0.075050709939148,7.5050709939148,38538.62987012987,8303.318367843221,7.283783783783784,0.6621621621621622,66.21621621621621,0.0405405405405405,4.05405405405405,12048.0,0.4869712762089443,lower digital concentration
203021046,Newtown (Vic.),Newtown (Vic.),Victoria,Rest of Vic.,-38.15392585208335,144.33505491576787,756.0,261.0,0.0885038632638726,8.85038632638726,0.179381443298969,17.9381443298969,53483.25,16917.891887145866,2.896551724137931,0.6130268199233716,61.30268199233716,0.0153256704980842,1.53256704980842,18638.0,0.5044766400781378,emerging growth corridor
203021047,North Geelong - Bell Park,North Geelong - Bell Park,Victoria,Rest of Vic.,-38.10213806820284,144.3213723820067,818.0,178.0,0.0659571036929527,6.595710369295269,0.1050767414403778,10.50767414403778,43167.69682151589,10167.935089537184,4.595505617977528,0.5786516853932584,57.865168539325836,0.0393258426966292,3.93258426966292,15103.5,0.4829753199268738,emerging growth corridor
203021485,Charlemont,Charlemont,Victoria,Rest of Vic.,-38.2156629376364,144.3600353764679,662.0,66.0,0.060650480989464,6.0650480989464,0.1143847487001733,11.43847487001733,44791.77039274925,10252.400122478975,10.030303030303031,0.696969696969697,69.6969696969697,0.0,0.0,17171.0,0.5146517650265776,lower digital concentration
203021486,Corio - Lovely Banks,Corio - Lovely Banks,Victoria,Rest of Vic.,-38.05043742709581,144.32260474011844,565.0,46.0,0.0405075996558646,4.05075996558646,0.0449657869012707,4.49657869012707,30183.46017699115,1464.9646579203145,12.282608695652174,0.6304347826086957,63.04347826086957,0.0,0.0,15737.0,0.4597807152372169,lower digital concentration
203021487,Grovedale - Mount Duneed,Grovedale - Mount Duneed,Victoria,Rest of Vic.,-38.221973842839645,144.29926452299924,1473.0,153.0,0.065090587715422,6.5090587715422,0.0985824742268041,9.85824742268041,48288.00407331975,14104.985381317989,9.627450980392156,0.6470588235294118,64.70588235294117,0.0196078431372549,1.9607843137254901,18568.0,0.4937606891746373,large-employer / job-heavy hub
203031048,Clifton Springs,Clifton Springs,Victoria,Rest of Vic.,-38.17393479828355,144.57602464802983,720.0,126.0,0.0587851077726975,5.87851077726975,0.1297631307929969,12.97631307929969,45276.80625,10245.953131123451,5.714285714285714,0.6904761904761905,69.04761904761905,0.0,0.0,19581.5,0.5142113256671729,lower digital concentration
203031052,Point Lonsdale - Queenscliff,Point Lonsdale - Queenscliff,Victoria,Rest of Vic.,-38.234310616954296,144.61669052007593,310.0,101.0,0.0950045969966288,9.50045969966288,0.1873840445269016,18.738404452690162,45716.66129032258,10293.262117781976,3.06930693069307,0.5841584158415841,58.415841584158414,0.0,0.0,15565.0,0.5279433681073026,digitally specialised
203031053,Torquay,Torquay,Victoria,Rest of Vic.,-38.32021538749676,144.28070854072848,1740.0,448.0,0.0909708788623411,9.09708788623411,0.1696969696969697,16.969696969696972,52992.152586206896,16116.963690927972,3.883928571428571,0.59375,59.375,0.0133928571428571,1.33928571428571,27283.5,0.506848372221075,emerging growth corridor
203031489,Barwon Heads - Armstrong Creek,Barwon Heads - Armstrong Creek,Victoria,Rest of Vic.,-38.25643377141584,144.41960584308467,791.0,121.0,0.0722704431247144,7.227044312471439,0.1302475780409042,13.02475780409042,49113.518331226296,13732.026919622826,6.537190082644628,0.6115702479338843,61.15702479338842,0.0,0.0,20145.0,0.5091471270291162,lower digital concentration
203031490,Ocean Grove,Ocean Grove,Victoria,Rest of Vic.,-38.23801625773822,144.53033888419594,1156.0,267.0,0.0821139366387271,8.211393663872709,0.1586452762923351,15.86452762923351,54407.847750865054,17893.08205261246,4.329588014981273,0.5880149812734082,58.80149812734082,0.0,0.0,25793.5,0.5187389565702595,digitally specialised
204011056,Kilmore - Broadford,Kilmore - Broadford,Victoria,Rest of Vic.,-37.246358885271725,144.98328265017884,595.0,114.0,0.0507592560996417,5.07592560996417,0.0863636363636363,8.63636363636363,46375.56050420168,7725.93859667737,5.219298245614035,0.6052631578947368,60.526315789473685,0.0263157894736842,2.63157894736842,21850.0,0.4879767363829549,lower digital concentration
204011057,Mansfield (Vic.),Mansfield (Vic.),Victoria,Rest of Vic.,-37.196798500681126,146.20751798772525,492.0,115.0,0.0628432750031932,6.2843275003193195,0.0776502363268062,7.76502363268062,24383.878048780487,1049.0730289823005,4.278260869565218,0.5217391304347826,52.17391304347826,0.0,0.0,8723.0,0.4880279348187562,lower digital concentration
204021066,Wangaratta,Wangaratta,Victoria,Rest of Vic.,-36.35888692848321,146.30964728687167,671.0,128.0,0.0436792084364015,4.36792084364015,0.0783353733170134,7.83353733170134,37956.239195231,5353.273761042743,5.2421875,0.546875,54.6875,0.0,0.0,10883.5,0.5057024135797011,lower digital concentration
204031069,Bright - Mount Beauty,Bright - Mount Beauty,Victoria,Rest of Vic.,-36.89562375872094,146.996674619117,382.0,123.0,0.0513164965072541,5.13164965072541,0.1012345679012345,10.12345679012345,46525.26178010471,25000.202269089124,3.105691056910569,0.6504065040650406,65.04065040650406,0.024390243902439,2.4390243902439,10722.0,0.4965205943201053,lower digital concentration
204031073,West Wodonga,West Wodonga,Victoria,Rest of Vic.,-36.11727147752913,146.79086329904274,633.0,79.0,0.0496665358964299,4.96665358964299,0.0871003307607497,8.71003307607497,32055.65876777251,-2902.595998802615,8.012658227848101,0.6075949367088608,60.75949367088608,0.0,0.0,17839.5,0.4930024054231358,lower digital concentration
204031491,Baranduda - Leneva,Baranduda - Leneva,Victoria,Rest of Vic.,-36.17579851812395,146.93964330572032,525.0,76.0,0.0471994965387035,4.71994965387035,0.0926829268292682,9.26829268292682,41426.154285714285,3076.906420929605,6.907894736842105,0.6842105263157895,68.42105263157895,0.0,0.0,19308.0,0.4871220604703247,lower digital concentration
204031492,Wodonga,Wodonga,Victoria,Rest of Vic.,-36.11114880462859,146.88009133162953,606.0,151.0,0.0484916379931183,4.84916379931183,0.1012064343163538,10.120643431635381,27226.691419141913,-3087.970539728216,4.013245033112582,0.4966887417218543,49.668874172185426,0.0397350993377483,3.97350993377483,12577.0,0.4863148169534588,lower digital concentration
205011076,Drouin,Drouin,Victoria,Rest of Vic.,-38.13536084057878,145.80196894391418,855.0,138.0,0.0566262666401748,5.66262666401748,0.0859277708592777,8.59277708592777,43796.26900584796,8870.2544353466,6.195652173913044,0.6304347826086957,63.04347826086957,0.0,0.0,21234.0,0.4964196359244241,emerging growth corridor
205011079,Warragul,Warragul,Victoria,Rest of Vic.,-38.21398963666028,145.9397445491911,1098.0,246.0,0.0621181262729124,6.2118126272912395,0.0985576923076923,9.85576923076923,43877.2131147541,7992.610942316896,4.463414634146342,0.4959349593495935,49.59349593495935,0.040650406504065,4.0650406504065,19122.5,0.5028884826325412,emerging growth corridor
205021081,Bairnsdale,Bairnsdale,Victoria,Rest of Vic.,-37.829142036001265,147.61400176653748,469.0,116.0,0.0424472802968594,4.24472802968594,0.0776439089692101,7.76439089692101,28806.70575692964,-2228.3836176744007,4.043103448275862,0.4741379310344827,47.41379310344827,0.0258620689655172,2.5862068965517198,11339.5,0.4946660482374768,lower digital concentration
205031091,Phillip Island,Phillip Island,Victoria,Rest of Vic.,-38.49065949238241,145.24078527214033,601.0,109.0,0.0680480072463768,6.80480072463768,0.0900826446280991,9.00826446280991,40229.7462562396,14192.172830062069,5.513761467889908,0.5688073394495413,56.88073394495413,0.0,0.0,11220.0,0.5058261968271796,lower digital concentration
205031093,Wonthaggi - Inverloch,Wonthaggi - Inverloch,Victoria,Rest of Vic.,-38.516469182292475,145.59854509389126,1023.0,244.0,0.0591158624674949,5.91158624674949,0.1030405405405405,10.30405405405405,36734.90224828934,6466.9229937386335,4.192622950819672,0.5860655737704918,58.606557377049185,0.0,0.0,13195.0,0.5040833568009011,emerging growth corridor
205041094,Churchill,Churchill,Victoria,Rest of Vic.,-38.358823997154,146.4177054994335,515.0,78.0,0.0605454972960263,6.05454972960263,0.098984771573604,9.8984771573604,53197.508737864075,14287.722528129772,6.602564102564102,0.6282051282051282,62.82051282051282,0.0,0.0,25857.0,0.489739663093415,lower digital concentration
205041095,Moe - Newborough,Moe - Newborough,Victoria,Rest of Vic.,-38.196601327391086,146.29591903803382,646.0,63.0,0.0549834028427951,5.49834028427951,0.0815006468305304,8.15006468305304,44386.400154798765,10961.366151904898,10.253968253968257,0.4603174603174603,46.03174603174603,0.0476190476190476,4.76190476190476,19838.0,0.486574074074074,lower digital concentration
205041493,Traralgon - East,Traralgon - East,Victoria,Rest of Vic.,-38.18845445151656,146.6189183361348,570.0,104.0,0.0619094167481264,6.19094167481264,0.0908296943231441,9.08296943231441,49462.17192982456,12579.24144215214,5.480769230769231,0.4423076923076923,44.230769230769226,0.0673076923076923,6.730769230769231,22546.5,0.4990944763054633,lower digital concentration
205041494,Traralgon - West,Traralgon - West,Victoria,Rest of Vic.,-38.20984357051086,146.51044014187374,880.0,93.0,0.0648919696187596,6.489196961875961,0.1072664359861591,10.72664359861591,51645.59886363636,11059.559707231963,9.46236559139785,0.6021505376344086,60.215053763440864,0.032258064516129,3.2258064516128995,25959.0,0.5035638992069069,lower digital concentration
206011106,Brunswick East,Brunswick East,Victoria,Greater Melbourne,-37.76888989420325,144.97767372259116,2699.0,317.0,0.1857408299497625,18.574082994976248,0.2654941373534338,26.54941373534338,55607.57984438681,15211.10888574666,8.514195583596214,0.6593059936908517,65.93059936908517,0.0094637223974763,0.94637223974763,7357.0,0.5406300160513644,small-business / consultant-heavy
206011107,Brunswick West,Brunswick West,Victoria,Greater Melbourne,-37.76330623399012,144.94254741737933,2069.0,236.0,0.1404711793061307,14.047117930613071,0.2302439024390244,23.02439024390244,58259.28854519092,21667.179915956076,8.766949152542374,0.6991525423728814,69.91525423728814,0.0,0.0,5283.5,0.5209646752726909,small-business / consultant-heavy
206011109,Pascoe Vale South,Pascoe Vale South,Victoria,Greater Melbourne,-37.74343196764934,144.93847065493094,1083.0,129.0,0.1259302325581395,12.59302325581395,0.1614518147684605,16.145181476846048,65632.5189289012,20261.688405645393,8.395348837209303,0.5736434108527132,57.36434108527132,0.0,0.0,20012.5,0.5027161260282477,digitally specialised
206011495,Brunswick - North,Brunswick - North,Victoria,Greater Melbourne,-37.76061603283204,144.9630408995949,2331.0,301.0,0.1614936954413191,16.14936954413191,0.2209985315712188,22.099853157121878,56803.46675246675,19401.951857080858,7.744186046511628,0.6411960132890365,64.11960132890366,0.0099667774086378,0.99667774086378,5375.0,0.5116635972989564,small-business / consultant-heavy
206011496,Brunswick - South,Brunswick - South,Victoria,Greater Melbourne,-37.771548995919794,144.95971456823546,2618.0,362.0,0.1749883029209277,17.49883029209277,0.2034851039910062,20.34851039910062,57605.583651642475,19848.97262965197,7.232044198895028,0.6049723756906077,60.49723756906077,0.0303867403314917,3.03867403314917,7839.5,0.51631135349529,major digital hub
206011497,Coburg - East,Coburg - East,Victoria,Greater Melbourne,-37.74562025870763,144.97185133737645,1714.0,230.0,0.1348438360475179,13.48438360475179,0.1527224435590969,15.27224435590969,52119.32322053675,16719.794426578766,7.452173913043478,0.6217391304347826,62.17391304347826,0.0130434782608695,1.30434782608695,6298.5,0.5113312834529097,digitally specialised
206011498,Coburg - West,Coburg - West,Victoria,Greater Melbourne,-37.7439686471196,144.95522122022493,1639.0,188.0,0.1340695296523517,13.406952965235169,0.20958751393534,20.958751393534,60075.04209884076,18769.266843217032,8.71808510638298,0.675531914893617,67.5531914893617,0.0,0.0,13751.0,0.5089275560104629,small-business / consultant-heavy
206021110,Alphington - Fairfield,Alphington - Fairfield,Victoria,Greater Melbourne,-37.77445049152283,145.02468060181,1178.0,194.0,0.1440626146508499,14.406261465084992,0.1688424717145343,16.884247171453428,64828.133276740235,21250.18207214197,6.072164948453608,0.634020618556701,63.4020618556701,0.0154639175257731,1.5463917525773099,12740.0,0.5274800068061937,digitally specialised
206021112,Thornbury,Thornbury,Victoria,Greater Melbourne,-37.75815189933525,145.00638923306767,2560.0,333.0,0.1495414451778725,14.954144517787249,0.2001201923076923,20.01201923076923,63903.19375,21474.134663604767,7.687687687687688,0.6336336336336337,63.36336336336337,0.012012012012012,1.2012012012011999,8252.5,0.5233697853381936,major digital hub
206021499,Northcote - East,Northcote - East,Victoria,Greater Melbourne,-37.77426169473148,145.00670938000872,2258.0,342.0,0.1640034863451481,16.40034863451481,0.2630769230769231,26.30769230769231,68411.81975199291,23748.16511805915,6.60233918128655,0.6695906432748538,66.95906432748538,0.0087719298245614,0.87719298245614,17296.0,0.5288835677940736,major digital hub
206021500,Northcote - West,Northcote - West,Victoria,Greater Melbourne,-37.76947077915,144.99140396098065,1808.0,250.0,0.1786561264822134,17.86561264822134,0.2390057361376673,23.900573613766728,61437.43860619469,17661.764742558327,7.232,0.656,65.60000000000001,0.0,0.0,9785.0,0.5355660116246886,small-business / consultant-heavy
206031113,Ascot Vale,Ascot Vale,Victoria,Greater Melbourne,-37.77696347791712,144.91368527559104,1881.0,273.0,0.1354211663066954,13.54211663066954,0.1941678520625889,19.41678520625889,69006.81499202552,26244.95883651797,6.8901098901098905,0.6556776556776557,65.56776556776556,0.0,0.0,15476.0,0.5069640694388373,high-income specialist
206031115,Flemington,Flemington,Victoria,Greater Melbourne,-37.78381473620437,144.93090832176105,1264.0,157.0,0.1298274445357436,12.98274445357436,0.1866825208085612,18.66825208085612,59885.76542721519,28914.111616615355,8.050955414012739,0.6687898089171974,66.87898089171973,0.0,0.0,4854.0,0.4956699732325618,small-business / consultant-heavy
206031116,Moonee Ponds,Moonee Ponds,Victoria,Greater Melbourne,-37.7656127833882,144.9214351435889,2268.0,351.0,0.1442014242115971,14.42014242115971,0.1778115501519757,17.78115501519757,65537.08818342151,21856.504924265864,6.461538461538462,0.5811965811965812,58.119658119658126,0.0085470085470085,0.8547008547008499,16983.0,0.511117088040165,major digital hub
206031501,Essendon (West) - Aberfeldie,Essendon (West) - Aberfeldie,Victoria,Greater Melbourne,-37.75012853270841,144.8990927189534,1728.0,312.0,0.1240221057920046,12.40221057920046,0.1758737316798196,17.58737316798196,62821.104166666664,20823.247028936097,5.538461538461538,0.5993589743589743,59.93589743589743,0.0,0.0,19438.5,0.5076339589613926,digitally specialised
206031502,Essendon - East,Essendon - East,Victoria,Greater Melbourne,-37.751270453763865,144.91927628515785,1531.0,288.0,0.1311798474852197,13.117984748521971,0.1743341404358353,17.433414043583532,62838.89941214892,20992.65251813813,5.315972222222222,0.5347222222222222,53.47222222222222,0.0208333333333333,2.08333333333333,11111.5,0.5092558983666061,digitally specialised
206041117,Carlton,Carlton,Victoria,Greater Melbourne,-37.80050010599316,144.96780454976025,3032.0,514.0,0.1241452728984973,12.41452728984973,0.1915765933656354,19.15765933656354,35169.795514511876,20100.748816727,5.898832684824903,0.5603112840466926,56.03112840466926,0.0428015564202334,4.28015564202334,5719.5,0.5162672379167225,major digital hub
206041118,Docklands,Docklands,Victoria,Greater Melbourne,-37.81794759369843,144.9432857242153,3870.0,703.0,0.2165640738668159,21.65640738668159,0.2187305538270068,21.873055382700677,67483.7488372093,29005.379866867952,5.5049786628734,0.4978662873399715,49.78662873399715,0.0611664295874822,6.11664295874822,20983.5,0.4770012911555842,major digital hub
206041119,East Melbourne,East Melbourne,Victoria,Greater Melbourne,-37.81714129030837,144.981483828943,905.0,311.0,0.1847692935892201,18.47692935892201,0.2034009156311314,20.34009156311314,62683.96132596685,19489.16018264304,2.909967845659164,0.5434083601286174,54.340836012861736,0.067524115755627,6.7524115755627,12151.0,0.5063437139561707,digitally specialised
206041121,Kensington (Vic.),Kensington (Vic.),Victoria,Greater Melbourne,-37.79431841478433,144.92707361411502,1888.0,266.0,0.1691907877049915,16.919078770499148,0.2502351834430856,25.02351834430856,70667.37023305085,25447.985655579752,7.097744360902255,0.6466165413533834,64.66165413533834,0.0300751879699248,3.00751879699248,8885.0,0.5078513478147082,high-income specialist
206041124,Parkville,Parkville,Victoria,Greater Melbourne,-37.78709120708812,144.95153855100318,980.0,146.0,0.1439060205580029,14.390602055800288,0.2019363762102351,20.193637621023512,36948.45306122449,16246.62501423477,6.712328767123288,0.684931506849315,68.4931506849315,0.0205479452054794,2.05479452054794,10509.0,0.504720239465807,small-business / consultant-heavy
206041125,South Yarra - West,South Yarra - West,Victoria,Greater Melbourne,-37.839428761711034,144.9818776073437,1196.0,255.0,0.2021978021978022,20.21978021978022,0.1783216783216783,17.83216783216783,65046.05434782607,22400.340400235204,4.690196078431373,0.6627450980392157,66.27450980392156,0.0274509803921568,2.74509803921568,14515.0,0.5174377224199288,digitally specialised
206041503,Melbourne CBD - East,Melbourne CBD - East,Victoria,Greater Melbourne,-37.81278695826862,144.96859289346443,2143.0,1260.0,0.1311104313245641,13.111043132456409,0.1686521215366082,16.86521215366082,51630.66028931405,32130.26184942417,1.7007936507936507,0.4373015873015873,43.73015873015873,0.0873015873015873,8.73015873015873,11750.0,0.4952665157439802,major digital hub
206041504,Melbourne CBD - North,Melbourne CBD - North,Victoria,Greater Melbourne,-37.80919110818989,144.96088377446102,3227.0,468.0,0.1083904339647991,10.83904339647991,0.1954887218045112,19.54887218045112,41373.91509141617,27490.79729617232,6.895299145299146,0.5064102564102564,50.641025641025635,0.0598290598290598,5.982905982905979,7300.5,0.5393346819510002,major digital hub
206041505,Melbourne CBD - West,Melbourne CBD - West,Victoria,Greater Melbourne,-37.81673797925975,144.95870876201718,3640.0,4584.0,0.1220861982223713,12.208619822237129,0.3055592587654979,30.55592587654979,53461.34134615384,35468.246595189565,0.794066317626527,0.5580279232111692,55.802792321116925,0.075043630017452,7.5043630017452,13129.5,0.5182151449192347,major digital hub
206041506,North Melbourne,North Melbourne,Victoria,Greater Melbourne,-37.798656082271954,144.94512712864542,2677.0,488.0,0.1434850190277107,14.34850190277107,0.2170818505338078,21.70818505338078,51330.7775494957,23631.894154523303,5.485655737704918,0.5389344262295082,53.893442622950815,0.0245901639344262,2.45901639344262,8913.0,0.514661528150134,major digital hub
206041508,Southbank (West) - South Wharf,Southbank (West) - South Wharf,Victoria,Greater Melbourne,-37.82423094986547,144.9563658292364,1448.0,404.0,0.171037089534609,17.1037089534609,0.2324510932105868,23.24510932105868,69596.36049723758,34203.56088703205,3.584158415841584,0.5470297029702971,54.70297029702971,0.0717821782178217,7.1782178217821695,16885.0,0.4856332032635686,high-income specialist
206041509,Southbank - East,Southbank - East,Victoria,Greater Melbourne,-37.82635691370677,144.96612017969878,4109.0,433.0,0.1677142857142857,16.771428571428572,0.2242361470740549,22.42361470740549,62501.49038695546,32976.144550220764,9.48960739030023,0.6189376443418014,61.89376443418014,0.0392609699769053,3.92609699769053,13683.0,0.4907486106570775,major digital hub
206041510,West Melbourne - Residential,West Melbourne - Residential,Victoria,Greater Melbourne,-37.80858030172304,144.94976437922415,1639.0,248.0,0.1530631303698169,15.306313036981688,0.2264840182648402,22.64840182648402,58234.63300793167,29700.713461797935,6.608870967741935,0.5604838709677419,56.048387096774185,0.0282258064516129,2.82258064516129,12611.0,0.4983870967741935,digitally specialised
206051128,Albert Park,Albert Park,Victoria,Greater Melbourne,-37.845623891025305,144.96405416626592,2850.0,1235.0,0.1921261965754348,19.21261965754348,0.2277337267195279,22.773372671952792,57986.08824561403,14646.391265703016,2.3076923076923075,0.5530364372469636,55.30364372469636,0.0388663967611336,3.8866396761133597,20944.0,0.5093976345466215,major digital hub
206051129,Elwood,Elwood,Victoria,Greater Melbourne,-37.8809087276969,144.9855402665723,2612.0,504.0,0.1712450009834131,17.12450009834131,0.3045317220543806,30.45317220543806,60998.44372128637,21276.37599690428,5.182539682539683,0.7083333333333334,70.83333333333334,0.0059523809523809,0.59523809523809,10545.0,0.5411786577430749,major digital hub
206051130,Port Melbourne,Port Melbourne,Victoria,Greater Melbourne,-37.838058209021284,144.93505685955864,2313.0,593.0,0.1724317876845087,17.24317876845087,0.2614638447971781,26.14638447971781,75932.69498486814,21014.60146317439,3.900505902192243,0.6391231028667791,63.91231028667791,0.0118043844856661,1.18043844856661,22316.0,0.5147854657904909,major digital hub
206051134,St Kilda East,St Kilda East,Victoria,Greater Melbourne,-37.86706765490674,144.99818844752258,2736.0,356.0,0.1469624536713756,14.696245367137559,0.2261753494282083,22.61753494282083,56616.69152046784,23121.64701813126,7.685393258426966,0.6910112359550562,69.10112359550563,0.0084269662921348,0.84269662921348,5902.0,0.5051956486442605,major digital hub
206051511,Port Melbourne Industrial,Port Melbourne Industrial,Victoria,Greater Melbourne,-37.831053070847204,144.91985205373766,533.0,421.0,0.1619568520206624,16.19568520206624,0.1753436068304873,17.53436068304873,54874.21763602251,21991.60171381042,1.2660332541567696,0.3562945368171021,35.62945368171021,0.1187648456057007,11.87648456057007,10374.0,0.4808052434456928,digitally specialised
206051512,South Melbourne,South Melbourne,Victoria,Greater Melbourne,-37.83465034963752,144.95975646374882,2196.0,1249.0,0.1843673914868608,18.43673914868608,0.2574726860441146,25.74726860441146,71530.89207650273,29699.387920680383,1.758206565252202,0.4971977582065652,49.71977582065652,0.0464371497197758,4.643714971977579,16489.0,0.4998823529411764,major digital hub
206051513,St Kilda - Central,St Kilda - Central,Victoria,Greater Melbourne,-37.863990540635015,144.98615609686757,2173.0,434.0,0.1380208333333333,13.802083333333329,0.214745175655616,21.474517565561598,60366.071790151866,28901.192280497395,5.006912442396313,0.5506912442396313,55.06912442396313,0.032258064516129,3.2258064516128995,7123.5,0.5007366663392594,major digital hub
206051514,St Kilda - West,St Kilda - West,Victoria,Greater Melbourne,-37.861344461578426,144.97626759977027,2520.0,525.0,0.1416128125878055,14.16128125878055,0.2382032667876588,23.82032667876588,56029.59087301587,26034.347180967543,4.8,0.6171428571428571,61.71428571428571,0.0228571428571428,2.2857142857142803,5213.5,0.4938239159001314,major digital hub
206061135,Armadale,Armadale,Victoria,Greater Melbourne,-37.85674687217818,145.0207106421128,1522.0,319.0,0.1849781234807972,18.49781234807972,0.1736526946107784,17.36526946107784,74104.01971090671,26658.766733269375,4.77115987460815,0.5956112852664577,59.56112852664577,0.018808777429467,1.8808777429466998,20141.0,0.5372817751672377,high-income specialist
206061136,Prahran - Windsor,Prahran - Windsor,Victoria,Greater Melbourne,-37.852836810235594,144.99805734992796,3867.0,756.0,0.1769632070291049,17.69632070291049,0.2349285270354257,23.492852703542567,63917.327902767,22329.847443312487,5.115079365079365,0.5674603174603174,56.74603174603175,0.0449735449735449,4.4973544973544906,11191.5,0.4995617288112737,major digital hub
206061138,Toorak,Toorak,Victoria,Greater Melbourne,-37.84159992901893,145.01762713209664,1751.0,481.0,0.1784731423911935,17.84731423911935,0.1687719298245614,16.87719298245614,60315.11336379211,19687.88953339766,3.64033264033264,0.6735966735966736,67.35966735966737,0.0062370062370062,0.62370062370062,23127.0,0.5128676470588235,digitally specialised
206061515,South Yarra - North,South Yarra - North,Victoria,Greater Melbourne,-37.83614624466616,144.99649999235245,2725.0,577.0,0.1970924345436134,19.70924345436134,0.196793997271487,19.6793997271487,64104.08110091743,25455.35934480576,4.722703639514731,0.5580589254766031,55.80589254766031,0.0398613518197573,3.98613518197573,12371.5,0.5104642515669818,major digital hub
206061516,South Yarra - South,South Yarra - South,Victoria,Greater Melbourne,-37.84317147528098,144.9948990640721,1880.0,427.0,0.1896116994452849,18.96116994452849,0.2341008771929824,23.41008771929824,65607.87765957447,24680.59278816751,4.402810304449648,0.5831381733021077,58.31381733021077,0.0562060889929742,5.6206088992974195,12227.0,0.5065251685070988,major digital hub
206071139,Abbotsford,Abbotsford,Victoria,Greater Melbourne,-37.8045847083421,144.9997674399602,1939.0,386.0,0.1816053198463988,18.16053198463988,0.2223502304147465,22.23502304147465,64965.38576585869,23081.74766526864,5.023316062176166,0.5259067357512953,52.59067357512953,0.0595854922279792,5.95854922279792,11421.0,0.4839064649243466,major digital hub
206071140,Carlton North - Princes Hill,Carlton North - Princes Hill,Victoria,Greater Melbourne,-37.7856984126312,144.96813240628785,1528.0,246.0,0.1894371435655839,18.943714356558388,0.2721238938053097,27.212389380530972,55006.10013089005,18577.471628534484,6.211382113821138,0.6666666666666666,66.66666666666666,0.0,0.0,6605.5,0.5283018867924528,small-business / consultant-heavy
206071141,Collingwood,Collingwood,Victoria,Greater Melbourne,-37.802077983763226,144.9881417228178,2062.0,845.0,0.1953576504026527,19.53576504026527,0.3226422298587247,32.26422298587247,71137.93501454899,27349.6387094803,2.4402366863905325,0.3964497041420118,39.64497041420118,0.0674556213017751,6.74556213017751,11539.0,0.465798492117889,major digital hub
206071142,Fitzroy,Fitzroy,Victoria,Greater Melbourne,-37.80103061766819,144.97913941695737,1987.0,583.0,0.1774582477449316,17.745824774493162,0.2544740288083806,25.44740288083806,68379.44942123805,29895.670283969142,3.408233276157804,0.5180102915951973,51.80102915951973,0.0428816466552315,4.2881646655231505,12018.0,0.4965273227624164,major digital hub
206071143,Fitzroy North,Fitzroy North,Victoria,Greater Melbourne,-37.78406472073742,144.98430879922284,2276.0,369.0,0.1867563797489127,18.67563797489127,0.2695398100803506,26.95398100803506,64292.80799648506,23351.599905896728,6.168021680216802,0.6883468834688347,68.83468834688347,0.0,0.0,9118.0,0.5280573874811987,major digital hub
206071145,Clifton Hill - Alphington,Clifton Hill - Alphington,Victoria,Greater Melbourne,-37.78982730200095,145.01296730525178,1694.0,244.0,0.1824055130828039,18.240551308280388,0.2271880819366853,22.71880819366853,68265.0295159386,21780.19700813199,6.942622950819672,0.680327868852459,68.0327868852459,0.0204918032786885,2.04918032786885,13336.5,0.5175490779298036,small-business / consultant-heavy
206071517,Richmond (South) - Cremorne,Richmond (South) - Cremorne,Victoria,Greater Melbourne,-37.826493094725734,145.00462768803877,3520.0,1186.0,0.1931095018652622,19.31095018652622,0.257490230134607,25.749023013460697,72405.73323863637,22141.34183530085,2.9679595278246205,0.4654300168634064,46.54300168634064,0.0758853288364249,7.588532883642491,13537.5,0.4996195982958004,major digital hub
206071518,Richmond - North,Richmond - North,Victoria,Greater Melbourne,-37.814868698754175,145.00276945280183,2538.0,438.0,0.1727823541425556,17.278235414255562,0.2017503454629203,20.175034546292032,64782.400906225375,22420.052073765713,5.794520547945205,0.5662100456621004,56.62100456621004,0.0365296803652968,3.65296803652968,9930.5,0.4961975308641975,major digital hub
207011146,Ashburton (Vic.),Ashburton (Vic.),Victoria,Greater Melbourne,-37.8673757540869,145.08057853033418,1012.0,200.0,0.1657386177530298,16.57386177530298,0.244798041615667,24.4798041615667,80704.31422924901,32273.931654732143,5.06,0.58,57.99999999999999,0.0,0.0,29196.0,0.5056587657484518,high-income specialist
207011147,Balwyn,Balwyn,Victoria,Greater Melbourne,-37.80979275086588,145.08056259386407,1603.0,401.0,0.1432913202824707,14.329132028247072,0.1487940630797773,14.87940630797773,61868.66625077979,22255.950688073077,3.997506234413965,0.6059850374064838,60.59850374064838,0.0074812967581047,0.74812967581047,17371.0,0.509636218496978,digitally specialised
207011148,Balwyn North,Balwyn North,Victoria,Greater Melbourne,-37.79187713520441,145.0838995739007,2300.0,464.0,0.1516850227527534,15.168502275275339,0.1538461538461538,15.38461538461538,58775.34782608696,20007.253649472834,4.956896551724138,0.5775862068965517,57.758620689655174,0.0,0.0,18510.0,0.5015713921685212,major digital hub
207011149,Camberwell,Camberwell,Victoria,Greater Melbourne,-37.838428653069535,145.07402163234454,2719.0,678.0,0.1639235545909447,16.39235545909447,0.2127392532161907,21.273925321619068,66688.99963221773,23680.3797491768,4.010324483775811,0.612094395280236,61.2094395280236,0.0117994100294985,1.17994100294985,23856.5,0.5084516026152129,major digital hub
207011150,Glen Iris - East,Glen Iris - East,Victoria,Greater Melbourne,-37.854731695113855,145.07200536146132,2237.0,507.0,0.1662578966926793,16.625789669267927,0.2340720221606648,23.40720221606648,71959.49687080912,25023.319427479502,4.412228796844182,0.6074950690335306,60.74950690335306,0.019723865877712,1.9723865877712001,29576.5,0.5042901716068643,major digital hub
207011152,Hawthorn East,Hawthorn East,Victoria,Greater Melbourne,-37.831268969448814,145.04991188432507,2482.0,670.0,0.1724329581770182,17.24329581770182,0.2153648344583735,21.53648344583735,63511.370265914586,21244.684007751464,3.7044776119402982,0.5208955223880597,52.08955223880597,0.0388059701492537,3.88059701492537,12740.0,0.5128548217528434,major digital hub
207011154,Kew East,Kew East,Victoria,Greater Melbourne,-37.79055450611072,145.05239145029898,725.0,210.0,0.1371288065065254,13.71288065065254,0.2028985507246377,20.28985507246377,60538.49310344827,19558.961989394935,3.452380952380953,0.6,60.0,0.0142857142857142,1.42857142857142,18214.5,0.5064507968631419,digitally specialised
207011155,Surrey Hills (West) - Canterbury,Surrey Hills (West) - Canterbury,Victoria,Greater Melbourne,-37.82448710272701,145.0840380269256,1915.0,500.0,0.1566334042205136,15.66334042205136,0.2030869212022745,20.30869212022745,65324.64490861619,21868.151738323373,3.83,0.582,58.199999999999996,0.024,2.4,28050.5,0.5136547898442501,major digital hub
207011519,Hawthorn - North,Hawthorn - North,Victoria,Greater Melbourne,-37.818000172720865,145.02854801882592,1479.0,387.0,0.1519572588102332,15.19572588102332,0.2306317044100119,23.06317044100119,63607.89046653144,25318.645372521372,3.8217054263565897,0.5762273901808785,57.622739018087856,0.0284237726098191,2.8423772609819102,14466.0,0.5146147032772365,digitally specialised
207011520,Hawthorn - South,Hawthorn - South,Victoria,Greater Melbourne,-37.82926435082443,145.0338957930668,2005.0,435.0,0.1596973317403424,15.96973317403424,0.2078356426182513,20.78356426182513,64985.37157107232,28089.597258049616,4.609195402298851,0.5885057471264368,58.85057471264368,0.0597701149425287,5.97701149425287,9943.0,0.5051982177539129,major digital hub
207011521,Kew - South,Kew - South,Victoria,Greater Melbourne,-37.80873854352439,145.04657598619966,1395.0,395.0,0.1523092040615787,15.23092040615787,0.1971057884231536,19.71057884231536,58468.5,19716.79823124795,3.5316455696202533,0.6151898734177215,61.518987341772146,0.0151898734177215,1.51898734177215,21487.5,0.5063328424153166,digitally specialised
207011522,Kew - West,Kew - West,Victoria,Greater Melbourne,-37.79975099827514,145.0239865971508,1592.0,406.0,0.1535493827160493,15.35493827160493,0.2092783505154639,20.92783505154639,65378.306532663315,23653.424877570724,3.921182266009852,0.6083743842364532,60.83743842364532,0.0073891625615763,0.73891625615763,16427.0,0.5037699680511182,digitally specialised
207021156,Bulleen,Bulleen,Victoria,Greater Melbourne,-37.76887116467841,145.08718570970666,1045.0,182.0,0.1273458445040214,12.734584450402139,0.1386138613861386,13.86138613861386,65884.74162679426,25114.47286003823,5.741758241758242,0.6153846153846154,61.53846153846154,0.0,0.0,14379.0,0.4913860003104144,digitally specialised
207021157,Doncaster,Doncaster,Victoria,Greater Melbourne,-37.78481505878156,145.12385835540215,2377.0,400.0,0.1260874177806068,12.608741778060681,0.1311905542800918,13.11905542800918,59097.87063525452,24246.960068736375,5.9425,0.6225,62.25000000000001,0.015,1.5,12882.0,0.5044180059834412,major digital hub
207021159,Templestowe,Templestowe,Victoria,Greater Melbourne,-37.754033577463254,145.14863937268015,1568.0,358.0,0.1361229273374425,13.61229273374425,0.1515664690939881,15.15664690939881,59857.9980867347,18557.655522275974,4.379888268156424,0.6145251396648045,61.452513966480446,0.0,0.0,19182.5,0.5009640102827764,emerging growth corridor
207021160,Templestowe Lower,Templestowe Lower,Victoria,Greater Melbourne,-37.76385436703047,145.11227765852112,1317.0,219.0,0.1326283987915407,13.26283987915407,0.1588107324147933,15.88107324147933,67680.95140470767,26798.405030085312,6.013698630136986,0.6484018264840182,64.84018264840182,0.0,0.0,22187.0,0.4941573617242275,digitally specialised
207021424,Doncaster East - North,Doncaster East - North,Victoria,Greater Melbourne,-37.76942522783527,145.16926275619048,1459.0,285.0,0.1325761017719218,13.25761017719218,0.1749539594843462,17.49539594843462,65607.45167923236,26005.864128119225,5.1192982456140355,0.6596491228070176,65.96491228070175,0.0,0.0,16743.0,0.4942437022683232,emerging growth corridor
207021425,Doncaster East - South,Doncaster East - South,Victoria,Greater Melbourne,-37.791498891838685,145.15669720021873,1428.0,271.0,0.1352657004830917,13.52657004830917,0.1482494529540481,14.82494529540481,64925.57983193277,24929.355715232952,5.269372693726937,0.6273062730627307,62.73062730627307,0.018450184501845,1.8450184501845002,18989.5,0.498609599806553,emerging growth corridor
207031161,Blackburn,Blackburn,Victoria,Greater Melbourne,-37.81654428626681,145.15291323548345,2667.0,517.0,0.1463615409944023,14.63615409944023,0.2010890704006223,20.108907040062228,65757.45219347581,24734.286212793115,5.158607350096712,0.5261121856866537,52.61121856866537,0.0193423597678916,1.9342359767891601,17188.0,0.4996319199057715,major digital hub
207031162,Blackburn South,Blackburn South,Victoria,Greater Melbourne,-37.83934459735826,145.1465457379944,1018.0,165.0,0.1261149653121903,12.61149653121903,0.175531914893617,17.5531914893617,67696.93123772102,28548.254144063932,6.16969696969697,0.703030303030303,70.3030303030303,0.0,0.0,13429.0,0.506232799093411,digitally specialised
207031163,Box Hill,Box Hill,Victoria,Greater Melbourne,-37.82902407224296,145.12474720942697,2304.0,483.0,0.1119533527696793,11.19533527696793,0.1361714124612348,13.617141246123479,54441.51388888889,26121.784078393262,4.770186335403727,0.5693581780538303,56.935817805383024,0.0269151138716356,2.69151138716356,7820.0,0.5126770293609672,major digital hub
207031164,Box Hill North,Box Hill North,Victoria,Greater Melbourne,-37.80467956645694,145.12269705517392,1848.0,316.0,0.1318493150684931,13.18493150684931,0.1723949809056192,17.23949809056192,66310.5551948052,27766.84967967963,5.848101265822785,0.6044303797468354,60.44303797468354,0.0,0.0,14009.0,0.5021515434985968,emerging growth corridor
207031165,Burwood (Vic.),Burwood (Vic.),Victoria,Greater Melbourne,-37.848051488616974,145.11294998046608,1323.0,185.0,0.1101398601398601,11.01398601398601,0.1378539493293591,13.78539493293591,45835.3253968254,20664.40556665557,7.151351351351352,0.6756756756756757,67.56756756756756,0.0324324324324324,3.24324324324324,7363.0,0.4936055090998525,emerging growth corridor
207031166,Burwood East,Burwood East,Victoria,Greater Melbourne,-37.853572931124425,145.15042126867615,1145.0,165.0,0.1299954586739327,12.99954586739327,0.1448639157155399,14.48639157155399,60994.74672489083,26204.587437879025,6.9393939393939394,0.5393939393939394,53.939393939393945,0.0242424242424242,2.42424242424242,9000.0,0.4853479853479853,digitally specialised
207031167,Surrey Hills (East) - Mont Albert,Surrey Hills (East) - Mont Albert,Victoria,Greater Melbourne,-37.82428108552851,145.10690135477427,1257.0,278.0,0.1568113772455089,15.68113772455089,0.2513562386980108,25.135623869801083,70974.4431185362,25011.244266240792,4.5215827338129495,0.6834532374100719,68.34532374100719,0.0107913669064748,1.07913669064748,21735.5,0.514636140637776,high-income specialist
208011168,Beaumaris,Beaumaris,Victoria,Greater Melbourne,-37.980789814231606,145.0377561004818,1546.0,391.0,0.1480701082271813,14.80701082271813,0.2647257955314827,26.472579553148268,69917.02457956015,24494.16695098051,3.9539641943734014,0.6342710997442456,63.42710997442455,0.0,0.0,34729.0,0.5065725413826679,high-income specialist
208011169,Brighton (Vic.),Brighton (Vic.),Victoria,Greater Melbourne,-37.90817428607193,144.99582264772647,2907.0,957.0,0.1769755266041641,17.69755266041641,0.2247534053546266,22.47534053546266,64930.80460956312,21414.50678903469,3.0376175548589344,0.6248693834900731,62.48693834900732,0.0073145245559038,0.73145245559038,31157.0,0.5059963099630996,major digital hub
208011170,Brighton East,Brighton East,Victoria,Greater Melbourne,-37.91713524454066,145.01631079768327,2078.0,459.0,0.1715937241948802,17.15937241948802,0.2455858747993579,24.558587479935788,71550.57362848893,26261.89939232047,4.52723311546841,0.6187363834422658,61.87363834422658,0.0,0.0,25639.5,0.5031920460491889,major digital hub
208011171,Highett (West) - Cheltenham,Highett (West) - Cheltenham,Victoria,Greater Melbourne,-37.95743243559827,145.037968382073,1467.0,347.0,0.1469939879759519,14.69939879759519,0.2060570071258907,20.60570071258907,73670.8773006135,24572.815727467212,4.227665706051873,0.547550432276657,54.7550432276657,0.031700288184438,3.1700288184438,28161.0,0.5086864964464333,high-income specialist
208011172,Hampton,Hampton,Victoria,Greater Melbourne,-37.93764819955146,145.01425244075102,2301.0,524.0,0.1636324847105675,16.36324847105675,0.2547399124939232,25.47399124939232,77676.17992177315,29945.750786515004,4.391221374045801,0.6202290076335878,62.02290076335878,0.0076335877862595,0.76335877862595,31832.0,0.5058426145700201,major digital hub
208011173,Sandringham - Black Rock,Sandringham - Black Rock,Victoria,Greater Melbourne,-37.96083783121434,145.01710984638413,2104.0,546.0,0.1605616605616605,16.05616605616605,0.267515923566879,26.751592356687897,69307.57129277567,25588.45472531535,3.8534798534798536,0.6172161172161172,61.72161172161172,0.0054945054945054,0.5494505494505401,28631.0,0.5101517839542677,major digital hub
208021174,Bentleigh - McKinnon,Bentleigh - McKinnon,Victoria,Greater Melbourne,-37.919463530910235,145.037977141883,3073.0,558.0,0.1523927597322092,15.23927597322092,0.2093808630393996,20.938086303939958,72272.07419459811,26622.04042321205,5.507168458781362,0.6075268817204301,60.752688172043015,0.0053763440860215,0.53763440860215,19468.0,0.5089086859688196,major digital hub
208021176,Carnegie,Carnegie,Victoria,Greater Melbourne,-37.8933771406637,145.05590352847588,2716.0,351.0,0.1508637449314003,15.086374493140031,0.2057444314185228,20.57444314185228,67434.2811119293,28020.989216134156,7.737891737891738,0.6524216524216524,65.24216524216524,0.0,0.0,12043.5,0.5034326728038696,major digital hub
208021177,Caulfield - North,Caulfield - North,Victoria,Greater Melbourne,-37.873867296238025,145.02290850494745,3008.0,645.0,0.1540194572452637,15.40194572452637,0.1777349131992284,17.77349131992284,58730.62832446808,25509.89806333137,4.663565891472868,0.6697674418604651,66.97674418604652,0.0062015503875968,0.62015503875968,16498.5,0.5034260942525521,major digital hub
208021178,Caulfield - South,Caulfield - South,Victoria,Greater Melbourne,-37.891366853863694,145.0253677795662,2318.0,473.0,0.1677886355410785,16.77886355410785,0.1942505133470226,19.42505133470226,65179.12726488352,24274.07424280607,4.900634249471459,0.6342494714587738,63.424947145877375,0.014799154334038,1.4799154334038,19185.0,0.5028790786948176,major digital hub
208021179,Elsternwick,Elsternwick,Victoria,Greater Melbourne,-37.886948862291845,145.0072052180114,1763.0,391.0,0.1686758515116724,16.867585151167237,0.240319606637984,24.031960663798397,61377.30969937606,20001.413124557846,4.508951406649617,0.6112531969309463,61.125319693094625,0.0153452685421994,1.53452685421994,14787.0,0.5202659506456975,emerging growth corridor
208021180,Hughesdale,Hughesdale,Victoria,Greater Melbourne,-37.899466813254165,145.08114180713883,932.0,108.0,0.1439604572134692,14.39604572134692,0.1717011128775834,17.170111287758342,71057.40557939914,26751.096728611377,8.62962962962963,0.5370370370370371,53.70370370370371,0.0,0.0,15114.5,0.499375,high-income specialist
208021181,Murrumbeena,Murrumbeena,Victoria,Greater Melbourne,-37.896824040533076,145.07037406742424,1246.0,178.0,0.147665323536383,14.7665323536383,0.2119047619047619,21.19047619047619,67763.50561797753,25007.71947197137,7.0,0.6685393258426966,66.85393258426966,0.0337078651685393,3.3707865168539297,12756.0,0.4993517017828201,small-business / consultant-heavy
208021182,Ormond - Glen Huntly,Ormond - Glen Huntly,Victoria,Greater Melbourne,-37.90035372910335,145.0414283535281,1920.0,247.0,0.1498946053556093,14.98946053556093,0.1919191919191919,19.19191919191919,68059.03802083334,29638.155594414413,7.77327935222672,0.6558704453441295,65.58704453441295,0.0,0.0,13126.5,0.4961874240247541,small-business / consultant-heavy
208021426,Bentleigh East - North,Bentleigh East - North,Victoria,Greater Melbourne,-37.91481034710139,145.0680549547249,1843.0,332.0,0.1428682170542635,14.28682170542635,0.2088050314465409,20.88050314465409,72163.99294628324,28846.951124577812,5.551204819277109,0.641566265060241,64.1566265060241,0.0,0.0,19114.0,0.5047302737520128,major digital hub
208021427,Bentleigh East - South,Bentleigh East - South,Victoria,Greater Melbourne,-37.92940021852665,145.06533209018755,1481.0,228.0,0.1382690691812155,13.826906918121551,0.1903171953255425,19.031719532554252,70630.2785280216,23919.05189185318,6.495614035087719,0.6622807017543859,66.22807017543859,0.0,0.0,19118.5,0.4997019907021099,high-income specialist
208031183,Aspendale Gardens - Waterways,Aspendale Gardens - Waterways,Victoria,Greater Melbourne,-38.01908625294078,145.12308141635717,709.0,127.0,0.1012567837760639,10.12567837760639,0.1814285714285714,18.142857142857142,61302.37376586742,18493.411612197044,5.582677165354331,0.5118110236220472,51.181102362204726,0.0,0.0,20180.0,0.4964266080263881,digitally specialised
208031184,Braeside,Braeside,Victoria,Greater Melbourne,-37.99800667079284,145.1222378984936,13.0,113.0,0.0866666666666666,8.66666666666666,0.0812949640287769,8.12949640287769,21805.0,-12929.03,0.1150442477876106,0.3451327433628318,34.51327433628318,0.1061946902654867,10.61946902654867,21138.0,0.3157894736842105,lower digital concentration
208031185,Carrum - Patterson Lakes,Carrum - Patterson Lakes,Victoria,Greater Melbourne,-38.07129290024922,145.13920022070286,853.0,135.0,0.0928586980187241,9.28586980187241,0.1227272727272727,12.27272727272727,57799.704572098475,13974.357413378682,6.318518518518519,0.6296296296296297,62.96296296296296,0.0,0.0,22914.0,0.5060756697045016,lower digital concentration
208031186,Chelsea - Bonbeach,Chelsea - Bonbeach,Victoria,Greater Melbourne,-38.056582850531704,145.12461747802348,1246.0,159.0,0.1063775292410142,10.63775292410142,0.1704180064308681,17.04180064308681,68942.35674157302,22341.12592965464,7.836477987421383,0.6415094339622641,64.15094339622641,0.0,0.0,22466.0,0.5182913227749275,high-income specialist
208031188,Highett (East) - Cheltenham,Highett (East) - Cheltenham,Victoria,Greater Melbourne,-37.961165683139626,145.06608406310062,2509.0,451.0,0.1309430614268566,13.09430614268566,0.1492389146260754,14.92389146260754,69402.91988840175,24030.866681366628,5.5631929046563195,0.5964523281596452,59.64523281596452,0.0088691796008869,0.8869179600886901,19939.5,0.5128398274327193,major digital hub
208031189,Edithvale - Aspendale,Edithvale - Aspendale,Victoria,Greater Melbourne,-38.02821627049339,145.10748217457711,1294.0,187.0,0.1193176579068695,11.931765790686951,0.1925849639546858,19.25849639546858,71181.03438948996,24128.358271463218,6.919786096256685,0.5775401069518716,57.75401069518716,0.0,0.0,25811.0,0.5110289734112317,high-income specialist
208031190,Mentone,Mentone,Victoria,Greater Melbourne,-37.98163157595262,145.0690545046392,1407.0,225.0,0.1313112459169388,13.13112459169388,0.1795690343176376,17.95690343176376,68910.46481876333,23407.276391325155,6.253333333333333,0.5422222222222223,54.22222222222223,0.0,0.0,18630.0,0.517822265625,high-income specialist
208031191,Moorabbin - Heatherton,Moorabbin - Heatherton,Victoria,Greater Melbourne,-37.95033180932676,145.07932543225658,959.0,253.0,0.1282428456806632,12.824284568066318,0.1006364359586316,10.06364359586316,66801.0,23179.773134527943,3.7905138339920943,0.5375494071146245,53.75494071146245,0.0395256916996047,3.95256916996047,18244.0,0.4986894985147649,digitally specialised
208031193,Mordialloc - Parkdale,Mordialloc - Parkdale,Victoria,Greater Melbourne,-37.99599122243667,145.0894490330764,2104.0,371.0,0.1214640341761921,12.14640341761921,0.1704963235294117,17.049632352941167,67973.94961977187,22896.503106667144,5.671159029649596,0.5444743935309974,54.44743935309974,0.0107816711590296,1.07816711590296,21467.0,0.5128458498023716,major digital hub
208041194,Malvern - Glen Iris,Malvern - Glen Iris,Victoria,Greater Melbourne,-37.85640336724637,145.0422746332998,2877.0,732.0,0.1618838622552329,16.188386225523292,0.2123585726718886,21.23585726718886,63430.448905109486,20553.073511231472,3.930327868852459,0.6461748633879781,64.61748633879782,0.0136612021857923,1.36612021857923,18954.0,0.5158343483556638,major digital hub
208041195,Malvern East,Malvern East,Victoria,Greater Melbourne,-37.876823484620715,145.0658521853686,2962.0,642.0,0.1524525194297184,15.24525194297184,0.2295316410439757,22.95316410439757,66389.36664415935,26422.318648894543,4.613707165109035,0.6370716510903427,63.70716510903427,0.014018691588785,1.4018691588785,18405.0,0.4973844196239219,major digital hub
209011196,Bundoora - East,Bundoora - East,Victoria,Greater Melbourne,-37.698801377517704,145.06833796494013,679.0,91.0,0.089601477962523,8.9601477962523,0.0993449781659388,9.93449781659388,58870.57290132548,22809.64165297499,7.461538461538462,0.5824175824175825,58.24175824175825,0.0,0.0,12460.0,0.4740753848876305,lower digital concentration
209011197,Greensborough,Greensborough,Victoria,Greater Melbourne,-37.70008848190802,145.1139034958603,1789.0,263.0,0.1140071373948508,11.40071373948508,0.1642723297938788,16.427232979387878,68738.17998882057,20401.29912596052,6.802281368821292,0.5893536121673004,58.935361216730044,0.0114068441064638,1.14068441064638,26245.5,0.5004503398018505,digitally specialised
209011198,Heidelberg - Rosanna,Heidelberg - Rosanna,Victoria,Greater Melbourne,-37.74569926773174,145.06966047008976,1805.0,297.0,0.1395438732122149,13.954387321221489,0.1888111888111888,18.88111888111888,72870.80332409972,25933.41557767529,6.077441077441078,0.531986531986532,53.198653198653204,0.0101010101010101,1.01010101010101,20071.0,0.5093310966659677,high-income specialist
209011199,Heidelberg West,Heidelberg West,Victoria,Greater Melbourne,-37.74297848944247,145.04641237369208,1383.0,196.0,0.1069522852060938,10.69522852060938,0.109313998884551,10.9313998884551,57751.8546637744,19986.25413017298,7.0561224489795915,0.5459183673469388,54.59183673469388,0.0204081632653061,2.04081632653061,8991.0,0.4840153452685422,emerging growth corridor
209011200,Ivanhoe,Ivanhoe,Victoria,Greater Melbourne,-37.76901968349207,145.04308383922387,1552.0,295.0,0.1512670565302144,15.12670565302144,0.2203136669156086,22.031366691560862,70666.35051546391,24669.687455035066,5.261016949152542,0.6372881355932203,63.72881355932203,0.0169491525423728,1.69491525423728,22009.0,0.5182321865738951,high-income specialist
209011201,Ivanhoe East - Eaglemont,Ivanhoe East - Eaglemont,Victoria,Greater Melbourne,-37.76855729331146,145.06279961173644,1015.0,246.0,0.1644523655217109,16.445236552171092,0.2196428571428571,21.96428571428571,57496.979310344825,13088.372537823763,4.126016260162602,0.6260162601626016,62.601626016260155,0.0,0.0,19356.0,0.5008333333333334,small-business / consultant-heavy
209011202,Montmorency - Briar Hill,Montmorency - Briar Hill,Victoria,Greater Melbourne,-37.72884234161169,145.1196960544314,1454.0,226.0,0.1184521384928716,11.84521384928716,0.1610833927298645,16.10833927298645,68342.13686382394,22113.31975588096,6.433628318584071,0.6504424778761062,65.04424778761062,0.0,0.0,25453.0,0.516997608899054,digitally specialised
209011203,Viewbank - Yallambie,Viewbank - Yallambie,Victoria,Greater Melbourne,-37.73120973923358,145.08824589344204,1665.0,211.0,0.1207221577726218,12.07221577726218,0.1992445703493862,19.92445703493862,72244.26666666666,24832.55016434647,7.890995260663507,0.6729857819905213,67.29857819905213,0.0,0.0,23881.5,0.5003270722362396,high-income specialist
209011204,Watsonia,Watsonia,Victoria,Greater Melbourne,-37.704892353148495,145.0841527877585,783.0,84.0,0.1134618171279524,11.346181712795241,0.1489361702127659,14.89361702127659,72653.01149425287,24406.570978385607,9.321428571428571,0.5833333333333334,58.333333333333336,0.0,0.0,20200.0,0.4956912701386287,high-income specialist
209021205,Kingsbury,Kingsbury,Victoria,Greater Melbourne,-37.714548267414266,145.0490487021519,999.0,91.0,0.1059048022898335,10.590480228983349,0.109903381642512,10.990338164251199,51076.21171171171,20223.324560222256,10.978021978021978,0.7032967032967034,70.32967032967034,0.0,0.0,10909.5,0.4886567164179105,large-employer / job-heavy hub
209021428,Preston - East,Preston - East,Victoria,Greater Melbourne,-37.74274661206604,145.01600678903915,2394.0,372.0,0.1234784402723334,12.34784402723334,0.1333811401936178,13.338114019361779,55976.15079365079,18681.081601366903,6.435483870967742,0.553763440860215,55.376344086021504,0.010752688172043,1.0752688172043,7553.5,0.5028808985486106,major digital hub
209021429,Preston - West,Preston - West,Victoria,Greater Melbourne,-37.73992670980423,144.99007077406586,1480.0,141.0,0.1336463789055445,13.364637890554452,0.1552863436123348,15.528634361233479,62214.01722972973,21853.918981580915,10.49645390070922,0.6595744680851063,65.95744680851064,0.0,0.0,13052.0,0.5091606833374598,large-employer / job-heavy hub
209021523,Reservoir - North East,Reservoir - North East,Victoria,Greater Melbourne,-37.70593598825143,145.0212137737978,1350.0,107.0,0.1051319990654933,10.51319990654933,0.1065737051792828,10.65737051792828,55390.78074074074,18909.99680646771,12.61682242990654,0.719626168224299,71.96261682242991,0.0,0.0,8017.0,0.4891616898916169,large-employer / job-heavy hub
209021524,Reservoir - North West,Reservoir - North West,Victoria,Greater Melbourne,-37.699953121826965,144.99398961905356,623.0,68.0,0.0926394052044609,9.26394052044609,0.0846824408468244,8.46824408468244,48976.73595505618,12516.698036840571,9.161764705882351,0.7058823529411765,70.58823529411765,0.0,0.0,13298.0,0.4689816621147093,lower digital concentration
209021525,Reservoir - South East,Reservoir - South East,Victoria,Greater Melbourne,-37.725336895468104,145.02202387704497,1075.0,100.0,0.1009484458634613,10.094844586346131,0.1089324618736383,10.893246187363829,51758.266976744184,18056.42882292692,10.75,0.62,62.0,0.0,0.0,8126.0,0.4906914893617021,large-employer / job-heavy hub
209021526,Reservoir - South West,Reservoir - South West,Victoria,Greater Melbourne,-37.71780338110334,144.99393695251592,1321.0,160.0,0.1072240259740259,10.72240259740259,0.1202103681442524,12.02103681442524,57257.82361847086,18445.08323697735,8.25625,0.7,70.0,0.0,0.0,9790.0,0.4952553095345685,digitally specialised
209031209,Eltham,Eltham,Victoria,Greater Melbourne,-37.71469448073855,145.15682456174193,2230.0,490.0,0.1245323058022002,12.453230580220021,0.2154793315743184,21.54793315743184,68141.22780269058,21701.224703343963,4.551020408163265,0.6244897959183674,62.44897959183674,0.0061224489795918,0.61224489795918,30321.5,0.4975661375661375,major digital hub
209031213,Plenty - Yarrambat,Plenty - Yarrambat,Victoria,Greater Melbourne,-37.65350557823819,145.12385667787305,791.0,142.0,0.1052141527001862,10.52141527001862,0.1329588014981273,13.29588014981273,62398.238938053095,19593.483218446818,5.570422535211268,0.5563380281690141,55.633802816901415,0.0,0.0,27834.0,0.4903203700531094,digitally specialised
209031214,Research - North Warrandyte,Research - North Warrandyte,Victoria,Greater Melbourne,-37.698990693274816,145.22062456031833,671.0,191.0,0.1293868106440416,12.93868106440416,0.2255017709563164,22.55017709563164,62817.89344262295,19563.95100143514,3.513089005235602,0.581151832460733,58.1151832460733,0.0,0.0,31732.0,0.498197548666186,digitally specialised
209031215,Wattle Glen - Diamond Creek,Wattle Glen - Diamond Creek,Victoria,Greater Melbourne,-37.66772774737109,145.1673089221034,1080.0,160.0,0.0898502495840266,8.98502495840266,0.1351351351351351,13.513513513513509,59436.998148148145,14236.20717477044,6.75,0.66875,66.875,0.0,0.0,30892.0,0.4975709813235452,lower digital concentration
209041216,Bundoora - North,Bundoora - North,Victoria,Greater Melbourne,-37.682812420250976,145.07119998616307,592.0,165.0,0.0957464014232573,9.57464014232573,0.1731374606505771,17.31374606505771,51936.32094594595,16055.396152156522,3.587878787878788,0.4787878787878787,47.87878787878787,0.0242424242424242,2.42424242424242,15678.0,0.4945030782761653,emerging growth corridor
209041220,Mill Park - North,Mill Park - North,Victoria,Greater Melbourne,-37.65950740072595,145.06771655582583,1218.0,150.0,0.0862361937128292,8.62361937128292,0.1031636863823934,10.31636863823934,53537.161740558295,14511.675086635893,8.12,0.66,66.0,0.0,0.0,16236.5,0.4857737026183949,lower digital concentration
209041221,Mill Park - South,Mill Park - South,Victoria,Greater Melbourne,-37.671389166026756,145.05923614600727,667.0,84.0,0.0769941128939166,7.6994112893916595,0.1155433287482806,11.554332874828061,49982.503748125935,12200.701831930624,7.940476190476191,0.6785714285714286,67.85714285714286,0.0357142857142857,3.57142857142857,15589.0,0.487905695039804,lower digital concentration
209041223,Thomastown,Thomastown,Victoria,Greater Melbourne,-37.68384265049308,145.00827972425927,955.0,206.0,0.0666155133928571,6.66155133928571,0.0617505995203836,6.17505995203836,46566.46230366492,15946.395548642598,4.635922330097087,0.4854368932038835,48.54368932038835,0.0339805825242718,3.3980582524271803,10377.5,0.4528067323324089,emerging growth corridor
209041224,Wallan,Wallan,Victoria,Greater Melbourne,-37.384816216312366,145.0716172009843,1104.0,131.0,0.054014384265375,5.4014384265375,0.0669391926417986,6.6939192641798595,48570.54347826087,10931.582961601547,8.427480916030534,0.6259541984732825,62.59541984732825,0.0229007633587786,2.29007633587786,21633.0,0.4688247806434459,emerging growth corridor
209041225,Whittlesea,Whittlesea,Victoria,Greater Melbourne,-37.49791335088169,145.10197522410982,710.0,107.0,0.0669621805149486,6.696218051494859,0.0875613747954173,8.75613747954173,47613.144366197186,11026.28192160603,6.635514018691588,0.5607476635514018,56.074766355140184,0.0,0.0,20596.5,0.477892030848329,emerging growth corridor
209041431,Epping - East,Epping - East,Victoria,Greater Melbourne,-37.635775594569395,145.04539439476434,615.0,56.0,0.0603059423416356,6.03059423416356,0.0658823529411764,6.5882352941176405,42790.6674796748,9396.504114309042,10.982142857142858,0.7142857142857143,71.42857142857143,0.0,0.0,15639.0,0.4700366897676314,lower digital concentration
209041433,Epping (Vic.) - West,Epping (Vic.) - West,Victoria,Greater Melbourne,-37.63192819376186,145.01005542356845,712.0,109.0,0.0719991910203256,7.199919102032561,0.0778015703069236,7.78015703069236,49440.91221910113,15524.886180067855,6.532110091743119,0.5779816513761468,57.798165137614674,0.0275229357798165,2.75229357798165,14462.5,0.4760288502333474,emerging growth corridor
209041435,South Morang - North,South Morang - North,Victoria,Greater Melbourne,-37.6237005583471,145.08254206158367,933.0,97.0,0.0847796456156292,8.47796456156292,0.1002066115702479,10.02066115702479,60244.7459807074,19814.940528640152,9.618556701030927,0.6494845360824743,64.94845360824742,0.0309278350515463,3.09278350515463,24879.5,0.4993860510805501,large-employer / job-heavy hub
209041436,South Morang - South,South Morang - South,Victoria,Greater Melbourne,-37.64571403586685,145.0855885503717,864.0,66.0,0.0804993943911301,8.049939439113011,0.0737430167597765,7.37430167597765,52086.666666666664,14828.55174073729,13.090909090909092,0.6666666666666666,66.66666666666666,0.0,0.0,15934.0,0.4854969704782776,large-employer / job-heavy hub
209041437,Wollert,Wollert,Victoria,Greater Melbourne,-37.590921473298955,145.00506805957195,1618.0,180.0,0.071164672765658,7.1164672765658,0.066691367173027,6.6691367173027,56511.141223733,22811.224747659813,8.988888888888889,0.7111111111111111,71.11111111111111,0.0,0.0,12691.0,0.4694154681809764,emerging growth corridor
209041527,Doreen - North,Doreen - North,Victoria,Greater Melbourne,-37.588177650979446,145.12684903791236,976.0,137.0,0.0745550378122374,7.455503781223741,0.1323671497584541,13.236714975845409,61321.36680327869,19446.609756452628,7.124087591240876,0.5985401459854015,59.854014598540154,0.0,0.0,32128.0,0.5050937245313774,lower digital concentration
209041528,Doreen - South,Doreen - South,Victoria,Greater Melbourne,-37.61143218611297,145.12107416977443,724.0,76.0,0.0802127188123199,8.02127188123199,0.119309262166405,11.9309262166405,62641.914364640885,20841.189237231178,9.526315789473683,0.5789473684210527,57.89473684210527,0.0,0.0,28149.5,0.507922136713445,lower digital concentration
209041530,Lalor - West,Lalor - West,Victoria,Greater Melbourne,-37.660576152174315,144.994622312434,660.0,78.0,0.0693277310924369,6.93277310924369,0.0671256454388984,6.71256454388984,47841.29696969697,15697.698440285203,8.461538461538462,0.5897435897435898,58.97435897435898,0.0,0.0,11134.0,0.463691159586682,lower digital concentration
209041531,Mernda - North,Mernda - North,Victoria,Greater Melbourne,-37.584237375745836,145.08550616097338,809.0,83.0,0.0833676834295136,8.33676834295136,0.1118598382749326,11.18598382749326,52083.86897404203,15211.885307512764,9.74698795180723,0.5903614457831325,59.036144578313255,0.0,0.0,20293.5,0.5014710208884966,large-employer / job-heavy hub
209041532,Mernda - South,Mernda - South,Victoria,Greater Melbourne,-37.60589919532224,145.07558692073383,783.0,87.0,0.0751583797273948,7.5158379727394795,0.1022326674500587,10.22326674500587,61227.5632183908,23374.113563946572,9.0,0.6781609195402298,67.81609195402298,0.0,0.0,21506.0,0.4925533342278277,lower digital concentration
210011226,Airport West,Airport West,Victoria,Greater Melbourne,-37.72380816894742,144.8813054974199,561.0,90.0,0.0854401462077368,8.54401462077368,0.093071354705274,9.3071354705274,58626.594474153295,13746.97903096109,6.233333333333333,0.5555555555555556,55.55555555555556,0.0333333333333333,3.33333333333333,17372.0,0.495228426395939,lower digital concentration
210011228,Keilor,Keilor,Victoria,Greater Melbourne,-37.718932415133544,144.8444624580252,601.0,194.0,0.0951702296120348,9.51702296120348,0.0723340790454884,7.23340790454884,58645.51081530782,16558.72459202991,3.097938144329897,0.4536082474226804,45.36082474226804,0.0463917525773195,4.63917525773195,18510.0,0.4885325756038157,lower digital concentration
210011230,Niddrie - Essendon West,Niddrie - Essendon West,Victoria,Greater Melbourne,-37.7449829175718,144.88489856094915,692.0,122.0,0.1114511193428893,11.14511193428893,0.143698468786808,14.3698468786808,68323.51156069365,22127.119065927986,5.672131147540983,0.5983606557377049,59.83606557377049,0.0245901639344262,2.45901639344262,23389.5,0.5121121971950702,digitally specialised
210011231,Strathmore,Strathmore,Victoria,Greater Melbourne,-37.729915088128436,144.91367768894315,948.0,173.0,0.113383566559024,11.3383566559024,0.1868250539956803,18.68250539956803,73042.5,27782.04221983016,5.479768786127168,0.5838150289017341,58.38150289017341,0.0,0.0,19292.5,0.5012718600953895,high-income specialist
210011533,Avondale Heights,Avondale Heights,Victoria,Greater Melbourne,-37.76153816831774,144.86261229284642,853.0,131.0,0.1019481295565913,10.19481295565913,0.1364583333333333,13.645833333333329,60338.61664712778,17455.600512312434,6.511450381679389,0.7022900763358778,70.22900763358778,0.0,0.0,19909.0,0.4914622787954051,digitally specialised
210011534,Keilor East,Keilor East,Victoria,Greater Melbourne,-37.742174038184906,144.86611913536848,1099.0,144.0,0.0992056327857014,9.920563278570139,0.1244598098530682,12.44598098530682,69188.2092811647,25419.100191076235,7.631944444444445,0.6388888888888888,63.888888888888886,0.0,0.0,22620.5,0.4936453260482242,high-income specialist
210021232,Gisborne,Gisborne,Victoria,Greater Melbourne,-37.4954704506931,144.55519611644223,942.0,216.0,0.0862953462806889,8.629534628068889,0.1478439425051334,14.78439425051334,65170.53343949045,19301.434181520497,4.361111111111111,0.5833333333333334,58.333333333333336,0.0138888888888888,1.38888888888888,35186.0,0.4982995191743872,lower digital concentration
210021235,Romsey,Romsey,Victoria,Greater Melbourne,-37.349921768969764,144.76343023638398,546.0,96.0,0.0667644900953778,6.67644900953778,0.0845070422535211,8.45070422535211,52614.07692307692,11910.754961717175,5.6875,0.59375,59.375,0.0,0.0,28316.5,0.481578947368421,lower digital concentration
210031236,Coburg North,Coburg North,Victoria,Greater Melbourne,-37.72697780070316,144.96746139013982,945.0,156.0,0.1306331213713021,13.06331213713021,0.1142020497803806,11.42020497803806,59006.07407407407,19149.48885151394,6.0576923076923075,0.6089743589743589,60.89743589743589,0.0256410256410256,2.56410256410256,10365.0,0.4893901739629134,emerging growth corridor
210031237,Fawkner,Fawkner,Victoria,Greater Melbourne,-37.70522101754947,144.96961194513406,900.0,93.0,0.0873871249635886,8.73871249635886,0.0648535564853556,6.48535564853556,52351.16,22339.59285755899,9.67741935483871,0.6129032258064516,61.29032258064516,0.0,0.0,9163.5,0.415089309517462,large-employer / job-heavy hub
210031535,Glenroy - East,Glenroy - East,Victoria,Greater Melbourne,-37.70193396077115,144.93495947393524,1141.0,107.0,0.0887178290957157,8.87178290957157,0.0819923371647509,8.19923371647509,57409.1560035057,26313.926511242265,10.663551401869158,0.6728971962616822,67.28971962616822,0.0,0.0,8643.0,0.4590739273180119,large-employer / job-heavy hub
210031536,Glenroy - West,Glenroy - West,Victoria,Greater Melbourne,-37.70508464144684,144.90966746955507,715.0,65.0,0.0788486987207763,7.88486987207763,0.0849673202614379,8.496732026143789,61535.03776223776,29940.41573974107,11.0,0.6307692307692307,63.07692307692307,0.0,0.0,5772.5,0.473428273706148,lower digital concentration
210031537,Oak Park,Oak Park,Victoria,Greater Melbourne,-37.71959119684904,144.9178979895892,988.0,69.0,0.1233766233766233,12.33766233766233,0.1268382352941176,12.683823529411761,69305.89170040486,28862.322269835426,14.318840579710145,0.5652173913043478,56.52173913043478,0.0,0.0,15122.5,0.4884952520087655,high-income specialist
210031538,Pascoe Vale,Pascoe Vale,Victoria,Greater Melbourne,-37.72452553674642,144.93890513650578,1810.0,186.0,0.1203137463440574,12.03137463440574,0.1431870669745958,14.318706697459579,66121.90828729281,23465.04538513913,9.731182795698924,0.6236559139784946,62.365591397849464,0.0,0.0,15979.0,0.4995360920393394,large-employer / job-heavy hub
210041240,Sunbury,Sunbury,Victoria,Greater Melbourne,-37.53942398017571,144.76757195100276,773.0,92.0,0.06930870617771,6.930870617770999,0.1009879253567508,10.09879253567508,56142.64553686934,14452.288951197326,8.402173913043478,0.5760869565217391,57.608695652173914,0.0,0.0,23651.0,0.4884496308644915,lower digital concentration
210041540,Sunbury - South,Sunbury - South,Victoria,Greater Melbourne,-37.613622851242376,144.7378961220732,910.0,109.0,0.0746023938350549,7.46023938350549,0.0930034129692832,9.30034129692832,58812.25,17573.759796687984,8.34862385321101,0.5596330275229358,55.96330275229357,0.0275229357798165,2.75229357798165,23776.5,0.501935626589979,lower digital concentration
210041541,Sunbury - West,Sunbury - West,Victoria,Greater Melbourne,-37.53809873730921,144.67207267632304,645.0,64.0,0.069994574064026,6.9994574064026,0.1030595813204508,10.305958132045081,56020.121705426354,14433.05415252348,10.078125,0.6875,68.75,0.0,0.0,26658.0,0.4914393499709808,lower digital concentration
210051242,Broadmeadows,Broadmeadows,Victoria,Greater Melbourne,-37.68406968691986,144.92932766468326,587.0,81.0,0.0561239124199254,5.6123912419925395,0.0506566604127579,5.06566604127579,34889.38160136286,13291.422284028507,7.246913580246914,0.691358024691358,69.1358024691358,0.037037037037037,3.7037037037037,7299.0,0.3993533876862524,lower digital concentration
210051243,Campbellfield - Coolaroo,Campbellfield - Coolaroo,Victoria,Greater Melbourne,-37.66390562248969,144.95184882404058,512.0,183.0,0.0537871625170711,5.37871625170711,0.0544157002676181,5.44157002676181,29311.779296875,6107.521969424637,2.797814207650273,0.5027322404371585,50.27322404371585,0.0327868852459016,3.27868852459016,7579.0,0.3912740451630889,emerging growth corridor
210051245,Gladstone Park - Westmeadows,Gladstone Park - Westmeadows,Victoria,Greater Melbourne,-37.676257509334896,144.89080367309725,952.0,117.0,0.0703621581670362,7.03621581670362,0.0883018867924528,8.83018867924528,53708.86554621849,15059.348916506737,8.136752136752136,0.6495726495726496,64.95726495726495,0.0,0.0,16919.0,0.4811283664242186,lower digital concentration
210051246,Greenvale - Bulla,Greenvale - Bulla,Victoria,Greater Melbourne,-37.623616716363266,144.83536581919006,1512.0,192.0,0.0866277071158473,8.66277071158473,0.0845814977973568,8.45814977973568,59875.33366402117,19797.7670603773,7.875,0.6666666666666666,66.66666666666666,0.0,0.0,22982.5,0.4847269811183203,emerging growth corridor
210051442,Craigieburn - North,Craigieburn - North,Victoria,Greater Melbourne,-37.57065157252374,144.94326055085827,662.0,89.0,0.0672149456797644,6.72149456797644,0.0820276497695852,8.20276497695852,51272.64350453172,17676.689651348657,7.438202247191011,0.6067415730337079,60.67415730337079,0.0,0.0,14397.5,0.4691983122362869,emerging growth corridor
210051443,Craigieburn - South,Craigieburn - South,Victoria,Greater Melbourne,-37.60443277594139,144.91880390565882,1146.0,133.0,0.0706883789785344,7.06883789785344,0.0597484276729559,5.9748427672955895,53254.16404886562,19720.439307932975,8.61654135338346,0.6466165413533834,64.66165413533834,0.0225563909774436,2.25563909774436,12995.0,0.454891574242675,emerging growth corridor
210051445,Mickleham - Yuroke,Mickleham - Yuroke,Victoria,Greater Melbourne,-37.54357923605593,144.9019228597887,1529.0,164.0,0.0643599781117144,6.43599781117144,0.0554616165032127,5.54616165032127,50749.42380640942,18332.82381482799,9.323170731707316,0.7195121951219512,71.95121951219512,0.0,0.0,15734.0,0.4624163479923518,emerging growth corridor
210051542,Craigieburn - North West,Craigieburn - North West,Victoria,Greater Melbourne,-37.57077558899606,144.9045375589601,546.0,64.0,0.0708630759247242,7.08630759247242,0.0586080586080586,5.86080586080586,55845.47802197802,24858.928119317417,8.53125,0.703125,70.3125,0.0,0.0,15015.0,0.4567474048442906,lower digital concentration
210051543,Craigieburn - West,Craigieburn - West,Victoria,Greater Melbourne,-37.58529181423965,144.90477485536914,771.0,85.0,0.0772932330827067,7.72932330827067,0.0615496017378711,6.15496017378711,55389.77042801557,23529.847871624588,9.070588235294116,0.6705882352941176,67.05882352941175,0.0,0.0,12735.0,0.4650159966615663,lower digital concentration
210051545,Roxburgh Park - North,Roxburgh Park - North,Victoria,Greater Melbourne,-37.61887558312451,144.9247730207587,568.0,68.0,0.0637342908438061,6.373429084380609,0.0571909167367535,5.71909167367535,39837.898767605635,13411.022084481756,8.352941176470589,0.7205882352941176,72.05882352941177,0.0,0.0,11336.5,0.4467034562881208,lower digital concentration
211011251,Bayswater,Bayswater,Victoria,Greater Melbourne,-37.845429479497064,145.2647711989398,962.0,166.0,0.0897053338306602,8.970533383066021,0.079236276849642,7.923627684964201,61265.017151767155,23675.05300592605,5.795180722891566,0.536144578313253,53.6144578313253,0.0240963855421686,2.40963855421686,15220.0,0.476897478561372,lower digital concentration
211011254,Knoxfield - Scoresby,Knoxfield - Scoresby,Victoria,Greater Melbourne,-37.89720604133605,145.23047272218727,1443.0,305.0,0.1088645794039984,10.88645794039984,0.1452380952380952,14.52380952380952,61682.716909216906,21533.34108877179,4.731147540983606,0.5147540983606558,51.47540983606558,0.0426229508196721,4.26229508196721,18106.5,0.4858937294387399,emerging growth corridor
211011255,Lysterfield,Lysterfield,Victoria,Greater Melbourne,-37.92695277080945,145.29081547235057,515.0,90.0,0.0956715586104402,9.56715586104402,0.1404056162246489,14.040561622464889,58474.71359223301,14517.991411293013,5.722222222222222,0.6444444444444445,64.44444444444444,0.0,0.0,27477.5,0.49154532644434,lower digital concentration
211011256,Rowville - Central,Rowville - Central,Victoria,Greater Melbourne,-37.919370590542606,145.24317504278702,1211.0,196.0,0.0964940239043824,9.64940239043824,0.1462686567164179,14.62686567164179,62987.25433526011,20882.712303387605,6.178571428571429,0.6632653061224489,66.3265306122449,0.0153061224489795,1.53061224489795,21309.5,0.4921165291845045,lower digital concentration
211011257,Rowville - North,Rowville - North,Victoria,Greater Melbourne,-37.90712860922385,145.26086615113843,647.0,111.0,0.1021148989898989,10.211489898989889,0.1472148541114058,14.72148541114058,63358.47217928903,19383.061983581953,5.828828828828829,0.4954954954954955,49.549549549549546,0.027027027027027,2.7027027027027,23628.5,0.4910585817060637,digitally specialised
211011258,Rowville - South,Rowville - South,Victoria,Greater Melbourne,-37.93550642203449,145.2388488285943,908.0,122.0,0.1027614305115436,10.27614305115436,0.1394285714285714,13.94285714285714,57472.095814977976,15515.33268686571,7.442622950819672,0.5819672131147541,58.19672131147541,0.0,0.0,20526.5,0.4895725484395799,digitally specialised
211011259,Wantirna,Wantirna,Victoria,Greater Melbourne,-37.85230997734531,145.22598100512255,1147.0,156.0,0.1060956433262417,10.60956433262417,0.1422060164083865,14.220601640838652,64406.24760244115,24768.059229487677,7.352564102564102,0.6025641025641025,60.256410256410255,0.0,0.0,21744.0,0.4957389822254687,digitally specialised
211011260,Wantirna South,Wantirna South,Victoria,Greater Melbourne,-37.873638393257465,145.22092189210778,1598.0,264.0,0.1168897666593519,11.68897666593519,0.1603888213851761,16.03888213851761,55215.863579474346,16915.94499268479,6.053030303030303,0.5909090909090909,59.09090909090909,0.0,0.0,17189.5,0.4932070417145044,digitally specialised
211011446,Boronia,Boronia,Victoria,Greater Melbourne,-37.856277578127795,145.28597218084667,1785.0,220.0,0.095260967018892,9.5260967018892,0.1282798833819242,12.82798833819242,61299.10140056023,21656.10655052287,8.113636363636363,0.5909090909090909,59.09090909090909,0.0227272727272727,2.27272727272727,16624.0,0.4959007628145719,emerging growth corridor
211011447,Ferntree Gully - North,Ferntree Gully - North,Victoria,Greater Melbourne,-37.8772918657407,145.28556381664285,996.0,110.0,0.0919922416181767,9.199224161817671,0.1162790697674418,11.62790697674418,60015.43975903615,19774.75203390453,9.054545454545456,0.5363636363636364,53.63636363636364,0.0,0.0,18309.0,0.4904288829658347,lower digital concentration
211011448,Ferntree Gully (South) - Upper Ferntree Gully,Ferntree Gully (South) - Upper Ferntree Gully,Victoria,Greater Melbourne,-37.892811809528574,145.28381648165023,1141.0,172.0,0.0911997442250819,9.11997442250819,0.1300075585789871,13.00075585789871,57835.88957055215,18018.821990023014,6.633720930232558,0.5697674418604651,56.97674418604651,0.0,0.0,20401.0,0.4897351345601531,lower digital concentration
211021261,Donvale - Park Orchards,Donvale - Park Orchards,Victoria,Greater Melbourne,-37.784556323268276,145.20305985921038,1625.0,313.0,0.1348659639804133,13.486596398041332,0.1658717541070482,16.58717541070482,62961.17723076923,22958.247734545475,5.1916932907348246,0.5814696485623003,58.146964856230035,0.0095846645367412,0.95846645367412,20750.5,0.4911945682155739,digitally specialised
211021262,Warrandyte - Wonga Park,Warrandyte - Wonga Park,Victoria,Greater Melbourne,-37.74308022000511,145.24288811015393,898.0,234.0,0.1144678138942001,11.44678138942001,0.1746268656716418,17.46268656716418,54093.351893095765,16285.507533631137,3.8376068376068377,0.6068376068376068,60.68376068376068,0.0128205128205128,1.28205128205128,26332.0,0.4959428756897111,digitally specialised
211031263,Bayswater North,Bayswater North,Victoria,Greater Melbourne,-37.828466962234515,145.29289620969948,798.0,141.0,0.0835164835164835,8.35164835164835,0.094758064516129,9.4758064516129,58791.15413533834,17580.90771984907,5.659574468085107,0.5886524822695035,58.86524822695035,0.0212765957446808,2.1276595744680797,19821.0,0.4874586549062844,lower digital concentration
211031265,Croydon Hills - Warranwood,Croydon Hills - Warranwood,Victoria,Greater Melbourne,-37.772940350319026,145.268729644648,1543.0,241.0,0.1036265950302216,10.36265950302216,0.1835491241431835,18.35491241431835,65905.17433570966,22797.730950887628,6.402489626556017,0.5643153526970954,56.43153526970954,0.0124481327800829,1.24481327800829,26746.0,0.499388859786974,digitally specialised
211031266,Ringwood,Ringwood,Victoria,Greater Melbourne,-37.81140803598979,145.23337798199626,1794.0,340.0,0.1167816690535086,11.67816690535086,0.1579191825359963,15.79191825359963,65107.25529542921,26174.654364560833,5.276470588235294,0.5352941176470588,53.529411764705884,0.0176470588235294,1.76470588235294,15278.5,0.4947479918792479,major digital hub
211031267,Ringwood East,Ringwood East,Victoria,Greater Melbourne,-37.82147578056691,145.24868370222777,1959.0,256.0,0.1178062421071621,11.78062421071621,0.1775312066574202,17.75312066574202,69263.79275140377,26106.35580390242,7.65234375,0.57421875,57.421875,0.0,0.0,19184.5,0.4971905602825494,high-income specialist
211031268,Ringwood North,Ringwood North,Victoria,Greater Melbourne,-37.79463702191773,145.23069378596972,921.0,181.0,0.1250339397230518,12.50339397230518,0.232051282051282,23.2051282051282,69905.86536373507,25607.033772640847,5.088397790055248,0.6795580110497238,67.95580110497238,0.0,0.0,27602.0,0.4986858244261433,high-income specialist
211031450,Croydon - East,Croydon - East,Victoria,Greater Melbourne,-37.80100635935178,145.2912325560726,1154.0,161.0,0.0912902460248398,9.12902460248398,0.1379605826906598,13.79605826906598,61830.27079722704,21981.153994758875,7.167701863354037,0.6211180124223602,62.11180124223602,0.0,0.0,15171.0,0.5115437812533248,lower digital concentration
211031451,Croydon - West,Croydon - West,Victoria,Greater Melbourne,-37.788863243957834,145.27844351008463,1087.0,170.0,0.1050749154180763,10.50749154180763,0.1683168316831683,16.83168316831683,61920.14811407544,21395.949080725994,6.394117647058824,0.611764705882353,61.1764705882353,0.0,0.0,22314.0,0.511085772203218,digitally specialised
211041269,Forest Hill,Forest Hill,Victoria,Greater Melbourne,-37.839856236719115,145.17105413752302,1005.0,162.0,0.1265424326366154,12.654243263661542,0.1830508474576271,18.30508474576271,63097.702985074626,23790.010527255436,6.203703703703703,0.6358024691358025,63.580246913580254,0.0246913580246913,2.46913580246913,16171.0,0.4981069958847736,small-business / consultant-heavy
211041270,Mitcham (Vic.),Mitcham (Vic.),Victoria,Greater Melbourne,-37.81816368188942,145.1990131546712,2092.0,318.0,0.1467658201206678,14.67658201206678,0.1837088388214904,18.370883882149037,66973.43212237094,25155.891081259673,6.578616352201258,0.5880503144654088,58.80503144654088,0.0125786163522012,1.25786163522012,18593.0,0.4945388925823915,emerging growth corridor
211041271,Nunawading,Nunawading,Victoria,Greater Melbourne,-37.81734832675517,145.17653652544257,1301.0,257.0,0.1317068232435715,13.17068232435715,0.159528243327126,15.9528243327126,67115.55649500384,26017.925851148808,5.062256809338521,0.5447470817120622,54.474708171206224,0.0194552529182879,1.94552529182879,15767.5,0.4896333928326239,emerging growth corridor
211041272,Vermont,Vermont,Victoria,Greater Melbourne,-37.838419269153334,145.19929716000746,1091.0,199.0,0.132274490785645,13.227449078564499,0.1762621789193977,17.62621789193977,69453.10265811182,27093.533732311625,5.482412060301508,0.542713567839196,54.2713567839196,0.0150753768844221,1.50753768844221,22962.5,0.4989680901730433,high-income specialist
211041273,Vermont South,Vermont South,Victoria,Greater Melbourne,-37.854373843896575,145.18782264478548,1113.0,180.0,0.1328479350680353,13.28479350680353,0.1662049861495844,16.62049861495844,65233.2628032345,25453.6768638695,6.183333333333334,0.6055555555555555,60.55555555555555,0.0,0.0,19369.5,0.4935995123437976,digitally specialised
211051274,Belgrave - Selby,Belgrave - Selby,Victoria,Greater Melbourne,-37.93871704267083,145.35515916790527,819.0,149.0,0.1041057582305834,10.410575823058341,0.1631982475355969,16.31982475355969,55877.81318681319,14661.717915426389,5.496644295302014,0.6174496644295302,61.74496644295302,0.0,0.0,22826.5,0.4902055234425176,digitally specialised
211051275,Chirnside Park,Chirnside Park,Victoria,Greater Melbourne,-37.73858734130803,145.3143211365803,822.0,122.0,0.0884441575209812,8.84441575209812,0.1198428290766208,11.984282907662081,58373.655717761554,17782.462152020213,6.737704918032787,0.6147540983606558,61.47540983606557,0.0245901639344262,2.45901639344262,28572.0,0.4943995462923579,lower digital concentration
211051276,Healesville - Yarra Glen,Healesville - Yarra Glen,Victoria,Greater Melbourne,-37.62612174006671,145.4961618921055,686.0,183.0,0.0669333593521319,6.693335935213191,0.125,12.5,47417.74635568513,13705.517065022628,3.748633879781421,0.6065573770491803,60.65573770491803,0.0163934426229508,1.63934426229508,20527.5,0.501717791411043,lower digital concentration
211051277,Kilsyth,Kilsyth,Victoria,Greater Melbourne,-37.81541180202599,145.32034484683786,568.0,66.0,0.0731487443657437,7.31487443657437,0.0819875776397515,8.198757763975149,55817.03257042253,15080.921817041975,8.606060606060606,0.5757575757575758,57.57575757575758,0.0,0.0,20696.0,0.504250255015301,lower digital concentration
211051278,Lilydale - Coldstream,Lilydale - Coldstream,Victoria,Greater Melbourne,-37.71377967769063,145.3888448099651,1142.0,215.0,0.0721916682470446,7.219166824704459,0.1099182004089979,10.991820040899789,59924.81085814361,21135.327673365813,5.311627906976744,0.5906976744186047,59.06976744186046,0.0186046511627906,1.86046511627906,23887.0,0.4986662220740246,lower digital concentration
211051281,Mooroolbark,Mooroolbark,Victoria,Greater Melbourne,-37.781324341602115,145.32567641197238,1514.0,164.0,0.0817406327610409,8.174063276104091,0.1116405718175629,11.16405718175629,58715.83355350066,18754.792683184285,9.231707317073171,0.5609756097560976,56.09756097560976,0.0,0.0,22711.5,0.4935603892386949,lower digital concentration
211051282,Mount Dandenong - Olinda,Mount Dandenong - Olinda,Victoria,Greater Melbourne,-37.86182131601152,145.37568467022635,823.0,195.0,0.1134546457127102,11.34546457127102,0.2092274678111588,20.92274678111588,52659.37970838396,11257.823670335987,4.220512820512821,0.6564102564102564,65.64102564102564,0.0,0.0,23304.0,0.4939160239931448,small-business / consultant-heavy
211051283,Mount Evelyn,Mount Evelyn,Victoria,Greater Melbourne,-37.78727756432963,145.38821611327484,552.0,105.0,0.0703095147115017,7.0309514711501695,0.1229508196721311,12.295081967213111,55419.440217391304,18873.870926855067,5.257142857142857,0.6285714285714286,62.857142857142854,0.0,0.0,28162.0,0.4939818631492168,lower digital concentration
211051284,Upwey - Tecoma,Upwey - Tecoma,Victoria,Greater Melbourne,-37.90423583338353,145.33073726842454,913.0,139.0,0.1150163769211388,11.50163769211388,0.2,20.0,63445.40197152246,19238.82506298126,6.568345323741007,0.60431654676259,60.431654676258994,0.0,0.0,23740.0,0.4908915041109141,digitally specialised
211051286,Yarra Valley,Yarra Valley,Victoria,Greater Melbourne,-37.76789873246397,145.68029647388173,616.0,120.0,0.0524612502129109,5.24612502129109,0.0835654596100278,8.35654596100278,46523.65422077922,12534.681856616386,5.133333333333334,0.6666666666666666,66.66666666666666,0.0,0.0,21693.0,0.4818076963405683,lower digital concentration
212011289,Emerald - Cockatoo,Emerald - Cockatoo,Victoria,Greater Melbourne,-37.95316377411213,145.56165881114595,1081.0,208.0,0.0756314279717344,7.56314279717344,0.1121898597626753,11.21898597626753,56100.68316373728,17237.869268823684,5.197115384615385,0.5769230769230769,57.692307692307686,0.0,0.0,24951.5,0.4843144166372929,lower digital concentration
212011546,Beaconsfield - Officer,Beaconsfield - Officer,Victoria,Greater Melbourne,-38.042334383611795,145.40039687995133,1852.0,228.0,0.0819034141163983,8.19034141163983,0.1089866156787763,10.89866156787763,57183.13390928726,18574.58820346734,8.12280701754386,0.5964912280701754,59.64912280701754,0.0131578947368421,1.31578947368421,22020.5,0.4971414520194258,lower digital concentration
212011547,Bunyip - Garfield,Bunyip - Garfield,Victoria,Greater Melbourne,-38.07987735325629,145.64697340849537,511.0,76.0,0.0710116731517509,7.10116731517509,0.0617384240454914,6.1738424045491405,44132.18590998043,8210.453419708057,6.723684210526316,0.618421052631579,61.8421052631579,0.0394736842105263,3.94736842105263,22599.0,0.4812068965517241,lower digital concentration
212011549,Pakenham - North East,Pakenham - North East,Victoria,Greater Melbourne,-38.05301777495665,145.50676479971892,782.0,83.0,0.060084517864003,6.0084517864002995,0.0867293625914315,8.672936259143151,48652.0358056266,14083.661737243963,9.421686746987952,0.6867469879518072,68.67469879518072,0.036144578313253,3.6144578313252995,20865.0,0.4749380187560634,lower digital concentration
212011552,Pakenham - South West,Pakenham - South West,Victoria,Greater Melbourne,-38.09159817317527,145.46507273511077,1298.0,176.0,0.0570900774102744,5.70900774102744,0.0751173708920187,7.51173708920187,48074.96302003082,15484.70090268388,7.375,0.5625,56.25,0.0170454545454545,1.70454545454545,18150.5,0.4820282813181337,lower digital concentration
212021293,Berwick - North,Berwick - North,Victoria,Greater Melbourne,-38.02512364398956,145.34884203790898,1632.0,338.0,0.0949333953813041,9.49333953813041,0.1483757682177348,14.83757682177348,55538.009803921566,15030.2227060215,4.828402366863905,0.5384615384615384,53.84615384615385,0.0,0.0,21416.0,0.499546553808948,lower digital concentration
212021297,Hallam,Hallam,Victoria,Greater Melbourne,-38.00773614152159,145.26850059505708,521.0,156.0,0.0634514675435391,6.34514675435391,0.0740037950664136,7.400379506641359,44764.95201535509,14686.374375603533,3.33974358974359,0.4935897435897436,49.358974358974365,0.0384615384615384,3.84615384615384,7684.5,0.4398774983881366,lower digital concentration
212021299,Narre Warren North,Narre Warren North,Victoria,Greater Melbourne,-37.98629825036337,145.3304057436552,514.0,127.0,0.0878932968536251,8.78932968536251,0.1082693947144075,10.826939471440749,50716.7607003891,13023.647499294711,4.047244094488189,0.6141732283464567,61.417322834645674,0.0236220472440944,2.36220472440944,19693.5,0.487190168714851,lower digital concentration
212021453,Endeavour Hills - North,Endeavour Hills - North,Victoria,Greater Melbourne,-37.959456352640544,145.2580321112683,741.0,102.0,0.083795092163293,8.3795092163293,0.1059190031152648,10.59190031152648,55848.71659919028,18833.73293979867,7.264705882352941,0.5784313725490197,57.84313725490197,0.0,0.0,12041.0,0.4707091469681397,lower digital concentration
212021454,Endeavour Hills - South,Endeavour Hills - South,Victoria,Greater Melbourne,-37.983363840684746,145.260802182189,825.0,107.0,0.0856253243383497,8.56253243383497,0.0976277372262773,9.76277372262773,52796.24,15964.796357031655,7.710280373831775,0.7009345794392523,70.09345794392523,0.0,0.0,13501.0,0.4599284673466684,lower digital concentration
212021455,Narre Warren - North East,Narre Warren - North East,Victoria,Greater Melbourne,-38.00504174215676,145.30942916454927,785.0,83.0,0.0727188513200555,7.27188513200555,0.0928411633109619,9.28411633109619,54266.270700636946,16812.683669604063,9.457831325301203,0.6506024096385542,65.06024096385542,0.0,0.0,17639.0,0.4691989286583881,lower digital concentration
212021456,Narre Warren - South West,Narre Warren - South West,Victoria,Greater Melbourne,-38.02478890047586,145.30408302489403,807.0,153.0,0.0667935772223141,6.67935772223141,0.0982658959537572,9.82658959537572,49755.14250309789,16188.439639333614,5.2745098039215685,0.5163398692810458,51.633986928104584,0.0196078431372549,1.9607843137254901,14316.5,0.4648252536640361,lower digital concentration
212021553,Berwick - South East,Berwick - South East,Victoria,Greater Melbourne,-38.064487593527495,145.35671253221943,1607.0,207.0,0.0991057662658032,9.910576626580319,0.1507647487254187,15.076474872541871,63642.742999377726,23780.095543318523,7.763285024154589,0.6280193236714976,62.80193236714976,0.0,0.0,23379.5,0.4869269949066214,digitally specialised
212021554,Berwick - South West,Berwick - South West,Victoria,Greater Melbourne,-38.05455462644494,145.33040975020995,936.0,126.0,0.0937030733807187,9.370307338071871,0.1475409836065573,14.754098360655728,58331.92307692308,20553.18296279754,7.428571428571429,0.5952380952380952,59.523809523809526,0.0,0.0,20896.5,0.4833147942157953,lower digital concentration
212031300,Cranbourne,Cranbourne,Victoria,Greater Melbourne,-38.10688122300107,145.27571640259444,949.0,140.0,0.0518692610406646,5.18692610406646,0.078125,7.8125,39110.61854583772,8231.145163677687,6.7785714285714285,0.6714285714285714,67.14285714285714,0.0214285714285714,2.14285714285714,14529.5,0.4620598317232783,emerging growth corridor
212031303,Cranbourne South,Cranbourne South,Victoria,Greater Melbourne,-38.151441153347875,145.3129257704346,1133.0,135.0,0.064258166969147,6.4258166969147,0.0720384204909285,7.20384204909285,56851.42321270962,19267.858557537205,8.392592592592592,0.6666666666666666,66.66666666666666,0.0,0.0,21745.0,0.4901466183194072,emerging growth corridor
212031304,Cranbourne West,Cranbourne West,Victoria,Greater Melbourne,-38.10183283609053,145.2484101833287,1058.0,133.0,0.0558311345646438,5.58311345646438,0.0673076923076923,6.730769230769231,52915.65642722117,17913.38518711563,7.954887218045113,0.6691729323308271,66.9172932330827,0.0225563909774436,2.25563909774436,13957.0,0.4763942165830628,emerging growth corridor
212031306,Lynbrook - Lyndhurst,Lynbrook - Lyndhurst,Victoria,Greater Melbourne,-38.062023137493036,145.2531581007628,1290.0,172.0,0.0832311762049164,8.32311762049164,0.0993071593533487,9.93071593533487,57541.4,20732.5846893348,7.5,0.5872093023255814,58.720930232558146,0.0,0.0,16011.0,0.4744712857269268,emerging growth corridor
212031457,Narre Warren South - East,Narre Warren South - East,Victoria,Greater Melbourne,-38.05901504859215,145.31257734582604,752.0,106.0,0.0709701774254435,7.09701774254435,0.1032132424537487,10.32132424537487,52334.442819148935,14807.709098877138,7.09433962264151,0.5566037735849056,55.660377358490564,0.0283018867924528,2.83018867924528,19285.0,0.4802084625884105,lower digital concentration
212031458,Narre Warren South - West,Narre Warren South - West,Victoria,Greater Melbourne,-38.05008280703287,145.292052333028,784.0,126.0,0.0589473684210526,5.89473684210526,0.09684857801691,9.684857801691,47394.39094387755,14339.537297261011,6.222222222222222,0.7063492063492064,70.63492063492063,0.0,0.0,14766.5,0.4599758648431215,lower digital concentration
212031555,Clyde North - North,Clyde North - North,Victoria,Greater Melbourne,-38.08484613676365,145.35753416806824,903.0,110.0,0.0904628330995792,9.04628330995792,0.112589559877175,11.258955987717501,63658.33554817275,26054.89134861355,8.209090909090909,0.6454545454545455,64.54545454545455,0.0,0.0,20864.5,0.49265764468759,lower digital concentration
212031556,Clyde North - South,Clyde North - South,Victoria,Greater Melbourne,-38.10762519786705,145.36361935671493,1189.0,152.0,0.0632211410644972,6.322114106449719,0.0733590733590733,7.335907335907329,51894.02565180824,20183.194551685945,7.822368421052632,0.5855263157894737,58.55263157894737,0.0,0.0,15127.0,0.4733127131414069,lower digital concentration
212031557,Cranbourne East - North,Cranbourne East - North,Victoria,Greater Melbourne,-38.10223128097124,145.31290535779533,1140.0,131.0,0.0570313672519885,5.70313672519885,0.0631325301204819,6.31325301204819,47055.60833333333,16042.80086422532,8.702290076335878,0.7099236641221374,70.99236641221374,0.0229007633587786,2.29007633587786,14320.0,0.4741729541497388,lower digital concentration
212031558,Cranbourne East - South,Cranbourne East - South,Victoria,Greater Melbourne,-38.12248395971015,145.3042245970286,750.0,70.0,0.063651022659764,6.365102265976399,0.0693756194251734,6.937561942517339,47589.404,15289.316288890775,10.714285714285714,0.6714285714285714,67.14285714285714,0.0,0.0,15940.5,0.4845682868924153,lower digital concentration
212031559,Cranbourne North - East,Cranbourne North - East,Victoria,Greater Melbourne,-38.07954210851312,145.31543986281164,793.0,115.0,0.0751160367528653,7.51160367528653,0.1062846580406654,10.62846580406654,60531.43379571248,25987.674347005464,6.895652173913043,0.6869565217391305,68.69565217391305,0.0,0.0,16452.0,0.4789971996266169,lower digital concentration
212031560,Cranbourne North - West,Cranbourne North - West,Victoria,Greater Melbourne,-38.075130987520396,145.27993186639415,551.0,65.0,0.0557861698896426,5.57861698896426,0.0786924939467312,7.86924939467312,50074.035390199635,16843.97894593518,8.476923076923077,0.6153846153846154,61.53846153846154,0.0,0.0,16154.0,0.4609494640122512,lower digital concentration
212031561,Hampton Park - East,Hampton Park - East,Victoria,Greater Melbourne,-38.043447161893496,145.27527431582857,592.0,37.0,0.0604389994895354,6.043899948953539,0.04630788485607,4.630788485607,45196.36486486487,12202.171194624949,16.0,0.7027027027027027,70.27027027027027,0.0,0.0,11009.0,0.4394106306802534,lower digital concentration
212031562,Hampton Park - West,Hampton Park - West,Victoria,Greater Melbourne,-38.03080788380194,145.257903116499,545.0,56.0,0.0523535062439961,5.235350624399611,0.0590094836670179,5.90094836670179,37953.73119266055,7634.611836272459,9.732142857142858,0.6607142857142857,66.07142857142857,0.0535714285714285,5.35714285714285,11646.5,0.4303595206391478,lower digital concentration
212041309,Clarinda - Oakleigh South,Clarinda - Oakleigh South,Victoria,Greater Melbourne,-37.93855003210584,145.09905468024857,924.0,116.0,0.1104470475735118,11.04470475735118,0.1148514851485148,11.48514851485148,65749.01190476191,24863.672256184334,7.9655172413793105,0.6810344827586207,68.10344827586206,0.0258620689655172,2.5862068965517198,12835.0,0.4759391493325054,digitally specialised
212041310,Clayton South,Clayton South,Victoria,Greater Melbourne,-37.94304729982576,145.12521983905367,1201.0,150.0,0.09187576499388,9.187576499388001,0.0785340314136125,7.85340314136125,58690.97085761865,29100.063383628443,8.006666666666666,0.6466666666666666,64.66666666666666,0.0266666666666666,2.66666666666666,4976.0,0.4536985693689697,emerging growth corridor
212041312,Dandenong North,Dandenong North,Victoria,Greater Melbourne,-37.95590113213081,145.2142462170232,1178.0,126.0,0.0709083248058749,7.0908324805874905,0.0713881019830028,7.13881019830028,44292.35059422751,13913.055343520233,9.34920634920635,0.6349206349206349,63.49206349206349,0.0,0.0,10772.0,0.4531764318630678,lower digital concentration
212041313,Dingley Village,Dingley Village,Victoria,Greater Melbourne,-37.97489010733815,145.12713682845475,761.0,119.0,0.0952559769683314,9.52559769683314,0.1467324290998767,14.67324290998767,57441.20893561104,16857.483876154285,6.394957983193278,0.6386554621848739,63.86554621848739,0.0,0.0,19921.0,0.494707702328611,lower digital concentration
212041317,Springvale,Springvale,Victoria,Greater Melbourne,-37.94568208473127,145.15786174034884,1288.0,172.0,0.067247950712682,6.7247950712682,0.0598052851182197,5.980528511821969,41930.683229813665,16836.967388953224,7.488372093023256,0.4709302325581395,47.09302325581395,0.0174418604651162,1.74418604651162,9021.0,0.4480240873165224,emerging growth corridor
212041318,Springvale South,Springvale South,Victoria,Greater Melbourne,-37.97083114788602,145.147867302815,621.0,55.0,0.0595454981302138,5.95454981302138,0.0801749271137026,8.01749271137026,46213.0692431562,16392.468514419023,11.290909090909093,0.7636363636363637,76.36363636363637,0.0,0.0,11433.0,0.4799035369774919,lower digital concentration
212041459,Noble Park - East,Noble Park - East,Victoria,Greater Melbourne,-37.96390948243764,145.18175053263164,766.0,67.0,0.064975824921537,6.4975824921537,0.0573139435414884,5.73139435414884,43672.71997389034,16315.27358318714,11.432835820895525,0.6865671641791045,68.65671641791045,0.0,0.0,8702.0,0.4530534351145038,large-employer / job-heavy hub
212041460,Noble Park - West,Noble Park - West,Victoria,Greater Melbourne,-37.97392613155065,145.17274549283837,1016.0,83.0,0.0594673690371671,5.94673690371671,0.0620792819745699,6.207928197456989,43821.63976377953,17038.893699980876,12.240963855421686,0.6265060240963856,62.65060240963856,0.0,0.0,10941.5,0.461756373937677,large-employer / job-heavy hub
212041563,Dandenong - North,Dandenong - North,Victoria,Greater Melbourne,-37.981273442526685,145.21547346953648,936.0,218.0,0.0547144443794937,5.47144443794937,0.0676808444582427,6.76808444582427,39951.732905982906,16605.986047971564,4.293577981651376,0.5137614678899083,51.37614678899083,0.0321100917431192,3.21100917431192,8903.0,0.4126524000341035,lower digital concentration
212041564,Dandenong - South,Dandenong - South,Victoria,Greater Melbourne,-38.0377145430753,145.20890364783338,335.0,244.0,0.0517374517374517,5.17374517374517,0.0487902419516096,4.8790241951609605,41998.7776119403,14524.787032789718,1.3729508196721312,0.4139344262295082,41.39344262295082,0.1229508196721311,12.295081967213111,9571.5,0.3853042947282719,lower digital concentration
212041565,Keysborough - North,Keysborough - North,Victoria,Greater Melbourne,-37.9899576046965,145.1720627770441,722.0,97.0,0.0639673961194294,6.396739611942941,0.0706482155863073,7.0648215586307295,44851.08587257618,11877.193429943063,7.443298969072165,0.5670103092783505,56.70103092783505,0.0309278350515463,3.09278350515463,11007.0,0.4662721893491124,lower digital concentration
212041566,Keysborough - South,Keysborough - South,Victoria,Greater Melbourne,-38.02137253759493,145.1616522979748,1291.0,194.0,0.1007020280811232,10.07020280811232,0.1114942528735632,11.149425287356319,60761.63206816422,19844.624579864685,6.654639175257732,0.6288659793814433,62.88659793814433,0.0154639175257731,1.5463917525773099,15396.5,0.489033726463894,digitally specialised
212051319,Ashwood - Chadstone,Ashwood - Chadstone,Victoria,Greater Melbourne,-37.87241275651815,145.1014586411929,2201.0,327.0,0.1356464932823863,13.564649328238628,0.1680369989722507,16.80369989722507,68119.53839164016,27590.276620408804,6.730886850152905,0.6207951070336392,62.079510703363916,0.0091743119266055,0.91743119266055,14012.0,0.4924438507138682,major digital hub
212051321,Glen Waverley - East,Glen Waverley - East,Victoria,Greater Melbourne,-37.88150947960356,145.17832433736493,2194.0,353.0,0.1406590588536992,14.06590588536992,0.1481947942905122,14.819479429051219,66075.87625341842,28869.427958765264,6.215297450424929,0.6402266288951841,64.02266288951841,0.0,0.0,14719.5,0.484350483111735,major digital hub
212051322,Glen Waverley - West,Glen Waverley - West,Victoria,Greater Melbourne,-37.881687056712835,145.15607656509968,2203.0,413.0,0.1391046284018438,13.91046284018438,0.1466619318181818,14.66619318181818,65936.24239673173,29098.05252491257,5.3341404358353515,0.6198547215496368,61.98547215496368,0.0072639225181598,0.72639225181598,14999.0,0.4860627177700348,major digital hub
212051323,Mount Waverley - North,Mount Waverley - North,Victoria,Greater Melbourne,-37.86644734716053,145.13023971871425,1887.0,386.0,0.154748236837789,15.474823683778899,0.2086486486486486,20.86486486486486,66167.68097509274,25611.96947763497,4.88860103626943,0.5414507772020726,54.145077720207254,0.0,0.0,12561.0,0.4911537239114313,major digital hub
212051324,Mount Waverley - South,Mount Waverley - South,Victoria,Greater Melbourne,-37.88725050350077,145.12720848126904,2328.0,500.0,0.1533394809642998,15.33394809642998,0.1583280557314756,15.83280557314756,67725.57731958762,26791.853897113644,4.656,0.486,48.6,0.018,1.7999999999999998,14452.0,0.4866017052375152,major digital hub
212051325,Mulgrave,Mulgrave,Victoria,Greater Melbourne,-37.92566952223826,145.17587411896503,1687.0,342.0,0.1073496659242761,10.73496659242761,0.1409727947238252,14.097279472382521,62978.32928275044,24243.308410971884,4.932748538011696,0.52046783625731,52.046783625730995,0.067251461988304,6.725146198830401,15611.0,0.482521051288594,digitally specialised
212051326,Oakleigh - Huntingdale,Oakleigh - Huntingdale,Victoria,Greater Melbourne,-37.90846836610825,145.10121328165886,2480.0,423.0,0.1221614698783311,12.21614698783311,0.1323529411764706,13.23529411764706,66375.41774193548,27066.8582621069,5.862884160756501,0.5791962174940898,57.919621749408975,0.0330969267139479,3.30969267139479,10207.0,0.4827329864161654,major digital hub
212051327,Wheelers Hill,Wheelers Hill,Victoria,Greater Melbourne,-37.90757253619477,145.18687169853027,1775.0,378.0,0.1306395819533377,13.063958195333768,0.1575,15.75,59344.30028169014,19859.047208899978,4.695767195767195,0.6137566137566137,61.37566137566137,0.0132275132275132,1.3227513227513201,12908.0,0.4896399300119716,major digital hub
212051567,Clayton (North) - Notting Hill,Clayton (North) - Notting Hill,Victoria,Greater Melbourne,-37.910535933452834,145.13814497776428,1109.0,254.0,0.1017151242777217,10.17151242777217,0.1417410714285714,14.174107142857139,32431.00901713255,16289.814712812638,4.366141732283465,0.3779527559055118,37.79527559055118,0.1141732283464567,11.41732283464567,10218.5,0.4580196873190503,digitally specialised
212051568,Clayton - Central,Clayton - Central,Victoria,Greater Melbourne,-37.92267039722083,145.12473304861697,1344.0,119.0,0.0943290286355979,9.432902863559791,0.0732758620689655,7.32758620689655,46798.68452380953,24027.34668692014,11.294117647058824,0.5966386554621849,59.66386554621849,0.0336134453781512,3.3613445378151194,5784.5,0.4413098794114393,large-employer / job-heavy hub
213011328,Ardeer - Albion,Ardeer - Albion,Victoria,Greater Melbourne,-37.77613708131489,144.8096060846033,515.0,42.0,0.0737716659504369,7.37716659504369,0.0625,6.25,37724.4572815534,9594.58512856672,12.261904761904765,0.5476190476190477,54.761904761904766,0.0714285714285714,7.14285714285714,6966.0,0.4350355526826115,lower digital concentration
213011329,Cairnlea,Cairnlea,Victoria,Greater Melbourne,-37.7593017578931,144.78781334837956,546.0,75.0,0.0698477676858129,6.984776768581289,0.0944584382871536,9.44584382871536,47038.97619047619,11954.42252538728,7.28,0.6,60.0,0.0,0.0,13323.5,0.4866274179983179,lower digital concentration
213011332,Keilor Downs,Keilor Downs,Victoria,Greater Melbourne,-37.726274803650334,144.81291233259063,773.0,70.0,0.0834773218142548,8.34773218142548,0.0755939524838013,7.559395248380129,50033.027166882275,12817.015665802362,11.042857142857144,0.6,60.0,0.0,0.0,16236.5,0.4879130310399084,large-employer / job-heavy hub
213011334,St Albans - North,St Albans - North,Victoria,Greater Melbourne,-37.737151581150286,144.80239440473096,816.0,76.0,0.0524758842443729,5.24758842443729,0.0413268080478521,4.13268080478521,40909.26470588235,16332.82927179875,10.736842105263158,0.5394736842105263,53.94736842105263,0.0,0.0,8783.0,0.4524704372536438,large-employer / job-heavy hub
213011335,St Albans - South,St Albans - South,Victoria,Greater Melbourne,-37.753342450177115,144.80763875119072,737.0,58.0,0.0544957113280094,5.44957113280094,0.0464371497197758,4.643714971977579,38871.05970149254,14048.621443580676,12.70689655172414,0.6896551724137931,68.96551724137932,0.0,0.0,11295.0,0.4594336621062679,lower digital concentration
213011336,Sunshine,Sunshine,Victoria,Greater Melbourne,-37.78930825897541,144.83425765684228,743.0,120.0,0.0784003376595969,7.84003376595969,0.0922367409684857,9.22367409684857,53058.77187079408,24470.417908569747,6.191666666666666,0.575,57.49999999999999,0.0,0.0,7944.0,0.4488151658767773,lower digital concentration
213011337,Sunshine North,Sunshine North,Victoria,Greater Melbourne,-37.76391545525186,144.83619480522242,641.0,79.0,0.0662669285640442,6.6266928564044205,0.0566308243727598,5.66308243727598,46875.513260530424,17276.31575200153,8.113924050632912,0.7088607594936709,70.88607594936708,0.0,0.0,7714.0,0.4553096105351639,lower digital concentration
213011338,Sunshine West,Sunshine West,Victoria,Greater Melbourne,-37.80199448126523,144.8182778214935,1020.0,101.0,0.0703885170105582,7.038851701055821,0.0503238664673642,5.03238664673642,45830.68627450981,14390.319460625324,10.0990099009901,0.594059405940594,59.4059405940594,0.0297029702970297,2.9702970297029703,11527.5,0.4351181402439024,large-employer / job-heavy hub
213011339,Sydenham,Sydenham,Victoria,Greater Melbourne,-37.699782933929995,144.7642481854291,709.0,72.0,0.0733271279346364,7.3327127934636405,0.0831408775981524,8.31408775981524,57747.901269393515,21912.894133185015,9.84722222222222,0.6111111111111112,61.111111111111114,0.0,0.0,16093.0,0.4876668601276843,lower digital concentration
213011340,Taylors Lakes,Taylors Lakes,Victoria,Greater Melbourne,-37.68849726999289,144.7859752421974,1152.0,135.0,0.0841428675772405,8.41428675772405,0.0912162162162162,9.12162162162162,57105.5546875,15682.42069436582,8.533333333333333,0.6222222222222222,62.22222222222222,0.0,0.0,21792.5,0.4832426238900029,lower digital concentration
213011569,Deer Park,Deer Park,Victoria,Greater Melbourne,-37.76864849109534,144.77129477276878,864.0,68.0,0.0619443647834815,6.19443647834815,0.0517110266159695,5.17110266159695,47656.307291666664,17614.89554804751,12.705882352941176,0.6323529411764706,63.23529411764706,0.0,0.0,12110.0,0.449128496149169,large-employer / job-heavy hub
213011570,Derrimut,Derrimut,Victoria,Greater Melbourne,-37.79878180258986,144.77603215718855,506.0,104.0,0.0729527104959631,7.29527104959631,0.0789074355083459,7.890743550834591,62922.739130434784,24731.290024321752,4.865384615384615,0.5384615384615384,53.84615384615385,0.048076923076923,4.8076923076923,16917.0,0.4767327704692715,lower digital concentration
213021341,Altona,Altona,Victoria,Greater Melbourne,-37.86029331515261,144.81501557993116,1279.0,184.0,0.1195215400429866,11.95215400429866,0.1485068603712671,14.850686037126708,67877.39718530102,20080.473112784428,6.951086956521739,0.592391304347826,59.2391304347826,0.0,0.0,27973.0,0.5039930122285999,digitally specialised
213021342,Altona Meadows,Altona Meadows,Victoria,Greater Melbourne,-37.88097612098513,144.78443912130308,1209.0,100.0,0.085671768707483,8.5671768707483,0.0988142292490118,9.88142292490118,57191.764267990075,15899.111950813203,12.09,0.69,69.0,0.0,0.0,17893.5,0.4891438323693941,large-employer / job-heavy hub
213021343,Altona North,Altona North,Victoria,Greater Melbourne,-37.835711212628794,144.8360959338384,1207.0,169.0,0.1054332634521313,10.54332634521313,0.0979710144927536,9.79710144927536,61248.37448218724,17914.62090077564,7.1420118343195265,0.6272189349112426,62.721893491124256,0.0177514792899408,1.7751479289940801,16348.0,0.4729729729729729,emerging growth corridor
213021344,Newport,Newport,Victoria,Greater Melbourne,-37.83761443784888,144.88222767522532,2338.0,351.0,0.1459061407888167,14.59061407888167,0.2228571428571428,22.28571428571428,78145.60136869119,24965.827217418097,6.660968660968661,0.6837606837606838,68.37606837606837,0.0085470085470085,0.8547008547008499,23163.5,0.5049644216448784,major digital hub
213021346,Williamstown,Williamstown,Victoria,Greater Melbourne,-37.859115491561006,144.8847943343744,1808.0,452.0,0.1398731239362525,13.98731239362525,0.206110351117191,20.6110351117191,69423.30807522124,20970.974986872177,4.0,0.6261061946902655,62.61061946902655,0.0110619469026548,1.10619469026548,24295.0,0.4994976893711071,major digital hub
213031347,Braybrook,Braybrook,Victoria,Greater Melbourne,-37.78467484429027,144.8629980533145,1623.0,166.0,0.0874225693509291,8.74225693509291,0.0855670103092783,8.55670103092783,58652.60012322859,26019.389673457517,9.77710843373494,0.7108433734939759,71.08433734939759,0.0,0.0,5588.5,0.4649831385773665,large-employer / job-heavy hub
213031348,Footscray,Footscray,Victoria,Greater Melbourne,-37.798115967418674,144.89732447473406,2488.0,369.0,0.1136643976426515,11.36643976426515,0.1565549427238014,15.65549427238014,55663.514469453374,25189.301097440035,6.742547425474255,0.5582655826558266,55.82655826558266,0.029810298102981,2.9810298102981,7314.5,0.477190235570422,major digital hub
213031349,Maribyrnong,Maribyrnong,Victoria,Greater Melbourne,-37.77267564865792,144.88776726835457,1446.0,175.0,0.1149717738729426,11.497177387294261,0.1244665718349928,12.44665718349928,61018.91078838174,23455.87806992742,8.262857142857143,0.6685714285714286,66.85714285714286,0.0,0.0,12713.0,0.4933078393881453,emerging growth corridor
213031350,Seddon - Kingsville,Seddon - Kingsville,Victoria,Greater Melbourne,-37.80765418690468,144.88634778538577,1325.0,182.0,0.1573634204275534,15.736342042755341,0.2506887052341597,25.06887052341597,66599.82188679246,16410.44623358581,7.28021978021978,0.7087912087912088,70.87912087912088,0.0,0.0,11552.0,0.4881928501147917,small-business / consultant-heavy
213031351,West Footscray - Tottenham,West Footscray - Tottenham,Victoria,Greater Melbourne,-37.80201475760566,144.86451300477097,1412.0,173.0,0.1221030785195434,12.21030785195434,0.1438071487946799,14.38071487946799,65030.01947592068,26306.53629536032,8.16184971098266,0.6936416184971098,69.36416184971098,0.0173410404624277,1.73410404624277,6433.0,0.4792528519493544,emerging growth corridor
213031352,Yarraville,Yarraville,Victoria,Greater Melbourne,-37.817963503531956,144.88197763675714,2273.0,328.0,0.1604659371690787,16.04659371690787,0.2219215155615697,22.19215155615697,65925.17047954246,15818.303624618347,6.929878048780488,0.6189024390243902,61.890243902439025,0.0121951219512195,1.21951219512195,17611.0,0.5072477962781586,major digital hub
213041353,Bacchus Marsh,Bacchus Marsh,Victoria,Greater Melbourne,-37.63791845537115,144.45464089208613,1335.0,171.0,0.0672408582653369,6.724085826533691,0.0868020304568528,8.68020304568528,56463.81123595506,15897.329141666756,7.807017543859649,0.5555555555555556,55.55555555555556,0.0175438596491228,1.75438596491228,24279.0,0.4887385864051403,emerging growth corridor
213041358,Melton West,Melton West,Victoria,Greater Melbourne,-37.66485693560728,144.5426092672139,888.0,79.0,0.0532087003415423,5.32087003415423,0.0612403100775193,6.12403100775193,42473.60135135135,9182.018632195024,11.240506329113924,0.6329113924050633,63.29113924050633,0.0,0.0,21388.0,0.482598411893901,large-employer / job-heavy hub
213041359,Rockbank - Mount Cottrell,Rockbank - Mount Cottrell,Victoria,Greater Melbourne,-37.76038257005905,144.6672338433373,1809.0,199.0,0.084453781512605,8.4453781512605,0.066156914893617,6.6156914893617,65165.15588723052,31166.87929992893,9.090452261306533,0.5829145728643216,58.291457286432156,0.0,0.0,14738.0,0.464326695916301,emerging growth corridor
213041360,Taylors Hill,Taylors Hill,Victoria,Greater Melbourne,-37.714544203736274,144.7490154395022,1269.0,142.0,0.0816287147819374,8.16287147819374,0.0954301075268817,9.54301075268817,62979.46808510638,23601.716026699076,8.93661971830986,0.6830985915492958,68.30985915492957,0.0211267605633802,2.11267605633802,20885.0,0.4876282438141219,emerging growth corridor
213041463,Caroline Springs,Caroline Springs,Victoria,Greater Melbourne,-37.738911819172046,144.7373708894357,1289.0,208.0,0.0771856287425149,7.71856287425149,0.1134133042529989,11.34133042529989,60398.94026377037,21678.248257782347,6.197115384615385,0.5769230769230769,57.692307692307686,0.0144230769230769,1.4423076923076898,18539.0,0.4859345526121545,emerging growth corridor
213041572,Cobblebank - Strathtulloh,Cobblebank - Strathtulloh,Victoria,Greater Melbourne,-37.722035935372745,144.59851116631924,677.0,53.0,0.0775309207512597,7.75309207512597,0.0552659019812304,5.52659019812304,57917.44017725258,27323.3117988742,12.773584905660377,0.6415094339622641,64.15094339622641,0.0,0.0,15646.0,0.4702216066481994,lower digital concentration
213041574,Fraser Rise - Plumpton,Fraser Rise - Plumpton,Victoria,Greater Melbourne,-37.686994261514165,144.69081706470755,1071.0,70.0,0.08000896458987,8.000896458987,0.069238377843719,6.9238377843719,57697.26470588235,18450.68540661446,15.3,0.5714285714285714,57.14285714285714,0.0,0.0,18515.0,0.4889596384923487,large-employer / job-heavy hub
213041575,Hillside,Hillside,Victoria,Greater Melbourne,-37.68995368615005,144.74109318410189,1009.0,134.0,0.075029744199881,7.502974419988099,0.1002994011976047,10.02994011976047,53958.926660059464,13151.72250330753,7.529850746268656,0.7089552238805971,70.8955223880597,0.0,0.0,22079.5,0.4879188624838421,lower digital concentration
213041578,Melton South - Weir Views,Melton South - Weir Views,Victoria,Greater Melbourne,-37.71785110167728,144.5684661910819,814.0,73.0,0.0559527082760516,5.595270827605161,0.0655884995507637,6.5588499550763695,40871.30405405405,13614.823438161837,11.150684931506849,0.7397260273972602,73.97260273972603,0.0,0.0,18037.5,0.4488334015554646,large-employer / job-heavy hub
213051361,Hoppers Crossing - North,Hoppers Crossing - North,Victoria,Greater Melbourne,-37.862430464670986,144.70125983568508,1096.0,143.0,0.0721194972691978,7.211949726919779,0.0707920792079207,7.07920792079207,53174.06569343065,18132.714966313462,7.664335664335664,0.5664335664335665,56.64335664335665,0.0,0.0,17223.0,0.4636511965192168,lower digital concentration
213051362,Hoppers Crossing - South,Hoppers Crossing - South,Victoria,Greater Melbourne,-37.873265068508246,144.68536691004755,1136.0,106.0,0.0777124093583253,7.771240935832529,0.08562197092084,8.562197092083998,52701.47183098592,19428.96782907047,10.716981132075473,0.6037735849056604,60.37735849056604,0.0,0.0,13907.0,0.4570721492480487,large-employer / job-heavy hub
213051363,Laverton,Laverton,Victoria,Greater Melbourne,-37.83952373011613,144.77805209376604,1337.0,238.0,0.1114724028681007,11.14724028681007,0.1053563523683045,10.53563523683045,62606.81600598354,29590.377411686393,5.617647058823529,0.5714285714285714,57.14285714285714,0.0252100840336134,2.52100840336134,10961.5,0.4410357099030556,emerging growth corridor
213051368,Werribee - South,Werribee - South,Victoria,Greater Melbourne,-37.95134437044985,144.65290128204558,1302.0,233.0,0.0919102075391783,9.191020753917831,0.1051918735891647,10.519187358916469,63713.757296466974,25403.470377082536,5.587982832618025,0.575107296137339,57.5107296137339,0.0,0.0,14982.0,0.4679713603818616,emerging growth corridor
213051464,Point Cook - East,Point Cook - East,Victoria,Greater Melbourne,-37.91311912169573,144.77011332079792,2125.0,326.0,0.1309787968441814,13.09787968441814,0.1559062649450024,15.59062649450024,75110.59764705882,33283.38475258151,6.5184049079754605,0.6288343558282209,62.88343558282209,0.0,0.0,29784.5,0.4771534946691487,major digital hub
213051466,Point Cook - South,Point Cook - South,Victoria,Greater Melbourne,-37.911323883682925,144.73345252574603,2723.0,344.0,0.1742273977861667,17.42273977861667,0.2012873025160912,20.12873025160912,82644.52221814175,35315.074300808585,7.915697674418604,0.5523255813953488,55.23255813953488,0.0,0.0,34912.5,0.4767329769520638,major digital hub
213051467,Werribee - East,Werribee - East,Victoria,Greater Melbourne,-37.88516418734933,144.66195659161033,982.0,110.0,0.0673571575553878,6.735715755538781,0.0988319856244384,9.883198562443841,50620.99796334012,18232.87370927606,8.927272727272728,0.6090909090909091,60.909090909090914,0.0,0.0,14709.5,0.4619633685434635,lower digital concentration
213051468,Werribee - West,Werribee - West,Victoria,Greater Melbourne,-37.91964625360666,144.54848601301936,2244.0,180.0,0.0917041275030649,9.170412750306491,0.1140684410646387,11.40684410646387,58337.35160427808,21896.4464959822,12.466666666666669,0.5666666666666667,56.666666666666664,0.0,0.0,20957.5,0.4782012286038051,large-employer / job-heavy hub
213051579,Manor Lakes - Quandong,Manor Lakes - Quandong,Victoria,Greater Melbourne,-37.84847558139646,144.5186837345453,1621.0,172.0,0.15998815633636,15.998815633636,0.2059880239520958,20.59880239520958,75605.30444170265,35325.71058066831,9.424418604651162,0.4651162790697674,46.51162790697674,0.0,0.0,27672.5,0.4731664979025025,high-income specialist
213051580,Point Cook - North East,Point Cook - North East,Victoria,Greater Melbourne,-37.88644540576627,144.743585473429,1328.0,210.0,0.1122569737954353,11.22569737954353,0.1517341040462427,15.17341040462427,66474.41152108433,24809.96025312152,6.3238095238095235,0.5857142857142857,58.57142857142858,0.0,0.0,24771.5,0.4866005245752081,digitally specialised
213051581,Point Cook - North West,Point Cook - North West,Victoria,Greater Melbourne,-37.8853389495601,144.72617138575976,1099.0,135.0,0.1323617969408647,13.23617969408647,0.15807962529274,15.807962529274,77617.89990900819,35025.74839750632,8.14074074074074,0.6,60.0,0.0,0.0,23346.0,0.4736232842731933,high-income specialist
213051582,Tarneit (West) - Mount Cottrell,Tarneit (West) - Mount Cottrell,Victoria,Greater Melbourne,-37.82420439023408,144.62432996989176,1207.0,142.0,0.0921374045801526,9.213740458015259,0.0926892950391645,9.26892950391645,62115.887323943665,32280.865797226103,8.5,0.5352112676056338,53.52112676056338,0.0,0.0,15044.0,0.4486431935411528,lower digital concentration
213051583,Tarneit - Central,Tarneit - Central,Victoria,Greater Melbourne,-37.84067671577456,144.68049598843893,2387.0,292.0,0.094820052435052,9.4820052435052,0.0806852721746338,8.06852721746338,60180.72140762463,30353.127977895547,8.174657534246576,0.5856164383561644,58.56164383561644,0.0102739726027397,1.02739726027397,14288.0,0.4616229337648826,lower digital concentration
213051584,Tarneit - North,Tarneit - North,Victoria,Greater Melbourne,-37.81814807279165,144.68161424463207,978.0,110.0,0.0934365147606764,9.34365147606764,0.0802334062727935,8.02334062727935,66326.21779141104,37853.47407305812,8.89090909090909,0.6181818181818182,61.81818181818181,0.0,0.0,9354.0,0.437861475525462,lower digital concentration
213051585,Tarneit - South,Tarneit - South,Victoria,Greater Melbourne,-37.857758422804885,144.6609630617,655.0,84.0,0.0710566283358646,7.10566283358646,0.073748902546093,7.3748902546093,57298.50305343512,25192.18026107235,7.797619047619048,0.6547619047619048,65.47619047619048,0.0,0.0,16575.5,0.4593147751605996,lower digital concentration
213051586,Truganina - North,Truganina - North,Victoria,Greater Melbourne,-37.82404659150294,144.7366110102444,1103.0,165.0,0.1021107202369931,10.211072023699309,0.084140744518103,8.414074451810299,67510.03762466002,34660.66662854819,6.684848484848485,0.5393939393939394,53.939393939393945,0.0363636363636363,3.63636363636363,12183.0,0.4430899695243143,digitally specialised
213051587,Truganina - South East,Truganina - South East,Victoria,Greater Melbourne,-37.84769326857044,144.74270450834769,1044.0,132.0,0.1162842503898418,11.62842503898418,0.094151212553495,9.415121255349499,70265.8122605364,35358.20989920871,7.909090909090909,0.5909090909090909,59.09090909090909,0.0,0.0,16325.0,0.4566334725345326,high-income specialist
213051588,Truganina - South West,Truganina - South West,Victoria,Greater Melbourne,-37.84955541271675,144.72090746680712,1360.0,168.0,0.08615774469433,8.615774469433001,0.065625,6.5625,57264.4875,28132.701120525817,8.095238095238095,0.7083333333333334,70.83333333333334,0.0,0.0,11627.5,0.4453532266762538,lower digital concentration
213051589,Wyndham Vale - North,Wyndham Vale - North,Victoria,Greater Melbourne,-37.82703116913372,144.56501964322206,1195.0,95.0,0.1091523565948118,10.91523565948118,0.1361031518624642,13.61031518624642,61844.06276150628,31233.43077392864,12.578947368421051,0.5684210526315789,56.84210526315789,0.0,0.0,21603.0,0.4809564719358534,large-employer / job-heavy hub
213051590,Wyndham Vale - South,Wyndham Vale - South,Victoria,Greater Melbourne,-37.88920562011146,144.61679199419976,956.0,66.0,0.0875858909757214,8.758589097572141,0.094017094017094,9.4017094017094,60709.30125523012,24337.11756306338,14.484848484848484,0.5454545454545454,54.54545454545454,0.0,0.0,21099.0,0.4684312459651388,large-employer / job-heavy hub
214011370,Carrum Downs,Carrum Downs,Victoria,Greater Melbourne,-38.09276275285324,145.17579924753056,1084.0,221.0,0.057485283979424,5.7485283979424,0.0878029400079459,8.78029400079459,53243.280442804426,14635.335382614576,4.904977375565611,0.502262443438914,50.2262443438914,0.0135746606334841,1.3574660633484101,18654.0,0.4868250539956803,emerging growth corridor
214011371,Frankston,Frankston,Victoria,Greater Melbourne,-38.15409729391722,145.1396519845024,1352.0,250.0,0.0715533209843874,7.155332098438739,0.1206563706563706,12.065637065637059,48429.769230769234,13971.412284487144,5.408,0.54,54.0,0.012,1.2,14108.0,0.5044138031662654,lower digital concentration
214011372,Frankston North,Frankston North,Victoria,Greater Melbourne,-38.133594128292586,145.15804697260958,973.0,102.0,0.0675319267073847,6.7531926707384695,0.112707182320442,11.2707182320442,47343.08221993833,13023.073370687918,9.53921568627451,0.6568627450980392,65.68627450980392,0.0,0.0,17335.5,0.4758882046423496,lower digital concentration
214011373,Frankston South,Frankston South,Victoria,Greater Melbourne,-38.176435356529616,145.12946867786053,1226.0,277.0,0.089580593307029,8.9580593307029,0.1756499682942295,17.56499682942295,60309.29812398042,18411.73846447436,4.425992779783393,0.5956678700361011,59.56678700361011,0.0,0.0,26704.5,0.5070091259761031,digitally specialised
214011374,Langwarrin,Langwarrin,Victoria,Greater Melbourne,-38.16260487093267,145.19593494891967,1392.0,202.0,0.070285281494572,7.0285281494572,0.1113561190738699,11.13561190738699,48717.00323275862,7732.284171915402,6.891089108910891,0.599009900990099,59.900990099009896,0.0,0.0,26328.0,0.5009596928982726,lower digital concentration
214011375,Seaford (Vic.),Seaford (Vic.),Victoria,Greater Melbourne,-38.10480597254863,145.13845269757067,1084.0,194.0,0.0813813813813813,8.13813813813813,0.1161676646706586,11.61676646706586,55989.53828413284,15656.863209057768,5.587628865979381,0.5567010309278351,55.670103092783506,0.0206185567010309,2.06185567010309,17347.0,0.4999003785614664,lower digital concentration
214011376,Skye - Sandhurst,Skye - Sandhurst,Victoria,Greater Melbourne,-38.101359566021024,145.2150855096111,804.0,122.0,0.07319737800437,7.319737800437,0.1311827956989247,13.118279569892469,58818.01119402985,16638.43776904806,6.590163934426229,0.6147540983606558,61.47540983606557,0.0245901639344262,2.45901639344262,22546.0,0.4942734430923407,lower digital concentration
214021377,Dromana,Dromana,Victoria,Greater Melbourne,-38.33584279661109,144.9991343405567,672.0,153.0,0.0764070494599204,7.64070494599204,0.1137546468401487,11.37546468401487,38654.82142857143,6502.739791277512,4.392156862745098,0.6209150326797386,62.091503267973856,0.0,0.0,18754.0,0.4997137950772753,lower digital concentration
214021378,Flinders,Flinders,Victoria,Greater Melbourne,-38.39800600006243,145.000123379481,360.0,139.0,0.1041064198958935,10.410641989589351,0.1251125112511251,12.51125112511251,51957.71805555555,18901.193041096325,2.5899280575539567,0.6546762589928058,65.46762589928058,0.0,0.0,15089.5,0.4860106884627476,digitally specialised
214021379,Hastings - Somers,Hastings - Somers,Victoria,Greater Melbourne,-38.34576682757215,145.1646620273718,953.0,200.0,0.0590714684187689,5.90714684187689,0.1138952164009111,11.389521640091111,41553.88667366212,5491.967377808898,4.765,0.62,62.0,0.0,0.0,20886.5,0.4968939215223716,lower digital concentration
214021381,Mount Eliza,Mount Eliza,Victoria,Greater Melbourne,-38.19505962966173,145.09289718364576,1590.0,417.0,0.1201360030222893,12.01360030222893,0.1978178368121442,19.78178368121442,56058.47924528302,16248.573578490425,3.8129496402877696,0.5995203836930456,59.95203836930456,0.0071942446043165,0.71942446043165,33680.5,0.4995639112317085,digitally specialised
214021382,Mount Martha,Mount Martha,Victoria,Greater Melbourne,-38.27545094753764,145.03074249888175,1242.0,303.0,0.0890769561787276,8.90769561787276,0.1641386782231852,16.41386782231852,52051.78421900161,16551.573575668037,4.099009900990099,0.6501650165016502,65.01650165016501,0.0,0.0,25305.0,0.5106774668630338,emerging growth corridor
214021383,Point Nepean,Point Nepean,Victoria,Greater Melbourne,-38.37859062320478,144.79659607497723,1100.0,267.0,0.0919117647058823,9.19117647058823,0.1283037001441614,12.83037001441614,43227.40590909091,14444.697060494653,4.119850187265918,0.6217228464419475,62.172284644194754,0.0,0.0,15411.5,0.4960701330108827,emerging growth corridor
214021384,Rosebud - McCrae,Rosebud - McCrae,Victoria,Greater Melbourne,-38.36894555864182,144.9074551669627,930.0,177.0,0.0650031453134829,6.50031453134829,0.1059880239520958,10.59880239520958,34961.56559139785,5093.111303287133,5.254237288135593,0.559322033898305,55.932203389830505,0.0169491525423728,1.69491525423728,15562.0,0.5063008311734739,lower digital concentration
214021385,Somerville,Somerville,Victoria,Greater Melbourne,-38.24113184428201,145.16390167905982,972.0,173.0,0.0672059738643435,6.72059738643435,0.0816808309726156,8.16808309726156,43083.148148148146,5801.751238793244,5.618497109826589,0.5722543352601156,57.22543352601156,0.0173410404624277,1.73410404624277,21682.0,0.5014044943820225,lower digital concentration
214021591,Mornington - East,Mornington - East,Victoria,Greater Melbourne,-38.23400304748198,145.06760154820503,745.0,197.0,0.0698481155072192,6.98481155072192,0.1166370633510953,11.66370633510953,45957.23087248322,9522.637022867617,3.781725888324873,0.5025380710659898,50.25380710659898,0.0,0.0,22003.5,0.5077770973668096,lower digital concentration
214021592,Mornington - West,Mornington - West,Victoria,Greater Melbourne,-38.2222044053525,145.04350824645152,646.0,209.0,0.0992777009374519,9.92777009374519,0.1551596139569413,15.51596139569413,53105.82043343653,15234.995168337402,3.090909090909091,0.5454545454545454,54.54545454545454,0.0191387559808612,1.9138755980861202,19019.5,0.5305497031220073,digitally specialised
215011388,Horsham,Horsham,Victoria,Rest of Vic.,-36.73174466215312,142.21450670081867,535.0,101.0,0.0406072106261859,4.06072106261859,0.0704323570432357,7.043235704323569,31564.3785046729,-1956.3367894447472,5.297029702970297,0.6237623762376238,62.37623762376238,0.0,0.0,13417.0,0.4976564092113307,lower digital concentration
215021469,Mildura - North,Mildura - North,Victoria,Rest of Vic.,-34.18066086873806,142.15583376533925,674.0,184.0,0.0418036345593251,4.18036345593251,0.0934010152284263,9.34010152284263,24533.281899109792,245.9554090024903,3.6630434782608696,0.4619565217391304,46.19565217391304,0.0326086956521739,3.26086956521739,6047.0,0.4754906353615915,lower digital concentration
215021470,Mildura - South,Mildura - South,Victoria,Rest of Vic.,-34.22069722936944,142.1108453528662,585.0,62.0,0.0421682404670943,4.21682404670943,0.0637204522096608,6.37204522096608,34391.946153846155,4862.665680985203,9.435483870967742,0.6290322580645161,62.903225806451616,0.0967741935483871,9.67741935483871,10808.0,0.5004438307525397,lower digital concentration
216011406,Echuca,Echuca,Victoria,Rest of Vic.,-36.163714856141254,144.77213001055156,491.0,128.0,0.0385491088953442,3.85491088953442,0.0723981900452488,7.239819004524881,29881.76985743381,524.7369611473987,3.8359375,0.6015625,60.15625,0.046875,4.6875,13614.0,0.4986589421735865,lower digital concentration
216031416,Shepparton - North,Shepparton - North,Victoria,Rest of Vic.,-36.3428134825452,145.40136799947427,827.0,237.0,0.0500726568176313,5.007265681763131,0.1051464063886424,10.51464063886424,33834.75755743652,1376.320223941726,3.4894514767932487,0.5063291139240507,50.63291139240506,0.0590717299578059,5.90717299578059,10818.0,0.4912562304637999,lower digital concentration
216031594,Shepparton - South East,Shepparton - South East,Victoria,Rest of Vic.,-36.39993101050917,145.45838179207,541.0,110.0,0.0441092539747248,4.4109253974724805,0.0685785536159601,6.857855361596011,26058.874306839185,2092.3315836430993,4.918181818181818,0.5,50.0,0.0272727272727272,2.72727272727272,8207.0,0.4779319041614123,lower digital concentration
217041479,Warrnambool - North,Warrnambool - North,Victoria,Rest of Vic.,-38.34463359697228,142.49576082066562,908.0,99.0,0.0478801940518877,4.78801940518877,0.0763888888888889,7.638888888888889,40202.66740088106,7970.466388436427,9.171717171717171,0.7171717171717171,71.71717171717171,0.0,0.0,15508.5,0.50530647606671,lower digital concentration
217041480,Warrnambool - South,Warrnambool - South,Victoria,Rest of Vic.,-38.38987543727973,142.57423668041181,495.0,126.0,0.0453629032258064,4.53629032258064,0.0747330960854092,7.47330960854092,35738.39090909091,3419.369877199413,3.928571428571429,0.3968253968253968,39.682539682539684,0.0476190476190476,4.76190476190476,14057.0,0.4878138847858197,lower digital concentration
301011001,Alexandra Hills,Alexandra Hills,Queensland,Greater Brisbane,-27.532483605309615,153.2291515742694,953.0,102.0,0.0696994075916039,6.96994075916039,0.1103896103896103,11.03896103896103,46132.82476390346,7014.353433544355,9.34313725490196,0.5784313725490197,57.84313725490197,0.0,0.0,17673.0,0.4900390625,lower digital concentration
301011002,Belmont - Gumdale,Belmont - Gumdale,Queensland,Greater Brisbane,-27.50707913428112,153.15866054026623,714.0,147.0,0.1182314952806756,11.82314952806756,0.1487854251012145,14.87854251012145,54397.91596638656,11106.183063588083,4.857142857142857,0.54421768707483,54.421768707483,0.0204081632653061,2.04081632653061,17943.0,0.4874403155490969,digitally specialised
301011003,Birkdale,Birkdale,Queensland,Greater Brisbane,-27.499695369394722,153.2107452099725,1023.0,141.0,0.0840177398160315,8.40177398160315,0.1368932038834951,13.68932038834951,62926.224340175955,20569.81993807346,7.25531914893617,0.6170212765957447,61.702127659574465,0.0,0.0,23524.5,0.4900260190806591,lower digital concentration
301011004,Capalaba,Capalaba,Queensland,Greater Brisbane,-27.543066971603054,153.20295049755302,1031.0,207.0,0.0696668693830664,6.9666869383066405,0.1053435114503816,10.53435114503816,50748.57807953443,12373.227853167788,4.980676328502415,0.5120772946859904,51.20772946859904,0.0,0.0,18443.0,0.4948993409767988,lower digital concentration
301011006,Wellington Point,Wellington Point,Queensland,Greater Brisbane,-27.494766681004997,153.2414727500221,873.0,179.0,0.0886114494518879,8.861144945188789,0.2078977932636469,20.78977932636469,57456.05670103093,16258.440277969625,4.877094972067039,0.5642458100558659,56.424581005586596,0.0,0.0,25999.0,0.5024895707172655,digitally specialised
301021007,Cleveland,Cleveland,Queensland,Greater Brisbane,-27.532935330552444,153.2674841840477,994.0,267.0,0.0856453558504222,8.56453558504222,0.1416445623342175,14.164456233421749,48226.523138833,11413.136313053234,3.7228464419475658,0.4644194756554307,46.44194756554307,0.0,0.0,16580.0,0.4952134249352404,lower digital concentration
301021008,Ormiston,Ormiston,Queensland,Greater Brisbane,-27.510094251366855,153.25512570572803,571.0,126.0,0.1142,11.42,0.2117647058823529,21.17647058823529,60035.73204903678,19675.54854903678,4.531746031746032,0.5714285714285714,57.14285714285714,0.0,0.0,25527.5,0.511023622047244,digitally specialised
301021009,Redland Bay,Redland Bay,Queensland,Greater Brisbane,-27.64786968766687,153.2908229628722,1025.0,196.0,0.069856198459756,6.9856198459756005,0.1434846266471449,14.34846266471449,44317.72097560976,4722.220634847814,5.229591836734694,0.576530612244898,57.6530612244898,0.0,0.0,24639.0,0.4907616043262731,emerging growth corridor
301021011,Sheldon - Mount Cotton,Sheldon - Mount Cotton,Queensland,Greater Brisbane,-27.60766571978226,153.21690039283664,609.0,126.0,0.0855697625403962,8.55697625403962,0.1698113207547169,16.981132075471688,54092.5369458128,9941.47512201064,4.833333333333333,0.5396825396825397,53.96825396825397,0.0,0.0,28986.5,0.4834548513740886,digitally specialised
301021012,Thornlands,Thornlands,Queensland,Greater Brisbane,-27.56766400430625,153.2608973901674,1257.0,186.0,0.0773633677991137,7.73633677991137,0.1342960288808664,13.42960288808664,56136.977326968976,15117.981204369273,6.758064516129032,0.5483870967741935,54.83870967741935,0.0,0.0,23420.0,0.5068852459016393,emerging growth corridor
301021013,Victoria Point,Victoria Point,Queensland,Greater Brisbane,-27.587064617025757,153.28689426850116,791.0,139.0,0.0719483354557031,7.19483354557031,0.1394182547642928,13.941825476429278,41891.446270543616,5271.638193410632,5.690647482014389,0.5683453237410072,56.83453237410072,0.0215827338129496,2.15827338129496,22501.0,0.4960067763794772,lower digital concentration
301031015,Manly - Lota,Manly - Lota,Queensland,Greater Brisbane,-27.46239015305608,153.18557938021982,687.0,154.0,0.1085994309200126,10.859943092001261,0.2132963988919667,21.32963988919667,61802.04730713246,19172.925508207387,4.461038961038961,0.538961038961039,53.896103896103895,0.0,0.0,25777.0,0.4904871419611122,digitally specialised
301031016,Manly West,Manly West,Queensland,Greater Brisbane,-27.46747505736571,153.16595615692933,960.0,163.0,0.0979591836734693,9.79591836734693,0.2144736842105263,21.44736842105263,65439.175,21666.730867346945,5.889570552147239,0.5460122699386503,54.601226993865026,0.0,0.0,22254.5,0.5055034651447208,digitally specialised
301031017,Murarrie,Murarrie,Queensland,Greater Brisbane,-27.453962635332825,153.1082240719426,578.0,196.0,0.1199418966590579,11.99418966590579,0.1893719806763285,18.93719806763285,65093.19896193771,21198.5328486362,2.9489795918367347,0.4642857142857143,46.42857142857143,0.1173469387755102,11.73469387755102,20247.5,0.4896253602305475,emerging growth corridor
301031018,Tingalpa,Tingalpa,Queensland,Greater Brisbane,-27.47357959390428,153.12705226010533,770.0,145.0,0.0999221385933039,9.99221385933039,0.1823899371069182,18.23899371069182,58823.77207792208,14802.50150953381,5.310344827586207,0.5103448275862069,51.03448275862069,0.0206896551724137,2.06896551724137,19445.5,0.4998252969951083,digitally specialised
301031019,Wakerley,Wakerley,Queensland,Greater Brisbane,-27.482759760853767,153.15686667554658,947.0,185.0,0.1191045151553263,11.91045151553263,0.2114285714285714,21.142857142857142,79448.10982048574,27578.611581270547,5.118918918918919,0.5351351351351351,53.51351351351351,0.0,0.0,33213.0,0.5098853630171125,high-income specialist
301031020,Wynnum,Wynnum,Queensland,Greater Brisbane,-27.440386019233795,153.16711769377565,1254.0,272.0,0.1061003468990608,10.61003468990608,0.2162162162162162,21.62162162162162,65912.46810207337,21522.34956412599,4.610294117647059,0.5845588235294118,58.45588235294118,0.0,0.0,20718.0,0.4913281861922345,emerging growth corridor
301031021,Wynnum West - Hemmant,Wynnum West - Hemmant,Queensland,Greater Brisbane,-27.449714784948323,153.14098832669862,1159.0,166.0,0.0853838220126712,8.538382201267119,0.1439722463139635,14.39722463139635,60558.50992234685,18811.795136727284,6.981927710843373,0.6144578313253012,61.44578313253012,0.036144578313253,3.6144578313252995,16978.5,0.4900588354635828,emerging growth corridor
302011022,Bald Hills,Bald Hills,Queensland,Greater Brisbane,-27.307494938687952,153.01973941129785,617.0,70.0,0.0890974729241877,8.90974729241877,0.1508620689655172,15.08620689655172,55769.16855753647,16135.7967885834,8.814285714285715,0.6,60.0,0.0,0.0,15296.0,0.4877760252365931,digitally specialised
302011023,Bridgeman Downs,Bridgeman Downs,Queensland,Greater Brisbane,-27.352063970120156,152.99436088702026,1102.0,173.0,0.123514906971531,12.3514906971531,0.1582799634034766,15.82799634034766,68743.1497277677,21134.673713421136,6.369942196531792,0.5549132947976878,55.49132947976878,0.0173410404624277,1.73410404624277,29195.5,0.5033304373008978,high-income specialist
302011024,Carseldine,Carseldine,Queensland,Greater Brisbane,-27.347409007866904,153.01546580603159,847.0,110.0,0.1058485378655336,10.58485378655336,0.1594202898550724,15.942028985507239,61801.70188902007,20733.117722561685,7.7,0.6181818181818182,61.81818181818181,0.0272727272727272,2.72727272727272,16694.5,0.5028990450204639,digitally specialised
302011025,Everton Park,Everton Park,Queensland,Greater Brisbane,-27.400760978849164,152.98737871848294,1094.0,130.0,0.1199166940699331,11.99166940699331,0.1884057971014492,18.84057971014492,68697.37659963437,22956.91551227276,8.415384615384616,0.5538461538461539,55.38461538461539,0.0,0.0,19327.0,0.5071280071280071,emerging growth corridor
302011026,McDowall,McDowall,Queensland,Greater Brisbane,-27.3824150276556,152.99176237632355,832.0,111.0,0.1207196749854904,12.07196749854904,0.1971580817051509,19.71580817051509,65786.71875,18470.87625145096,7.495495495495495,0.5945945945945946,59.45945945945946,0.0,0.0,25245.0,0.5011534025374856,digitally specialised
302021027,Aspley,Aspley,Queensland,Greater Brisbane,-27.366848499521026,153.01849593063588,1049.0,176.0,0.1031769450181961,10.317694501819611,0.1689059500959693,16.89059500959693,59481.51572926597,17588.76565549789,5.9602272727272725,0.5284090909090909,52.84090909090909,0.0170454545454545,1.70454545454545,17785.0,0.4986873195064321,digitally specialised
302021028,Chermside,Chermside,Queensland,Greater Brisbane,-27.385411485596748,153.03205417957724,982.0,98.0,0.0896148932286913,8.96148932286913,0.1072210065645514,10.72210065645514,48091.097759674136,14433.970637936596,10.020408163265309,0.5204081632653061,52.04081632653062,0.0408163265306122,4.08163265306122,7189.0,0.5107767385115901,large-employer / job-heavy hub
302021029,Chermside West,Chermside West,Queensland,Greater Brisbane,-27.383155796091938,153.01239596456182,507.0,67.0,0.0902135231316726,9.02135231316726,0.1505617977528089,15.05617977528089,54547.98816568047,12319.429535787232,7.567164179104478,0.582089552238806,58.2089552238806,0.0,0.0,14413.0,0.4990421455938697,digitally specialised
302021031,Kedron - Gordon Park,Kedron - Gordon Park,Queensland,Greater Brisbane,-27.40612094045187,153.03046772337004,1670.0,243.0,0.1206821795057089,12.06821795057089,0.1870669745958429,18.70669745958429,67036.74850299401,21479.706697819856,6.872427983539095,0.5390946502057613,53.90946502057613,0.0164609053497942,1.64609053497942,13628.5,0.5066413662239089,emerging growth corridor
302021032,Stafford,Stafford,Queensland,Greater Brisbane,-27.40949593341574,153.01025120969032,751.0,145.0,0.1203525641025641,12.03525641025641,0.177045177045177,17.7045177045177,59051.20905459388,17175.50801292721,5.179310344827586,0.5103448275862069,51.03448275862069,0.0275862068965517,2.75862068965517,16024.0,0.4998885172798216,digitally specialised
302021033,Stafford Heights,Stafford Heights,Queensland,Greater Brisbane,-27.39686000556259,153.00917192388673,697.0,96.0,0.1213017751479289,12.13017751479289,0.2222222222222222,22.22222222222222,62278.791965566714,19898.74958826076,7.260416666666667,0.5208333333333334,52.083333333333336,0.03125,3.125,21412.5,0.4957627118644068,digitally specialised
302021034,Wavell Heights,Wavell Heights,Queensland,Greater Brisbane,-27.39221871811767,153.04754011139946,1067.0,186.0,0.1194581280788177,11.94581280788177,0.2092238470191226,20.92238470191226,71045.57357075914,21369.55896036953,5.736559139784946,0.5752688172043011,57.52688172043011,0.0161290322580645,1.6129032258064497,24565.0,0.5003707548568886,high-income specialist
302031035,Boondall,Boondall,Queensland,Greater Brisbane,-27.34879386146189,153.0697180595267,726.0,81.0,0.0876811594202898,8.76811594202898,0.1377551020408163,13.77551020408163,51815.47245179064,11413.981992853442,8.962962962962964,0.6666666666666666,66.66666666666666,0.0,0.0,15132.0,0.4901830282861897,lower digital concentration
302031037,Eagle Farm - Pinkenba,Eagle Farm - Pinkenba,Queensland,Greater Brisbane,-27.434852250764212,153.09661386480127,321.0,114.0,0.1319901315789473,13.19901315789473,0.1191222570532915,11.912225705329151,62183.69158878505,17512.12949996926,2.8157894736842106,0.4210526315789473,42.105263157894726,0.0614035087719298,6.14035087719298,18091.0,0.4937428896473265,emerging growth corridor
302031038,Northgate - Virginia,Northgate - Virginia,Queensland,Greater Brisbane,-27.3838399842551,153.06772247167075,774.0,161.0,0.1107137748533829,11.07137748533829,0.1366723259762309,13.66723259762309,67843.00129198967,25381.18846120723,4.807453416149069,0.422360248447205,42.2360248447205,0.0372670807453416,3.72670807453416,15782.0,0.4886659979939819,emerging growth corridor
302031039,Nudgee - Banyo,Nudgee - Banyo,Queensland,Greater Brisbane,-27.36712644694232,153.08953851866238,1050.0,175.0,0.1051998797715659,10.51998797715659,0.1838235294117647,18.382352941176467,68442.70285714285,22879.74518757067,6.0,0.4628571428571428,46.28571428571428,0.0285714285714285,2.85714285714285,17414.0,0.4848610535047698,emerging growth corridor
302031040,Nundah,Nundah,Queensland,Greater Brisbane,-27.40247989383465,153.06205721823972,1706.0,189.0,0.120395201129146,12.0395201129146,0.1690518783542039,16.905187835420392,59726.460726846424,19302.956492548612,9.026455026455029,0.6084656084656085,60.84656084656085,0.0158730158730158,1.5873015873015799,10619.0,0.4996922445629873,emerging growth corridor
302041041,Bracken Ridge,Bracken Ridge,Queensland,Greater Brisbane,-27.320067939393947,153.03423264640134,1071.0,114.0,0.0725658919981028,7.25658919981028,0.128668171557562,12.8668171557562,51191.11484593838,11838.857443675348,9.394736842105264,0.543859649122807,54.385964912280706,0.0,0.0,15278.0,0.495759587020649,lower digital concentration
302041042,Brighton (Qld),Brighton (Qld),Queensland,Greater Brisbane,-27.296476742840518,153.0553309372285,730.0,113.0,0.0929936305732484,9.29936305732484,0.1955017301038062,19.550173010380618,58932.99178082192,12778.465793560768,6.460176991150442,0.6194690265486725,61.94690265486725,0.0,0.0,21366.0,0.5031160518780529,digitally specialised
302041044,Sandgate - Shorncliffe,Sandgate - Shorncliffe,Queensland,Greater Brisbane,-27.320458936329548,153.0684168549013,526.0,123.0,0.1023545436855419,10.235454368554189,0.2063758389261745,20.63758389261745,74085.6169201521,29176.056499836857,4.276422764227642,0.5528455284552846,55.28455284552846,0.024390243902439,2.4390243902439,20704.0,0.4990981705745941,digitally specialised
302041045,Taigum - Fitzgibbon,Taigum - Fitzgibbon,Queensland,Greater Brisbane,-27.340602065932174,153.0388258687948,1044.0,98.0,0.08831740123509,8.831740123509,0.1131639722863741,11.316397228637411,60612.416666666664,23877.97685615994,10.653061224489797,0.5918367346938775,59.183673469387756,0.0306122448979591,3.0612244897959098,11607.0,0.5127078384798099,large-employer / job-heavy hub
302041046,Zillmere,Zillmere,Queensland,Greater Brisbane,-27.358409031056187,153.03891426232087,753.0,54.0,0.0883802816901408,8.83802816901408,0.0888157894736842,8.88157894736842,55243.051792828686,20421.14169893197,13.944444444444445,0.6851851851851852,68.51851851851852,0.0,0.0,8036.0,0.4785787147228834,lower digital concentration
303011047,Camp Hill,Camp Hill,Queensland,Greater Brisbane,-27.496291479257415,153.0780090191848,1503.0,237.0,0.1383723071257595,13.837230712575952,0.20844327176781,20.844327176781,64470.6753160346,15084.799464441889,6.341772151898734,0.5063291139240507,50.63291139240506,0.0168776371308016,1.68776371308016,26787.0,0.5128141941843273,emerging growth corridor
303011048,Cannon Hill,Cannon Hill,Queensland,Greater Brisbane,-27.47236194266641,153.09475760699976,931.0,126.0,0.1376404494382022,13.76404494382022,0.196875,19.6875,66524.68313641247,19314.81286734091,7.388888888888889,0.5317460317460317,53.17460317460318,0.0,0.0,21285.0,0.4967650626769106,emerging growth corridor
303011049,Carina,Carina,Queensland,Greater Brisbane,-27.487545862397017,153.09882063447674,1295.0,177.0,0.1229819563152896,12.29819563152896,0.2185185185185185,21.85185185185185,67701.07799227799,20817.42908439575,7.31638418079096,0.5875706214689266,58.75706214689266,0.0,0.0,17389.0,0.5185617860851506,emerging growth corridor
303011050,Carina Heights,Carina Heights,Queensland,Greater Brisbane,-27.507197555400104,153.09126782177617,698.0,77.0,0.1132014271813169,11.32014271813169,0.1610878661087866,16.10878661087866,60567.5787965616,16436.98886792067,9.064935064935066,0.5844155844155844,58.44155844155844,0.0,0.0,12435.5,0.514578232806588,digitally specialised
303011051,Carindale,Carindale,Queensland,Greater Brisbane,-27.510574327840526,153.11323771810132,1617.0,294.0,0.1258561643835616,12.585616438356158,0.1875,18.75,59689.80643166357,15853.534599471794,5.5,0.5850340136054422,58.50340136054422,0.0,0.0,22726.0,0.4955253896430367,digitally specialised
303021052,Annerley,Annerley,Queensland,Greater Brisbane,-27.51226461457189,153.03248486199357,1596.0,190.0,0.1236059479553903,12.360594795539031,0.1950718685831622,19.50718685831622,54076.65162907268,19957.462154165616,8.4,0.6842105263157895,68.42105263157895,0.0,0.0,5435.0,0.5,small-business / consultant-heavy
303021053,Coorparoo,Coorparoo,Queensland,Greater Brisbane,-27.498786096820282,153.06146153858433,2360.0,357.0,0.1320944811373558,13.209448113735581,0.1921420882669537,19.21420882669537,58359.60338983051,17691.868614279185,6.610644257703081,0.5350140056022409,53.50140056022409,0.011204481792717,1.1204481792717,12866.0,0.5061748067883037,major digital hub
303021054,Fairfield - Dutton Park,Fairfield - Dutton Park,Queensland,Greater Brisbane,-27.502144271606785,153.02461039922304,638.0,94.0,0.1219418960244648,12.19418960244648,0.2315270935960591,23.15270935960591,45232.27272727273,14169.320223450097,6.787234042553192,0.648936170212766,64.8936170212766,0.0,0.0,8128.0,0.4959417856143297,small-business / consultant-heavy
303021055,Greenslopes,Greenslopes,Queensland,Greater Brisbane,-27.507050499247125,153.04774313629449,1439.0,257.0,0.1273902266288951,12.73902266288951,0.1891096394407652,18.91096394407652,55677.260250173735,17950.682390754468,5.599221789883268,0.4669260700389105,46.69260700389105,0.0233463035019455,2.33463035019455,7604.0,0.5045114720288735,emerging growth corridor
303021056,Holland Park,Holland Park,Queensland,Greater Brisbane,-27.518477633241005,153.0701145799712,929.0,155.0,0.1243641231593038,12.43641231593038,0.2063914780292942,20.63914780292942,65214.68460710441,21649.142237626504,5.993548387096774,0.5806451612903226,58.06451612903226,0.0,0.0,17724.5,0.5125655396854095,digitally specialised
303021057,Holland Park West,Holland Park West,Queensland,Greater Brisbane,-27.526241280108778,153.06047266594848,731.0,95.0,0.1276632902549773,12.76632902549773,0.1752767527675277,17.52767527675277,61663.94801641587,16867.630429968085,7.694736842105264,0.5789473684210527,57.89473684210527,0.0,0.0,14403.0,0.4948162111215834,digitally specialised
303021058,Woolloongabba,Woolloongabba,Queensland,Greater Brisbane,-27.493080224636998,153.03659825348308,1206.0,223.0,0.1028308321964529,10.28308321964529,0.1712749615975422,17.127496159754223,42933.5,18471.362380627557,5.408071748878924,0.4887892376681614,48.87892376681614,0.0403587443946188,4.03587443946188,11804.0,0.5072600161333692,emerging growth corridor
303021059,Yeronga,Yeronga,Queensland,Greater Brisbane,-27.521245335337685,153.01060580923235,1227.0,212.0,0.1354005738247627,13.54005738247627,0.196660482374768,19.6660482374768,57641.07457212714,18189.622188547357,5.787735849056604,0.5990566037735849,59.905660377358494,0.0188679245283018,1.8867924528301798,11803.0,0.5078637959993892,digitally specialised
303031060,Eight Mile Plains,Eight Mile Plains,Queensland,Greater Brisbane,-27.5792834610496,153.09209012104196,1264.0,383.0,0.0969920196439533,9.69920196439533,0.1501960784313725,15.019607843137251,55087.329113924054,22311.029236698763,3.300261096605744,0.5013054830287206,50.13054830287206,0.0339425587467362,3.39425587467362,11126.0,0.4860967005602822,emerging growth corridor
303031061,Macgregor (Qld),Macgregor (Qld),Queensland,Greater Brisbane,-27.565302303628158,153.0730285407761,510.0,56.0,0.0790697674418604,7.906976744186039,0.0866873065015479,8.66873065015479,39149.55392156863,17835.92268125855,9.107142857142858,0.6607142857142857,66.07142857142857,0.0,0.0,7231.0,0.4702777140234106,lower digital concentration
303031062,Mansfield (Qld),Mansfield (Qld),Queensland,Greater Brisbane,-27.534798720457545,153.1051434767894,716.0,135.0,0.1015891032917139,10.158910329171391,0.1498335183129855,14.983351831298549,56647.52374301676,18336.374977409498,5.303703703703704,0.5481481481481482,54.81481481481482,0.0,0.0,14458.0,0.4906437125748503,digitally specialised
303031063,Mount Gravatt,Mount Gravatt,Queensland,Greater Brisbane,-27.533585808511802,153.0805167317031,1617.0,238.0,0.1149417116860961,11.49417116860961,0.1809885931558935,18.09885931558935,58887.62337662338,16907.493862833217,6.794117647058823,0.592436974789916,59.2436974789916,0.0168067226890756,1.6806722689075597,15874.5,0.5086114624890532,emerging growth corridor
303031064,Rochedale - Burbank,Rochedale - Burbank,Queensland,Greater Brisbane,-27.563673837561122,153.14636928924196,1033.0,220.0,0.1157552666965486,11.575526669654861,0.1502732240437158,15.02732240437158,60948.03291384318,19250.995934909966,4.695454545454545,0.5727272727272728,57.27272727272727,0.0,0.0,19144.5,0.4990168539325842,emerging growth corridor
303031065,Upper Mount Gravatt,Upper Mount Gravatt,Queensland,Greater Brisbane,-27.55343042873149,153.0814455973326,1073.0,216.0,0.1000652802387391,10.00652802387391,0.1483516483516483,14.83516483516483,44702.66728797763,14920.072585002716,4.967592592592593,0.4583333333333333,45.83333333333333,0.0185185185185185,1.85185185185185,9436.0,0.4976411915352473,emerging growth corridor
303031066,Wishart,Wishart,Queensland,Greater Brisbane,-27.554463652864577,153.10107899648912,946.0,137.0,0.1084489281210592,10.84489281210592,0.1585648148148148,15.85648148148148,56045.327695560256,17488.63320971823,6.905109489051095,0.5401459854014599,54.01459854014598,0.0218978102189781,2.1897810218978098,15959.0,0.5083521444695259,digitally specialised
303041068,Moorooka,Moorooka,Queensland,Greater Brisbane,-27.53433586660964,153.02459057573978,1196.0,147.0,0.1181351244567364,11.813512445673641,0.1578947368421052,15.78947368421052,62472.6856187291,19021.679198341903,8.136054421768707,0.6394557823129252,63.94557823129252,0.0,0.0,10423.5,0.498295841854124,emerging growth corridor
303041070,Salisbury - Nathan,Salisbury - Nathan,Queensland,Greater Brisbane,-27.548873149294174,153.04420712744246,694.0,127.0,0.097062937062937,9.7062937062937,0.1398678414096916,13.98678414096916,53706.359510086455,14982.90419540114,5.464566929133858,0.5511811023622047,55.118110236220474,0.0236220472440944,2.36220472440944,9734.0,0.4781591263650546,emerging growth corridor
303041071,Tarragindi,Tarragindi,Queensland,Greater Brisbane,-27.5270692752248,153.04559236460642,1230.0,189.0,0.1353582040277319,13.53582040277319,0.2130777903043968,21.30777903043968,71471.8569105691,21136.09538311229,6.507936507936508,0.5714285714285714,57.14285714285714,0.0,0.0,26298.5,0.5051352524229712,high-income specialist
303051072,Algester,Algester,Queensland,Greater Brisbane,-27.612727056159354,153.0324185011048,585.0,63.0,0.0759148715286789,7.59148715286789,0.1064189189189189,10.64189189189189,50644.555555555555,16321.21796147302,9.285714285714286,0.6349206349206349,63.49206349206349,0.0,0.0,15557.5,0.4896870554765292,lower digital concentration
303051073,Calamvale - Stretton,Calamvale - Stretton,Queensland,Greater Brisbane,-27.628262573795553,153.06733601639863,1721.0,244.0,0.0933600954757513,9.33600954757513,0.0977955911823647,9.77955911823647,51553.39976757699,17743.764962325826,7.05327868852459,0.5409836065573771,54.09836065573771,0.0,0.0,11967.0,0.4963786303334528,lower digital concentration
303051074,Pallara - Willawong,Pallara - Willawong,Queensland,Greater Brisbane,-27.62137927399317,153.00333495592045,1032.0,116.0,0.0892579138557343,8.92579138557343,0.1024734982332155,10.24734982332155,56699.87209302326,19007.78646769892,8.89655172413793,0.5603448275862069,56.03448275862068,0.0,0.0,17123.0,0.4848009650180941,emerging growth corridor
303051075,Parkinson - Drewvale,Parkinson - Drewvale,Queensland,Greater Brisbane,-27.644489219545235,153.03876791516586,1114.0,154.0,0.0870244512147488,8.70244512147488,0.1173780487804878,11.73780487804878,52625.32271095153,12814.449263564602,7.233766233766234,0.5844155844155844,58.44155844155844,0.0,0.0,12781.0,0.4901719901719901,lower digital concentration
303051076,Rocklea - Acacia Ridge,Rocklea - Acacia Ridge,Queensland,Greater Brisbane,-27.567824785524795,153.01227598294463,509.0,178.0,0.061876975443715,6.1876975443715,0.0762966138019717,7.629661380197169,39863.44106090373,10905.107362873096,2.859550561797753,0.4775280898876404,47.75280898876404,0.0730337078651685,7.303370786516849,9431.0,0.4494949494949495,lower digital concentration
303061077,Kuraby,Kuraby,Queensland,Greater Brisbane,-27.60682858832109,153.09375182710534,603.0,97.0,0.0951254141031708,9.51254141031708,0.1038543897216274,10.38543897216274,53434.63018242123,16377.203380086474,6.216494845360825,0.6185567010309279,61.855670103092784,0.0,0.0,14362.5,0.4709754637941352,lower digital concentration
303061078,Runcorn,Runcorn,Queensland,Greater Brisbane,-27.598170209126657,153.07678938624528,1101.0,117.0,0.0908940807397011,9.089408073970109,0.0759740259740259,7.59740259740259,50180.76430517711,18892.19702209282,9.41025641025641,0.5470085470085471,54.700854700854705,0.0256410256410256,2.56410256410256,9783.0,0.4798231066887783,lower digital concentration
303061079,Sunnybank,Sunnybank,Queensland,Greater Brisbane,-27.57839615033305,153.0595177300726,654.0,95.0,0.0727798798130425,7.27798798130425,0.0911708253358925,9.117082533589251,38163.47094801223,17661.642492637206,6.88421052631579,0.5684210526315789,56.84210526315789,0.0,0.0,7245.0,0.4704344985298921,lower digital concentration
303061080,Sunnybank Hills,Sunnybank Hills,Queensland,Greater Brisbane,-27.595949099426505,153.0521442576829,1328.0,197.0,0.0887463245121625,8.87463245121625,0.099645928174001,9.964592817400101,42224.25301204819,14145.123868770992,6.741116751269035,0.6243654822335025,62.43654822335025,0.0,0.0,10248.5,0.477665113729789,lower digital concentration
304011081,Jindalee - Mount Ommaney,Jindalee - Mount Ommaney,Queensland,Greater Brisbane,-27.540021857836734,152.93502345219252,662.0,132.0,0.1127384196185286,11.27384196185286,0.1833333333333333,18.33333333333333,61205.05438066465,15914.185766904431,5.015151515151516,0.6515151515151515,65.15151515151516,0.0,0.0,21443.0,0.4888249612746183,small-business / consultant-heavy
304011082,Middle Park - Jamboree Heights,Middle Park - Jamboree Heights,Queensland,Greater Brisbane,-27.556086900954227,152.92732024027347,601.0,90.0,0.1076675026872088,10.76675026872088,0.2036199095022624,20.36199095022624,64983.32778702163,20424.286224857533,6.677777777777778,0.6888888888888889,68.88888888888889,0.0,0.0,19690.5,0.4897003745318352,small-business / consultant-heavy
304011084,Seventeen Mile Rocks - Sinnamon Park,Seventeen Mile Rocks - Sinnamon Park,Queensland,Greater Brisbane,-27.54579532575128,152.9520647201602,963.0,204.0,0.1281948881789137,12.81948881789137,0.1880184331797235,18.80184331797235,73412.01869158879,23283.06122353767,4.720588235294118,0.5343137254901961,53.431372549019606,0.0147058823529411,1.47058823529411,32524.5,0.5061601642710473,high-income specialist
304021086,Bellbowrie - Moggill,Bellbowrie - Moggill,Queensland,Greater Brisbane,-27.573015301774365,152.8792492822781,1024.0,205.0,0.121384542437174,12.138454243717401,0.2618135376756066,26.181353767560662,72981.62548828125,27035.47138681136,4.995121951219512,0.624390243902439,62.4390243902439,0.0,0.0,30224.0,0.5007708911501696,high-income specialist
304021087,Brookfield - Kenmore Hills,Brookfield - Kenmore Hills,Queensland,Greater Brisbane,-27.4769701366298,152.8753664795993,926.0,238.0,0.1800855698171917,18.00855698171917,0.2761020881670533,27.610208816705327,64675.2181425486,18651.40415966256,3.890756302521008,0.4873949579831932,48.73949579831932,0.0126050420168067,1.26050420168067,35062.5,0.4956500724987916,digitally specialised
304021088,Chapel Hill,Chapel Hill,Queensland,Greater Brisbane,-27.49887342653369,152.94838566718997,1447.0,316.0,0.1760554812020927,17.60554812020927,0.3237704918032787,32.37704918032787,74732.18590186593,23758.688882763847,4.579113924050633,0.5632911392405063,56.32911392405063,0.0,0.0,37922.5,0.4909175593851886,high-income specialist
304021089,Fig Tree Pocket,Fig Tree Pocket,Queensland,Greater Brisbane,-27.527826561659438,152.96190711250063,563.0,124.0,0.1636627906976744,16.36627906976744,0.25,25.0,70284.2513321492,24159.528803079433,4.540322580645161,0.532258064516129,53.2258064516129,0.0,0.0,52451.0,0.4774464831804281,digitally specialised
304021090,Kenmore,Kenmore,Queensland,Greater Brisbane,-27.516821004932776,152.9376383892799,1162.0,237.0,0.1540296924708377,15.40296924708377,0.2711670480549199,27.11670480549199,74527.74139414802,24706.028178347384,4.90295358649789,0.5738396624472574,57.383966244725734,0.0126582278481012,1.26582278481012,29642.0,0.4998298162014976,high-income specialist
304021091,Pinjarra Hills - Pullenvale,Pinjarra Hills - Pullenvale,Queensland,Greater Brisbane,-27.525310176001913,152.87854271676147,686.0,205.0,0.1640363462458154,16.40363462458154,0.3041543026706231,30.41543026706231,75085.08746355685,24021.68143773188,3.346341463414634,0.5121951219512195,51.21951219512195,0.0146341463414634,1.46341463414634,34723.0,0.4904306220095694,digitally specialised
304031092,Chelmer - Graceville,Chelmer - Graceville,Queensland,Greater Brisbane,-27.51776285514701,152.97881654769398,1095.0,222.0,0.1803953871499176,18.03953871499176,0.2733990147783251,27.339901477832512,66012.63561643836,17090.2645291237,4.9324324324324325,0.5495495495495496,54.95495495495496,0.0135135135135135,1.35135135135135,33630.5,0.490271541586487,digitally specialised
304031093,Corinda,Corinda,Queensland,Greater Brisbane,-27.543243426845645,152.9837512568572,603.0,91.0,0.1428909952606635,14.289099526066352,0.2439678284182305,24.39678284182305,65250.59867330016,18351.715024011064,6.626373626373627,0.6483516483516484,64.83516483516483,0.0329670329670329,3.29670329670329,26142.5,0.5087329310892347,small-business / consultant-heavy
304031094,Indooroopilly,Indooroopilly,Queensland,Greater Brisbane,-27.50633309758398,152.97987275619877,1848.0,291.0,0.1569693366176845,15.69693366176845,0.218961625282167,21.8961625282167,60280.77922077922,22380.60220557494,6.350515463917525,0.5807560137457045,58.075601374570454,0.0206185567010309,2.06185567010309,19491.0,0.4880148941121713,digitally specialised
304031095,Sherwood,Sherwood,Queensland,Greater Brisbane,-27.53051871498809,152.98117393773913,807.0,152.0,0.1475050265033814,14.75050265033814,0.254606365159129,25.4606365159129,63362.812267657995,17350.505193996876,5.309210526315789,0.5197368421052632,51.973684210526315,0.0,0.0,25234.5,0.5167686658506732,digitally specialised
304031096,St Lucia,St Lucia,Queensland,Greater Brisbane,-27.498051723734743,153.00492834557357,1421.0,167.0,0.1336531226486079,13.36531226486079,0.2352112676056338,23.52112676056338,38848.43384940183,17096.180181230273,8.508982035928144,0.6407185628742516,64.07185628742515,0.0,0.0,13873.0,0.4873789057170146,small-business / consultant-heavy
304031097,Taringa,Taringa,Queensland,Greater Brisbane,-27.493484159173583,152.9819589240164,1334.0,166.0,0.1580194266761431,15.80194266761431,0.2192866578599736,21.92866578599736,60211.94452773613,24535.82885609434,8.036144578313253,0.5120481927710844,51.204819277108435,0.0180722891566265,1.8072289156626498,14721.5,0.5089151808031994,digitally specialised
304041098,Enoggera,Enoggera,Queensland,Greater Brisbane,-27.42715205117103,152.974804219129,1012.0,143.0,0.1248303934871099,12.48303934871099,0.2403361344537815,24.033613445378148,66885.3087944664,20184.57245550008,7.076923076923077,0.5244755244755245,52.44755244755245,0.0,0.0,12010.5,0.4790549597855228,digitally specialised
304041100,Keperra,Keperra,Queensland,Greater Brisbane,-27.413757531922517,152.95221382949478,636.0,68.0,0.116398243045388,11.6398243045388,0.2138364779874214,21.38364779874214,67533.34827044026,25390.955792402183,9.352941176470589,0.5735294117647058,57.35294117647059,0.0,0.0,21748.0,0.4996288047512991,digitally specialised
304041101,Mitchelton,Mitchelton,Queensland,Greater Brisbane,-27.412094497831134,152.97044013525723,1008.0,130.0,0.134885588117222,13.488558811722202,0.2300884955752212,23.008849557522122,67636.47619047618,18938.995326030847,7.753846153846154,0.6307692307692307,63.07692307692307,0.0,0.0,22566.0,0.5073188147090325,small-business / consultant-heavy
304041103,The Gap,The Gap,Queensland,Greater Brisbane,-27.445890534239773,152.94125523206853,2134.0,410.0,0.156612358725965,15.6612358725965,0.3198127925117004,31.98127925117004,77367.6541705717,27568.25922708131,5.204878048780488,0.6317073170731707,63.170731707317074,0.0073170731707317,0.73170731707317,28664.0,0.5016529706243507,major digital hub
304041104,Upper Kedron - Ferny Grove,Upper Kedron - Ferny Grove,Queensland,Greater Brisbane,-27.41433427967689,152.9205831539499,1177.0,135.0,0.124077588024457,12.407758802445699,0.265748031496063,26.574803149606304,72994.34579439252,21094.344265824104,8.718518518518518,0.5333333333333333,53.333333333333336,0.0,0.0,34440.5,0.493952721275426,high-income specialist
305011105,Brisbane City,Brisbane City,Queensland,Greater Brisbane,-27.468313133892376,153.0230790785234,2434.0,2975.0,0.1085347364666012,10.85347364666012,0.2896786757546251,28.96786757546251,49753.534511092854,30225.2907538468,0.8181512605042017,0.5126050420168067,51.26050420168067,0.0655462184873949,6.55462184873949,12307.0,0.4809399097919394,major digital hub
305011106,Fortitude Valley,Fortitude Valley,Queensland,Greater Brisbane,-27.45632387256215,153.0353291708606,1880.0,718.0,0.126548196015078,12.6548196015078,0.2354870449327648,23.548704493276478,53978.15531914894,26300.671373268484,2.618384401114206,0.4401114206128134,44.01114206128134,0.0835654596100278,8.35654596100278,9666.0,0.4677598050077554,major digital hub
305011107,Highgate Hill,Highgate Hill,Queensland,Greater Brisbane,-27.48752433587555,153.01749114304846,914.0,132.0,0.1352271046012723,13.522710460127229,0.205607476635514,20.5607476635514,51394.16958424508,21353.807622416407,6.924242424242424,0.5681818181818182,56.81818181818182,0.0,0.0,7587.5,0.5083870967741936,digitally specialised
305011108,Kangaroo Point,Kangaroo Point,Queensland,Greater Brisbane,-27.476653655490182,153.03674152810026,1531.0,239.0,0.1258528565556925,12.585285655569251,0.2039249146757679,20.39249146757679,56094.83148269105,21605.65371861378,6.405857740585774,0.6276150627615062,62.76150627615063,0.0125523012552301,1.2552301255230098,7990.5,0.4782929528963227,small-business / consultant-heavy
305011109,New Farm,New Farm,Queensland,Greater Brisbane,-27.466413604310432,153.04565341897444,1935.0,385.0,0.159679815151015,15.967981515101501,0.2378011117974058,23.78011117974058,64989.04651162791,23410.973562296334,5.025974025974026,0.587012987012987,58.7012987012987,0.0129870129870129,1.29870129870129,8359.0,0.49516797054763,major digital hub
305011110,South Brisbane,South Brisbane,Queensland,Greater Brisbane,-27.4790632367094,153.01989365064247,2073.0,362.0,0.126649560117302,12.6649560117302,0.1935828877005347,19.35828877005347,52088.8174143753,24792.531490621634,5.726519337016574,0.5220994475138122,52.20994475138122,0.0635359116022099,6.353591160220989,15237.5,0.5062753783684016,major digital hub
305011111,Spring Hill,Spring Hill,Queensland,Greater Brisbane,-27.45944894185341,153.0246125793181,1215.0,413.0,0.1192228436856049,11.92228436856049,0.2107142857142857,21.07142857142857,59194.48477366255,36252.61572253901,2.9418886198547214,0.4092009685230024,40.92009685230024,0.0508474576271186,5.08474576271186,11848.0,0.4464601059560122,digitally specialised
305011112,West End,West End,Queensland,Greater Brisbane,-27.483385453207706,153.00587495228706,2548.0,480.0,0.1489710009354537,14.89710009354537,0.2324455205811138,23.24455205811138,59296.48430141287,25554.63868050548,5.308333333333334,0.5208333333333334,52.083333333333336,0.0375,3.75,10706.5,0.5039222373806276,major digital hub
305021113,Balmoral,Balmoral,Queensland,Greater Brisbane,-27.45613649053131,153.06755941375394,638.0,111.0,0.15568570034163,15.568570034163,0.2617924528301887,26.179245283018872,67723.22413793103,18556.210350717753,5.747747747747748,0.6306306306306306,63.06306306306306,0.027027027027027,2.7027027027027,22653.0,0.5037816507727721,small-business / consultant-heavy
305021114,Bulimba,Bulimba,Queensland,Greater Brisbane,-27.448550869084198,153.0592852119799,1033.0,219.0,0.1621664050235478,16.216640502354778,0.2183449651046859,21.83449651046859,71315.28509196515,19761.68328662763,4.71689497716895,0.547945205479452,54.794520547945204,0.0136986301369863,1.36986301369863,35220.0,0.5044596556730969,high-income specialist
305021115,East Brisbane,East Brisbane,Queensland,Greater Brisbane,-27.48390379858259,153.04685023507852,913.0,205.0,0.1319745591211333,13.197455912113329,0.180140597539543,18.0140597539543,49070.65498357065,18005.488967380996,4.453658536585366,0.5170731707317073,51.707317073170735,0.0195121951219512,1.95121951219512,9119.5,0.4808684436801376,digitally specialised
305021116,Hawthorne,Hawthorne,Queensland,Greater Brisbane,-27.463952231973316,153.05923676549992,767.0,164.0,0.1543570134835983,15.435701348359828,0.2408223201174743,24.08223201174743,63556.71838331161,18812.64050043779,4.676829268292683,0.5182926829268293,51.829268292682926,0.0365853658536585,3.65853658536585,34476.0,0.5030186608122942,digitally specialised
305021117,Morningside - Seven Hills,Morningside - Seven Hills,Queensland,Greater Brisbane,-27.46650608959118,153.07641344937863,2016.0,331.0,0.1417322834645669,14.173228346456689,0.2154947916666666,21.54947916666666,68181.40674603175,22402.291201881017,6.090634441087613,0.5619335347432024,56.19335347432024,0.0151057401812688,1.51057401812688,14668.5,0.5124714299910563,major digital hub
305021118,Norman Park,Norman Park,Queensland,Greater Brisbane,-27.4801357385107,153.06297186937974,933.0,170.0,0.1422906817141985,14.22906817141985,0.2384291725105189,23.84291725105189,70442.35691318328,22179.03649225907,5.488235294117647,0.6235294117647059,62.35294117647059,0.0,0.0,22640.0,0.508355683928203,high-income specialist
305031119,Albion,Albion,Queensland,Greater Brisbane,-27.432543032868104,153.04447490968442,644.0,178.0,0.1370504362630346,13.705043626303459,0.2038946162657502,20.38946162657502,55574.05745341615,17451.591183997123,3.617977528089888,0.5730337078651685,57.30337078651685,0.0224719101123595,2.2471910112359503,13524.0,0.4848297213622291,emerging growth corridor
305031120,Alderley,Alderley,Queensland,Greater Brisbane,-27.425612607005817,153.00100572369666,970.0,146.0,0.1557482337829158,15.57482337829158,0.2616487455197133,26.16487455197133,71308.32474226804,24406.72398761165,6.6438356164383565,0.6027397260273972,60.273972602739725,0.0,0.0,18884.0,0.5072241681260946,high-income specialist
305031121,Ascot,Ascot,Queensland,Greater Brisbane,-27.42984266667349,153.0661323727537,715.0,174.0,0.1441241685144124,14.41241685144124,0.1990846681922196,19.90846681922196,57264.116783216785,11756.809889445363,4.109195402298851,0.632183908045977,63.2183908045977,0.0172413793103448,1.72413793103448,20925.5,0.498147167813658,small-business / consultant-heavy
305031122,Clayfield,Clayfield,Queensland,Greater Brisbane,-27.419136545360768,153.05444596478898,1427.0,237.0,0.1363853579279365,13.638535792793649,0.2150635208711434,21.50635208711434,58341.381219341274,17623.19427487028,6.0210970464135025,0.6244725738396625,62.447257383966246,0.0,0.0,13457.0,0.5051969365426696,small-business / consultant-heavy
305031123,Grange,Grange,Queensland,Greater Brisbane,-27.422576501486795,153.0152749628747,593.0,112.0,0.1516624040920716,15.16624040920716,0.2472406181015452,24.72406181015452,80918.47554806071,28927.808412510843,5.294642857142857,0.5089285714285714,50.89285714285714,0.0,0.0,31872.0,0.508327781479014,digitally specialised
305031124,Hamilton (Qld),Hamilton (Qld),Queensland,Greater Brisbane,-27.436576003467966,153.06183161373056,853.0,163.0,0.1310291858678955,13.10291858678955,0.165650406504065,16.5650406504065,51251.262016412664,10225.142047134628,5.233128834355829,0.5705521472392638,57.05521472392638,0.0184049079754601,1.84049079754601,16748.0,0.4740535942152276,digitally specialised
305031125,Hendra,Hendra,Queensland,Greater Brisbane,-27.417734811563868,153.07026080195394,566.0,185.0,0.1345696623870661,13.456966238706611,0.226161369193154,22.616136919315398,72939.65371024735,24928.856991274457,3.0594594594594593,0.4810810810810811,48.10810810810811,0.027027027027027,2.7027027027027,38423.0,0.5004659832246039,digitally specialised
305031126,Kelvin Grove - Herston,Kelvin Grove - Herston,Queensland,Greater Brisbane,-27.448856048254754,153.01690601567657,1440.0,210.0,0.1272646928855501,12.726469288555009,0.2138492871690427,21.38492871690427,44470.95416666667,19330.089120268083,6.857142857142857,0.5904761904761905,59.04761904761905,0.019047619047619,1.9047619047619,9008.5,0.5035912725301531,emerging growth corridor
305031127,Newmarket,Newmarket,Queensland,Greater Brisbane,-27.43528116991632,153.0078170350881,791.0,108.0,0.1508966043494849,15.08966043494849,0.2278481012658227,22.78481012658227,57539.27433628318,20768.83480938505,7.324074074074074,0.6203703703703703,62.03703703703704,0.0277777777777777,2.77777777777777,8311.0,0.4921335909467292,digitally specialised
305031128,Newstead - Bowen Hills,Newstead - Bowen Hills,Queensland,Greater Brisbane,-27.447911587614954,153.04067092873697,3723.0,869.0,0.173259493670886,17.3259493670886,0.2464549064095292,24.645490640952918,61838.69379532635,19470.49724376269,4.284234752589183,0.5086306098964327,50.86306098964327,0.0391254315304948,3.91254315304948,13893.0,0.4992813633563753,major digital hub
305031129,Wilston,Wilston,Queensland,Greater Brisbane,-27.434734439272226,153.01863318704008,583.0,132.0,0.1607389026743865,16.07389026743865,0.247191011235955,24.7191011235955,69853.61234991424,21885.277913741094,4.416666666666667,0.5151515151515151,51.515151515151516,0.0,0.0,22146.0,0.4936201239518775,digitally specialised
305031130,Windsor,Windsor,Queensland,Greater Brisbane,-27.434201136924713,153.03016501879486,1182.0,190.0,0.1407477970945463,14.07477970945463,0.2386934673366834,23.86934673366834,64233.32994923858,23498.79595304901,6.221052631578948,0.531578947368421,53.1578947368421,0.0210526315789473,2.10526315789473,10705.5,0.5069313708711278,emerging growth corridor
305031131,Wooloowin - Lutwyche,Wooloowin - Lutwyche,Queensland,Greater Brisbane,-27.41708981865106,153.04065472208518,1519.0,222.0,0.133233926848522,13.3233926848522,0.2265306122448979,22.65306122448979,62980.85187623437,23007.149832553987,6.842342342342342,0.5855855855855856,58.55855855855856,0.0,0.0,11006.0,0.5023059185242121,emerging growth corridor
305041132,Ashgrove,Ashgrove,Queensland,Greater Brisbane,-27.444258646869926,152.98191571371623,1853.0,384.0,0.1538014608233731,15.380146082337308,0.2750716332378223,27.50716332378223,67542.02590393956,22700.793666223755,4.825520833333333,0.5494791666666666,54.947916666666664,0.0078125,0.78125,24051.0,0.5017247134750195,major digital hub
305041133,Auchenflower,Auchenflower,Queensland,Greater Brisbane,-27.473827719504673,152.9951219230793,924.0,147.0,0.1594753192958232,15.94753192958232,0.2053072625698324,20.53072625698324,56909.6920995671,20284.137991869487,6.285714285714286,0.5782312925170068,57.82312925170068,0.0,0.0,11460.5,0.4974421437271619,digitally specialised
305041134,Bardon,Bardon,Queensland,Greater Brisbane,-27.46097695825118,152.97924127347807,1496.0,294.0,0.1766025262660842,17.66025262660842,0.2854368932038835,28.54368932038835,66009.05748663102,15965.142246399642,5.08843537414966,0.5578231292517006,55.78231292517006,0.0,0.0,36854.0,0.5078379636815148,digitally specialised
305041135,Paddington - Milton,Paddington - Milton,Queensland,Greater Brisbane,-27.463021857969874,152.99974165751473,2159.0,763.0,0.167182902276599,16.7182902276599,0.2424531299650461,24.24531299650461,59985.97452524317,19014.352177403613,2.8296199213630406,0.4639580602883355,46.395806028833555,0.0668414154652686,6.6841415465268605,13955.0,0.4973527465254798,major digital hub
305041136,Red Hill (Qld),Red Hill (Qld),Queensland,Greater Brisbane,-27.452455020936952,153.00207559440082,1014.0,175.0,0.1646638518999675,16.46638518999675,0.2539912917271408,25.39912917271408,59535.67159763313,20211.025527480488,5.7942857142857145,0.5371428571428571,53.714285714285715,0.0171428571428571,1.71428571428571,14932.5,0.5072798705800786,digitally specialised
305041137,Toowong,Toowong,Queensland,Greater Brisbane,-27.481454814449243,152.9840385601333,2004.0,381.0,0.157919621749409,15.791962174940899,0.2456479690522243,24.56479690522243,57035.09281437126,23158.43193966677,5.25984251968504,0.5301837270341208,53.018372703412076,0.0551181102362204,5.51181102362204,14948.5,0.5059191422827787,major digital hub
306011139,Clifton Beach - Kewarra Beach,Clifton Beach - Kewarra Beach,Queensland,Rest of Qld,-16.7746308644295,145.66138693323947,575.0,151.0,0.0577599196383726,5.77599196383726,0.1493570722057369,14.93570722057369,40528.078260869566,6688.876854541086,3.80794701986755,0.6026490066225165,60.264900662251655,0.0198675496688741,1.98675496688741,15182.0,0.5132035209389171,lower digital concentration
306011141,Redlynch,Redlynch,Queensland,Rest of Qld,-16.89469622797355,145.69116208683758,710.0,101.0,0.0587797003063167,5.87797003063167,0.1113561190738699,11.13561190738699,42003.61830985916,1244.7370696902726,7.02970297029703,0.504950495049505,50.495049504950494,0.0,0.0,18805.0,0.5083156602299364,lower digital concentration
306011142,Trinity Beach - Smithfield,Trinity Beach - Smithfield,Queensland,Rest of Qld,-16.814784102896247,145.69319582656087,854.0,164.0,0.0545233990934048,5.45233990934048,0.1209439528023598,12.094395280235979,35950.3981264637,346.698835140196,5.2073170731707314,0.6097560975609756,60.97560975609756,0.0182926829268292,1.82926829268292,15299.5,0.5028677314038649,lower digital concentration
306021145,Cairns City,Cairns City,Queensland,Rest of Qld,-16.91458426224002,145.76588283913463,810.0,321.0,0.0430484693877551,4.30484693877551,0.1273809523809523,12.738095238095228,16085.433333333332,885.3705144557807,2.5233644859813085,0.4236760124610592,42.36760124610592,0.043613707165109,4.3613707165108995,6385.0,0.4971025690554375,lower digital concentration
306021154,Westcourt - Bungalow,Westcourt - Bungalow,Queensland,Rest of Qld,-16.94115941653699,145.76252532718726,293.0,143.0,0.0470229497672925,4.702294976729251,0.0938936309914642,9.389363099146419,22400.49146757679,-2262.3031079327593,2.0489510489510487,0.3916083916083916,39.16083916083916,0.0699300699300699,6.99300699300699,7168.5,0.4554102259215219,lower digital concentration
306021156,Whitfield - Edge Hill,Whitfield - Edge Hill,Queensland,Rest of Qld,-16.899990312011,145.73610243073256,482.0,112.0,0.0663820410411789,6.638204104117889,0.1534246575342465,15.34246575342465,41206.43153526971,2750.8065524849662,4.303571428571429,0.5803571428571429,58.03571428571429,0.0,0.0,9239.0,0.5170307293594965,digitally specialised
306051169,Malanda - Yungaburra,Malanda - Yungaburra,Queensland,Rest of Qld,-17.36796028325482,145.6131101072645,360.0,107.0,0.0538760850044896,5.38760850044896,0.084185680566483,8.418568056648299,39786.70555555555,10591.835456782734,3.364485981308411,0.6915887850467289,69.1588785046729,0.0,0.0,11264.0,0.4859978730946473,lower digital concentration
307021183,Wambo,Wambo,Queensland,Rest of Qld,-27.032765821706914,151.17352072761852,592.0,101.0,0.0447434056382737,4.474340563827369,0.0437798006068487,4.37798006068487,30785.175675675677,-1971.0133878871677,5.861386138613861,0.5445544554455446,54.45544554455446,0.0297029702970297,2.9702970297029703,19919.0,0.4691988817121373,lower digital concentration
307031189,Warwick,Warwick,Queensland,Rest of Qld,-28.23245630512822,152.00599086434786,552.0,98.0,0.0483320199632256,4.83320199632256,0.0715328467153284,7.15328467153284,23521.976449275364,-6166.0973183456845,5.63265306122449,0.3775510204081632,37.75510204081632,0.0306122448979591,3.0612244897959098,15535.5,0.4824050337916569,lower digital concentration
308011192,Emerald,Emerald,Queensland,Rest of Qld,-23.535476216392638,148.1625620970928,730.0,117.0,0.0504806030011755,5.04806030011755,0.0865384615384615,8.65384615384615,33002.77397260274,-7754.754898153085,6.239316239316239,0.3931623931623931,39.31623931623931,0.0256410256410256,2.56410256410256,44553.0,0.4537662599576484,lower digital concentration
308031223,Yeppoon,Yeppoon,Queensland,Rest of Qld,-23.154789471655782,150.73749720352762,892.0,165.0,0.0534611926880431,5.34611926880431,0.1072821846553966,10.72821846553966,37076.25112107623,-5857.699822885414,5.406060606060606,0.5151515151515151,51.515151515151516,0.0181818181818181,1.8181818181818101,35660.5,0.4902151059356299,emerging growth corridor
308051531,Boyne Island - Tannum Sands,Boyne Island - Tannum Sands,Queensland,Rest of Qld,-23.973578657219733,151.36081502143722,617.0,52.0,0.0720037343914109,7.2003734391410905,0.1083333333333333,10.83333333333333,54035.07779578606,3629.433029769025,11.865384615384617,0.6153846153846154,61.53846153846154,0.0576923076923076,5.769230769230759,60035.0,0.470597609561753,lower digital concentration
308051533,Clinton - New Auckland,Clinton - New Auckland,Queensland,Rest of Qld,-23.88712367993763,151.22317619586988,734.0,51.0,0.0601097371222668,6.010973712226679,0.1099137931034482,10.99137931034482,48221.07220708447,1791.0208189917685,14.392156862745098,0.4509803921568627,45.09803921568627,0.0,0.0,56111.0,0.4696652719665272,lower digital concentration
308051535,Gladstone Hinterland,Gladstone Hinterland,Queensland,Rest of Qld,-24.057666853246776,151.07402413869684,530.0,54.0,0.05831224557157,5.831224557157,0.0606060606060606,6.06060606060606,53567.29905660378,809.1767659227335,9.814814814814817,0.4629629629629629,46.29629629629629,0.0,0.0,57769.0,0.449189345686161,lower digital concentration
309011224,Broadbeach Waters,Broadbeach Waters,Queensland,Rest of Qld,-28.026952364622982,153.41492939695524,798.0,203.0,0.1059198301035306,10.59198301035306,0.1520599250936329,15.20599250936329,36591.58771929824,9204.603647092245,3.931034482758621,0.7192118226600985,71.92118226600985,0.0147783251231527,1.47783251231527,14033.0,0.4939226519337016,digitally specialised
309011225,Burleigh Heads,Burleigh Heads,Queensland,Rest of Qld,-28.102378523305845,153.4351734390167,964.0,457.0,0.1120148733441784,11.20148733441784,0.1579675077773937,15.796750777739371,36822.20591286307,9203.578966546547,2.1094091903719914,0.4923413566739606,49.23413566739606,0.0415754923413566,4.15754923413566,15444.0,0.5144433625446284,emerging growth corridor
309011226,Burleigh Waters,Burleigh Waters,Queensland,Rest of Qld,-28.08728697724217,153.43223690969216,1242.0,265.0,0.1024837032758478,10.24837032758478,0.1663527934714375,16.63527934714375,40500.01489533011,7496.668868430199,4.686792452830189,0.5245283018867924,52.45283018867924,0.0,0.0,15687.0,0.5182029434546863,emerging growth corridor
309011227,Mermaid Beach - Broadbeach,Mermaid Beach - Broadbeach,Queensland,Rest of Qld,-28.037920634191252,153.43411468779487,1651.0,463.0,0.1110886825460907,11.10886825460907,0.1620013995801259,16.200139958012592,32458.225923682618,6671.958631258985,3.5658747300215983,0.6349892008639308,63.498920086393085,0.0280777537796976,2.80777537796976,12148.0,0.518189884649512,emerging growth corridor
309011228,Mermaid Waters,Mermaid Waters,Queensland,Rest of Qld,-28.049810078432877,153.42150282328583,1211.0,249.0,0.1030199914929817,10.30199914929817,0.1608527131782945,16.08527131782945,40264.61890999174,11655.06493296069,4.863453815261044,0.5622489959839357,56.22489959839358,0.0120481927710843,1.20481927710843,14929.5,0.5095079629189446,emerging growth corridor
309011229,Miami,Miami,Queensland,Rest of Qld,-28.068200659723377,153.43585737382335,872.0,221.0,0.1137193531559728,11.37193531559728,0.1928446771378708,19.28446771378708,36240.1743119266,6821.989452771675,3.945701357466063,0.5248868778280543,52.488687782805435,0.0,0.0,14056.0,0.5180518992102294,emerging growth corridor
309021230,Coolangatta,Coolangatta,Queensland,Rest of Qld,-28.16973281645773,153.53370666263902,505.0,96.0,0.0809684143017476,8.09684143017476,0.1138790035587188,11.38790035587188,35911.65049504951,10878.499220398233,5.260416666666667,0.5833333333333334,58.333333333333336,0.03125,3.125,11521.0,0.5037383177570094,lower digital concentration
309021231,Currumbin - Tugun,Currumbin - Tugun,Queensland,Rest of Qld,-28.149535948996444,153.49420118844208,1033.0,236.0,0.0904474214166885,9.04474214166885,0.1691756272401433,16.917562724014328,33616.1490803485,3535.1384858296296,4.377118644067797,0.6313559322033898,63.13559322033898,0.0,0.0,16494.0,0.5150738435249603,emerging growth corridor
309021232,Currumbin Waters,Currumbin Waters,Queensland,Rest of Qld,-28.154202177409875,153.4626738739169,643.0,153.0,0.0837021608956001,8.37021608956001,0.1311053984575835,13.110539845758352,44018.25972006221,10751.803523759168,4.2026143790849675,0.5359477124183006,53.59477124183007,0.0,0.0,18438.5,0.5046429174404863,emerging growth corridor
309021233,Elanora,Elanora,Queensland,Rest of Qld,-28.135819466916015,153.4491834811783,883.0,152.0,0.0869436786136274,8.694367861362739,0.1468599033816425,14.68599033816425,40529.49603624009,8104.603165030952,5.809210526315789,0.5592105263157895,55.92105263157895,0.0197368421052631,1.9736842105263102,15895.5,0.5090196078431373,lower digital concentration
309021234,Palm Beach,Palm Beach,Queensland,Rest of Qld,-28.115968243770368,153.46310821946037,1560.0,296.0,0.1014436207569254,10.14436207569254,0.1622807017543859,16.22807017543859,39750.74423076923,9439.398737207,5.27027027027027,0.5135135135135135,51.35135135135135,0.0101351351351351,1.0135135135135098,16642.5,0.5230460921843687,emerging growth corridor
309031235,Arundel,Arundel,Queensland,Rest of Qld,-27.937626029054762,153.36291187204642,819.0,213.0,0.087979374798582,8.7979374798582,0.1358418367346938,13.58418367346938,33188.87301587302,1995.859588007512,3.845070422535211,0.5774647887323944,57.74647887323944,0.0328638497652582,3.2863849765258197,9271.5,0.4878580776501381,emerging growth corridor
309031236,Biggera Waters,Biggera Waters,Queensland,Rest of Qld,-27.929785712710046,153.39145035819337,797.0,137.0,0.0883984028393966,8.83984028393966,0.1222123104371097,12.22123104371097,26914.741530740277,-285.2122181505838,5.817518248175182,0.6204379562043796,62.04379562043796,0.0,0.0,8972.0,0.524873257287706,emerging growth corridor
309031237,Coombabah,Coombabah,Queensland,Rest of Qld,-27.910676312879335,153.37097087385698,658.0,86.0,0.0898538850198006,8.98538850198006,0.1365079365079365,13.65079365079365,27088.063829787236,-4061.88516652575,7.651162790697675,0.6976744186046512,69.76744186046511,0.0,0.0,12669.0,0.5101214574898786,lower digital concentration
309031238,Labrador,Labrador,Queensland,Rest of Qld,-27.946189772630703,153.3978847057612,1404.0,164.0,0.0837009657803743,8.37009657803743,0.1181556195965417,11.81556195965417,26954.119658119656,1166.7203794741326,8.560975609756097,0.6707317073170732,67.07317073170732,0.0,0.0,8637.0,0.5125978158053143,emerging growth corridor
309031239,Paradise Point - Hollywell,Paradise Point - Hollywell,Queensland,Rest of Qld,-27.88510013973978,153.39532773061487,712.0,236.0,0.1025050388712928,10.250503887129279,0.1499364675984752,14.99364675984752,37531.85112359551,1007.1787222134152,3.016949152542373,0.635593220338983,63.559322033898304,0.0127118644067796,1.27118644067796,16605.0,0.5023457235654998,digitally specialised
309031240,Runaway Bay,Runaway Bay,Queensland,Rest of Qld,-27.91384948033917,153.3977531776591,656.0,169.0,0.0961172161172161,9.61172161172161,0.1440750213128729,14.40750213128729,30391.530487804877,-1928.2246037702137,3.881656804733728,0.6153846153846154,61.53846153846154,0.0,0.0,13735.5,0.5021992732836106,lower digital concentration
309041242,Tamborine - Canungra,Tamborine - Canungra,Queensland,Rest of Qld,-28.095648973506634,153.1493167373657,1175.0,275.0,0.1029167031619514,10.29167031619514,0.1572327044025157,15.723270440251568,33830.78340425532,988.8629785743178,4.2727272727272725,0.610909090909091,61.09090909090909,0.0145454545454545,1.4545454545454501,20027.5,0.5014057093425606,emerging growth corridor
309051243,Currumbin Valley - Tallebudgera,Currumbin Valley - Tallebudgera,Queensland,Rest of Qld,-28.188706639512457,153.37898847161915,677.0,174.0,0.1162032269138345,11.62032269138345,0.1636876763875823,16.36876763875823,38409.25553914328,6266.078144704552,3.8908045977011496,0.6091954022988506,60.91954022988506,0.0,0.0,18453.0,0.5059196617336152,digitally specialised
309051244,Mudgeeraba - Bonogin,Mudgeeraba - Bonogin,Queensland,Rest of Qld,-28.121084438473797,153.3506121656984,1513.0,318.0,0.0964554379701644,9.64554379701644,0.1513564969062351,15.13564969062351,44805.474553866494,10563.8916455406,4.7578616352201255,0.6037735849056604,60.37735849056604,0.0188679245283018,1.8867924528301798,19903.0,0.5048608226007478,emerging growth corridor
309051245,Reedy Creek - Andrews,Reedy Creek - Andrews,Queensland,Rest of Qld,-28.113461704256466,153.40187942007805,696.0,131.0,0.092911493792551,9.2911493792551,0.164572864321608,16.4572864321608,49099.4367816092,12948.932643309903,5.312977099236641,0.6641221374045801,66.41221374045801,0.0229007633587786,2.29007633587786,22093.5,0.5223190467721857,digitally specialised
309061246,Carrara,Carrara,Queensland,Rest of Qld,-28.021493783947083,153.36634867768814,961.0,219.0,0.090031853100993,9.0031853100993,0.1438896189224704,14.38896189224704,40984.93236212279,8628.74400724177,4.3881278538812785,0.634703196347032,63.4703196347032,0.0,0.0,17530.0,0.5091089354318998,lower digital concentration
309061247,Highland Park,Highland Park,Queensland,Rest of Qld,-28.015649690706223,153.3354870420699,552.0,71.0,0.0815964523281596,8.15964523281596,0.1177446102819237,11.77446102819237,37060.64492753623,2624.8310324881895,7.774647887323944,0.7183098591549296,71.83098591549296,0.0,0.0,15300.0,0.4944252210688197,lower digital concentration
309061248,Nerang - Mount Nathan,Nerang - Mount Nathan,Queensland,Rest of Qld,-27.990145281371195,153.3003042027215,1377.0,295.0,0.0786812182161019,7.86812182161019,0.1222038111019055,12.22038111019055,36413.777777777774,4694.382571789545,4.667796610169492,0.5491525423728814,54.91525423728814,0.0169491525423728,1.69491525423728,13454.5,0.4981140789777538,emerging growth corridor
309061249,Pacific Pines - Gaven,Pacific Pines - Gaven,Queensland,Rest of Qld,-27.947220763611863,153.3231589269736,1394.0,178.0,0.0856686332350049,8.56686332350049,0.1210061182868796,12.10061182868796,41222.37804878049,5831.597720609396,7.831460674157303,0.6235955056179775,62.35955056179775,0.0,0.0,16024.5,0.4967624107587581,emerging growth corridor
309061250,Worongary - Tallai,Worongary - Tallai,Queensland,Rest of Qld,-28.053237491204477,153.3315644015349,647.0,186.0,0.0962797619047619,9.62797619047619,0.1541010770505385,15.41010770505385,39643.22256568779,8180.846226402078,3.478494623655914,0.6182795698924731,61.82795698924731,0.0,0.0,15259.0,0.4999035679845708,emerging growth corridor
309071251,Coomera,Coomera,Queensland,Rest of Qld,-27.846912986669977,153.33965743798896,1694.0,249.0,0.0840236099399831,8.402360993998311,0.1445993031358885,14.45993031358885,39502.688016528926,10433.573463679364,6.803212851405623,0.5903614457831325,59.036144578313255,0.0120481927710843,1.20481927710843,18325.0,0.4977861653480438,emerging growth corridor
309071252,Helensvale,Helensvale,Queensland,Rest of Qld,-27.9008746510388,153.33741086687797,1533.0,324.0,0.0930952814720349,9.30952814720349,0.1407471763683753,14.07471763683753,37469.97651663405,3284.15848663466,4.731481481481482,0.5895061728395061,58.95061728395061,0.0277777777777777,2.77777777777777,16966.5,0.4968974526453298,emerging growth corridor
309071253,Hope Island,Hope Island,Queensland,Rest of Qld,-27.840521081851268,153.3971427516927,1310.0,389.0,0.1209044762344254,12.090447623442541,0.1644125105663567,16.441251056635668,40918.44045801526,6099.56929973192,3.367609254498715,0.5809768637532133,58.09768637532133,0.0154241645244215,1.54241645244215,21769.5,0.5031764705882353,emerging growth corridor
309071256,Oxenford - Maudsland,Oxenford - Maudsland,Queensland,Rest of Qld,-27.920557728783443,153.29171696996693,1412.0,178.0,0.0882720680170042,8.82720680170042,0.1143224149004495,11.43224149004495,36912.82790368272,1586.659299031562,7.932584269662922,0.5786516853932584,57.865168539325836,0.0,0.0,19423.0,0.4994489190334887,emerging growth corridor
309071552,Ormeau (East) - Stapylton,Ormeau (East) - Stapylton,Queensland,Rest of Qld,-27.747617243879166,153.25137905300738,718.0,142.0,0.0734376598138488,7.3437659813848795,0.106766917293233,10.6766917293233,39715.49582172702,5511.459000616247,5.056338028169014,0.5070422535211268,50.70422535211267,0.0985915492957746,9.85915492957746,22099.0,0.4884947970101128,lower digital concentration
309071553,Ormeau (West) - Yatala,Ormeau (West) - Yatala,Queensland,Rest of Qld,-27.779224427216963,153.21831934418248,787.0,173.0,0.0737098435890231,7.3709843589023105,0.0966480446927374,9.66480446927374,41518.529860228715,4321.758529330524,4.5491329479768785,0.5317919075144508,53.179190751445084,0.0173410404624277,1.73410404624277,23063.5,0.4856234096692112,lower digital concentration
309071554,Pimpama - North,Pimpama - North,Queensland,Rest of Qld,-27.809102066264842,153.31821378274,814.0,93.0,0.0860465116279069,8.60465116279069,0.1156716417910447,11.56716417910447,33975.92199017199,3108.2399077195587,8.75268817204301,0.6451612903225806,64.51612903225806,0.032258064516129,3.2258064516128995,18041.5,0.4876832401390358,lower digital concentration
309071555,Pimpama - South,Pimpama - South,Queensland,Rest of Qld,-27.829216806863272,153.31332124348197,750.0,51.0,0.0692712662787475,6.92712662787475,0.0905861456483126,9.058614564831261,32113.76,4658.395032788398,14.705882352941176,0.6666666666666666,66.66666666666666,0.0,0.0,16255.0,0.4899547255234861,lower digital concentration
309071556,Upper Coomera (South) - Wongawallan,Upper Coomera (South) - Wongawallan,Queensland,Rest of Qld,-27.875293582215797,153.22590352484528,909.0,143.0,0.0935859157829712,9.35859157829712,0.1415841584158415,14.158415841584148,37242.09680968097,-529.1572827724449,6.356643356643357,0.6013986013986014,60.13986013986013,0.0209790209790209,2.09790209790209,23753.0,0.4917142080956262,lower digital concentration
309071557,Upper Coomera - North,Upper Coomera - North,Queensland,Rest of Qld,-27.865597621149792,153.2920461864567,1455.0,174.0,0.0804045092838196,8.040450928381961,0.116543871399866,11.6543871399866,36164.5237113402,4358.156143921991,8.362068965517242,0.5459770114942529,54.59770114942529,0.0172413793103448,1.72413793103448,19779.0,0.4988672759940629,lower digital concentration
309071558,Willow Vale - Pimpama (West),Willow Vale - Pimpama (West),Queensland,Rest of Qld,-27.834506769389748,153.2519707894923,614.0,72.0,0.0869195922989807,8.691959229898071,0.1224489795918367,12.244897959183671,30452.00977198697,294.61098942751414,8.527777777777779,0.5972222222222222,59.72222222222222,0.0,0.0,18850.5,0.5014332514332515,lower digital concentration
309081259,Clear Island Waters,Clear Island Waters,Queensland,Rest of Qld,-28.041944442875284,153.3973089867883,385.0,108.0,0.1298044504383007,12.98044504383007,0.1664098613251155,16.64098613251155,42950.181818181816,11641.41917489119,3.564814814814815,0.5740740740740741,57.407407407407405,0.0,0.0,13265.0,0.5006369426751592,digitally specialised
309081260,Merrimac,Merrimac,Queensland,Rest of Qld,-28.050834656177507,153.37308658137778,508.0,86.0,0.0815278446477291,8.152784464772909,0.1780538302277432,17.805383022774322,33456.1968503937,1901.6465374423317,5.906976744186046,0.6976744186046512,69.76744186046511,0.0,0.0,15650.5,0.5189284923621873,digitally specialised
309081262,Varsity Lakes,Varsity Lakes,Queensland,Rest of Qld,-28.088869139205556,153.41107040240587,1667.0,364.0,0.1065311860940695,10.65311860940695,0.1833753148614609,18.337531486146087,32188.260047990403,3849.5417772848814,4.579670329670329,0.5384615384615384,53.84615384615385,0.0302197802197802,3.02197802197802,13988.5,0.5212505663797009,emerging growth corridor
309081559,Robina - East,Robina - East,Queensland,Rest of Qld,-28.071038257577452,153.4028660060998,1446.0,377.0,0.1023137338144767,10.23137338144767,0.1990496304118268,19.90496304118268,35105.0622406639,4790.633527722559,3.8355437665782497,0.5464190981432361,54.64190981432361,0.0212201591511936,2.12201591511936,14830.5,0.5083341362366317,digitally specialised
309081560,Robina - West,Robina - West,Queensland,Rest of Qld,-28.070435435947157,153.38105762890504,747.0,212.0,0.097012987012987,9.7012987012987,0.1801189464740866,18.01189464740866,37705.87684069612,6811.728658877935,3.5235849056603774,0.5377358490566038,53.77358490566038,0.0377358490566037,3.7735849056603703,12932.0,0.5401195435609492,digitally specialised
309091263,Ashmore,Ashmore,Queensland,Rest of Qld,-27.988779114466542,153.37638010107304,993.0,196.0,0.0967270601987142,9.67270601987142,0.127190136275146,12.7190136275146,31301.238670694864,1319.181199430495,5.066326530612245,0.6173469387755102,61.73469387755102,0.0,0.0,12558.0,0.5054132558753631,lower digital concentration
309091264,Molendinar,Molendinar,Queensland,Rest of Qld,-27.974009885826828,153.3607131804144,430.0,136.0,0.0704340704340704,7.043407043407041,0.0937284631288766,9.37284631288766,29590.54418604651,2036.7672818696085,3.161764705882353,0.5441176470588235,54.41176470588235,0.0220588235294117,2.20588235294117,9432.0,0.4771151178918169,lower digital concentration
309091265,Parkwood,Parkwood,Queensland,Rest of Qld,-27.95457412602488,153.36296047125657,705.0,94.0,0.085134645574206,8.5134645574206,0.122875816993464,12.2875816993464,36055.03617021276,7796.55090273299,7.5,0.5212765957446809,52.12765957446809,0.0,0.0,12850.0,0.4876814039824502,lower digital concentration
309091540,Southport - North,Southport - North,Queensland,Rest of Qld,-27.965121952421075,153.39637804313156,1482.0,564.0,0.0776810986476569,7.76810986476569,0.1316526610644257,13.16526610644257,22133.563765182185,2042.439931446992,2.627659574468085,0.50177304964539,50.177304964539005,0.0301418439716312,3.01418439716312,9153.0,0.5121951219512195,emerging growth corridor
309091541,Southport - South,Southport - South,Queensland,Rest of Qld,-27.983614502583208,153.40503402310972,1614.0,294.0,0.0842379958246346,8.423799582463461,0.1288343558282208,12.88343558282208,30159.418525402725,8386.133113085398,5.489795918367347,0.6054421768707483,60.544217687074834,0.0136054421768707,1.36054421768707,9256.5,0.5058567993173532,emerging growth corridor
309101267,Benowa,Benowa,Queensland,Rest of Qld,-28.0076837411962,153.38583748769722,781.0,220.0,0.1063453159041394,10.634531590413939,0.145791915175613,14.579191517561298,35679.81690140845,4483.99875053699,3.55,0.6227272727272727,62.272727272727266,0.0136363636363636,1.36363636363636,14025.0,0.5125592833304058,emerging growth corridor
309101268,Bundall,Bundall,Queensland,Rest of Qld,-28.011103603893034,153.40480978748755,488.0,370.0,0.1102824858757062,11.02824858757062,0.1813725490196078,18.13725490196078,35306.082991803276,7113.695195193108,1.318918918918919,0.4567567567567567,45.67567567567567,0.0405405405405405,4.05405405405405,10813.0,0.4890093345377898,emerging growth corridor
309101269,Main Beach,Main Beach,Queensland,Rest of Qld,-27.956935690735676,153.42586559427605,387.0,114.0,0.1227402473834443,12.27402473834443,0.1583333333333333,15.83333333333333,27932.099483204136,2661.6992294775264,3.3947368421052633,0.6140350877192983,61.40350877192983,0.0263157894736842,2.63157894736842,10337.0,0.4967377120487168,digitally specialised
309101561,Surfers Paradise - North,Surfers Paradise - North,Queensland,Rest of Qld,-27.992945235184052,153.4243394642534,1055.0,365.0,0.0786726323639075,7.867263236390749,0.1513266998341625,15.13266998341625,26333.090047393365,7851.694857236765,2.8904109589041096,0.5534246575342465,55.342465753424655,0.0273972602739726,2.73972602739726,7250.0,0.4949918471931051,digitally specialised
309101562,Surfers Paradise - South,Surfers Paradise - South,Queensland,Rest of Qld,-28.009652835051064,153.42251350209918,1318.0,263.0,0.0786959636971578,7.869596369715779,0.1413218699623858,14.13218699623858,27723.996965098635,10770.880921391925,5.011406844106464,0.6045627376425855,60.45627376425855,0.0152091254752851,1.52091254752851,6750.0,0.4921204114371992,lower digital concentration
310011271,Darra - Sumner,Darra - Sumner,Queensland,Greater Brisbane,-27.567591484784398,152.94799865756363,371.0,117.0,0.0890542486797887,8.90542486797887,0.0994897959183673,9.94897959183673,49199.76954177897,15156.627078984922,3.1709401709401708,0.3418803418803419,34.18803418803419,0.0683760683760683,6.83760683760683,13655.0,0.465194109772423,lower digital concentration
310011274,Inala - Richlands,Inala - Richlands,Queensland,Greater Brisbane,-27.591756953429066,152.96290266901977,766.0,99.0,0.0494384923196075,4.94384923196075,0.0816831683168316,8.16831683168316,30104.756527415146,8344.212026317942,7.737373737373737,0.5353535353535354,53.535353535353536,0.0,0.0,11981.5,0.4665010035362706,emerging growth corridor
310011275,Oxley (Qld),Oxley (Qld),Queensland,Greater Brisbane,-27.56161480629061,152.97588276035472,855.0,103.0,0.116389872039205,11.6389872039205,0.1666666666666666,16.66666666666666,64576.26315789474,21396.85729075616,8.300970873786408,0.5631067961165048,56.310679611650485,0.0,0.0,17779.5,0.4883024518061014,digitally specialised
310011563,Doolandella,Doolandella,Queensland,Greater Brisbane,-27.613232316133043,152.98409934108315,501.0,40.0,0.060926669098869,6.0926669098868995,0.071301247771836,7.1301247771836,42049.882235528945,9923.042943299832,12.525,0.675,67.5,0.0,0.0,13638.0,0.4875673795861589,lower digital concentration
310011564,Forest Lake - Ellen Grove,Forest Lake - Ellen Grove,Queensland,Greater Brisbane,-27.619735849981517,152.95897946612334,1577.0,185.0,0.0812425944052341,8.12425944052341,0.1378539493293591,13.78539493293591,53019.32466708941,15946.774077217684,8.524324324324324,0.6216216216216216,62.16216216216216,0.0,0.0,15157.5,0.4982372020871527,lower digital concentration
310021277,Boonah,Boonah,Queensland,Greater Brisbane,-27.994204517585047,152.612551637013,479.0,113.0,0.0522811613184894,5.22811613184894,0.0669034931912374,6.690349319123739,42052.38413361169,7924.581306717999,4.238938053097345,0.5486725663716814,54.86725663716814,0.0265486725663716,2.6548672566371603,18121.0,0.4772341813437704,lower digital concentration
310021280,Lockyer Valley - East,Lockyer Valley - East,Queensland,Greater Brisbane,-27.64334460356882,152.37940179716912,772.0,107.0,0.0472286797993392,4.72286797993392,0.0699803793328973,6.99803793328973,36388.613989637306,3127.2291554270996,7.214953271028038,0.6261682242990654,62.616822429906534,0.0,0.0,19609.0,0.4795269168026101,lower digital concentration
310021281,Lowood,Lowood,Queensland,Greater Brisbane,-27.44148418678975,152.57699864726936,589.0,83.0,0.0551136895293347,5.51136895293347,0.0741733690795353,7.41733690795353,44750.52971137521,9522.555022500876,7.096385542168675,0.5421686746987951,54.21686746987952,0.0,0.0,19546.5,0.4751469147894221,lower digital concentration
310021282,Rosewood,Rosewood,Queensland,Greater Brisbane,-27.681550135131186,152.579271205348,526.0,54.0,0.0517258334152817,5.17258334152817,0.054989816700611,5.4989816700611,47614.536121673,9802.972939452527,9.74074074074074,0.6296296296296297,62.96296296296296,0.0,0.0,19213.0,0.4768024675491582,lower digital concentration
310031286,Ipswich - Central,Ipswich - Central,Queensland,Greater Brisbane,-27.61706021081042,152.75464999451648,346.0,136.0,0.0670153011814836,6.70153011814836,0.1502762430939226,15.027624309392259,48973.55780346821,12446.81414667952,2.5441176470588234,0.4044117647058823,40.44117647058823,0.0294117647058823,2.94117647058823,13944.5,0.47992700729927,digitally specialised
310031287,Ipswich - East,Ipswich - East,Queensland,Greater Brisbane,-27.611757470367753,152.7839837191211,772.0,75.0,0.0559015206372194,5.5901520637219395,0.0942211055276382,9.42211055276382,38736.70272020726,4450.948809997266,10.293333333333331,0.64,64.0,0.0,0.0,13614.0,0.4831991951710261,large-employer / job-heavy hub
310031290,Karana Downs,Karana Downs,Queensland,Greater Brisbane,-27.519636772053914,152.79323370132266,533.0,104.0,0.1072218869442768,10.722188694427679,0.2189473684210526,21.89473684210526,64467.701688555346,19335.756607082803,5.125,0.5384615384615384,53.84615384615385,0.0,0.0,26254.0,0.4845837615621788,digitally specialised
310031293,Raceview,Raceview,Queensland,Greater Brisbane,-27.64371913275896,152.77276440297555,624.0,42.0,0.0511517337486679,5.1151733748667905,0.0766423357664233,7.664233576642331,42268.469551282054,4276.514432009986,14.857142857142858,0.5476190476190477,54.761904761904766,0.0,0.0,21031.0,0.4876919602529359,lower digital concentration
310031294,Ripley,Ripley,Queensland,Greater Brisbane,-27.69950012645396,152.81488346429492,846.0,65.0,0.0572821450335161,5.72821450335161,0.1094276094276094,10.94276094276094,48639.7304964539,8025.8148285007555,13.015384615384615,0.6307692307692307,63.07692307692307,0.0,0.0,20510.5,0.5028727237316194,large-employer / job-heavy hub
310041299,Collingwood Park - Redbank,Collingwood Park - Redbank,Queensland,Greater Brisbane,-27.611914771021784,152.86453739712164,576.0,33.0,0.0517009245130598,5.17009245130598,0.0647058823529411,6.47058823529411,35406.1953125,3365.060405400098,17.454545454545453,0.5454545454545454,54.54545454545454,0.0,0.0,17050.0,0.4763920116386721,lower digital concentration
310041302,Redbank Plains,Redbank Plains,Queensland,Greater Brisbane,-27.651290620840854,152.8504383653082,929.0,81.0,0.0400017223561832,4.00017223561832,0.0883315158124318,8.83315158124318,31253.092572658777,4822.612917991188,11.469135802469136,0.7654320987654321,76.5432098765432,0.0,0.0,17038.5,0.4787082797373231,large-employer / job-heavy hub
310041303,Springfield,Springfield,Queensland,Greater Brisbane,-27.65253437388094,152.91015539997383,545.0,47.0,0.0756524153248195,7.56524153248195,0.1335227272727272,13.352272727272721,63236.508256880734,23471.786574482063,11.595744680851064,0.6595744680851063,65.95744680851064,0.0,0.0,21185.0,0.4974629195940671,lower digital concentration
310041304,Springfield Lakes,Springfield Lakes,Queensland,Greater Brisbane,-27.685352673058965,152.9050357996052,2036.0,204.0,0.0869936762946504,8.699367629465039,0.1350993377483443,13.50993377483443,56065.34945972495,16493.067691651115,9.980392156862743,0.5,50.0,0.0147058823529411,1.47058823529411,20957.5,0.4971428571428572,large-employer / job-heavy hub
310041565,Augustine Heights - Brookwater,Augustine Heights - Brookwater,Queensland,Greater Brisbane,-27.661493358579737,152.88749273600564,741.0,131.0,0.0905757242390905,9.057572423909049,0.1550295857988165,15.502958579881652,63801.44129554656,16700.82890097377,5.656488549618321,0.5954198473282443,59.541984732824424,0.0,0.0,28031.5,0.4976890062726972,digitally specialised
310041566,Bellbird Park,Bellbird Park,Queensland,Greater Brisbane,-27.636726000528903,152.88663535223426,587.0,51.0,0.0674480064345628,6.744800643456279,0.1101511879049676,11.01511879049676,50749.880749574106,17395.216955480115,11.509803921568627,0.7647058823529411,76.47058823529412,0.0588235294117647,5.88235294117647,15966.0,0.4787502099781622,lower digital concentration
311011305,Beaudesert,Beaudesert,Queensland,Greater Brisbane,-28.137559272783225,152.91935997280655,659.0,78.0,0.0638689668540414,6.386896685404141,0.052139037433155,5.2139037433155,27312.405918057662,-5357.771538813824,8.448717948717949,0.4230769230769231,42.30769230769231,0.0,0.0,18744.5,0.4837123540258143,lower digital concentration
311021308,Edens Landing - Holmview,Edens Landing - Holmview,Queensland,Greater Brisbane,-27.710528896315534,153.17002674497468,547.0,51.0,0.0612404836542767,6.1240483654276705,0.1036585365853658,10.36585365853658,36521.34917733089,5109.38903402592,10.72549019607843,0.6274509803921569,62.745098039215684,0.0,0.0,14528.5,0.4834585264503755,lower digital concentration
311021310,Wolffdene - Bahrs Scrub,Wolffdene - Bahrs Scrub,Queensland,Greater Brisbane,-27.759742898855798,153.17530358433734,650.0,72.0,0.0716174526223005,7.16174526223005,0.1152,11.52,40109.907692307694,2664.5529655558203,9.02777777777778,0.5555555555555556,55.55555555555556,0.0,0.0,20003.5,0.4956348598560269,lower digital concentration
311031311,Boronia Heights - Park Ridge,Boronia Heights - Park Ridge,Queensland,Greater Brisbane,-27.70506086918259,153.04085458082042,993.0,79.0,0.0526176345909283,5.261763459092831,0.0567528735632183,5.67528735632183,34393.0996978852,5844.020797927587,12.569620253164556,0.6455696202531646,64.55696202531645,0.0,0.0,12090.0,0.4786664627618902,large-employer / job-heavy hub
311031313,Chambers Flat - Logan Reserve,Chambers Flat - Logan Reserve,Queensland,Greater Brisbane,-27.736732503515462,153.08886219733625,512.0,44.0,0.0504881175426486,5.04881175426486,0.0646108663729809,6.46108663729809,40243.57421875,11154.270895606323,11.636363636363637,0.6590909090909091,65.9090909090909,0.0681818181818181,6.8181818181818095,13501.5,0.4741105004339022,lower digital concentration
311031319,Regents Park - Heritage Park,Regents Park - Heritage Park,Queensland,Greater Brisbane,-27.67961561952844,153.051068583633,676.0,48.0,0.0499003469402819,4.99003469402819,0.0549828178694158,5.49828178694158,46775.47337278107,10529.302523146463,14.083333333333334,0.7291666666666666,72.91666666666666,0.0,0.0,16803.0,0.4773139745916515,lower digital concentration
311041568,Flagstone (West) - New Beith,Flagstone (West) - New Beith,Queensland,Greater Brisbane,-27.790203327211444,152.8861586554921,616.0,64.0,0.0673003386867693,6.730033868676929,0.0950965824665676,9.50965824665676,56480.5,12343.528187479518,9.625,0.65625,65.625,0.0,0.0,26266.0,0.4834747002047382,lower digital concentration
311041569,Greenbank - North Maclean,Greenbank - North Maclean,Queensland,Greater Brisbane,-27.744681961866085,152.97829003206286,508.0,56.0,0.0647959183673469,6.47959183673469,0.081513828238719,8.1513828238719,41092.61417322834,3920.7741859834423,9.071428571428571,0.5714285714285714,57.14285714285714,0.0535714285714285,5.35714285714285,18268.0,0.4821766833132426,lower digital concentration
311041570,Jimboomba - Glenlogan,Jimboomba - Glenlogan,Queensland,Greater Brisbane,-27.8668993772887,153.03522351839229,917.0,130.0,0.0619762097864287,6.1976209786428695,0.0827498408656906,8.27498408656906,40719.37840785169,310.5603489168425,7.053846153846154,0.6692307692307692,66.92307692307692,0.0,0.0,24450.5,0.47602023020579,lower digital concentration
311041571,Yarrabilba,Yarrabilba,Queensland,Greater Brisbane,-27.825218175169205,153.1380359005885,533.0,32.0,0.0537298387096774,5.37298387096774,0.0767386091127098,7.67386091127098,32813.074108818015,5119.392253979306,16.65625,0.5625,56.25,0.0,0.0,21401.5,0.4920804142552543,lower digital concentration
311051324,Cornubia - Carbrook,Cornubia - Carbrook,Queensland,Greater Brisbane,-27.668701384602258,153.23891256659547,644.0,153.0,0.0878101990728115,8.78101990728115,0.1522388059701492,15.223880597014919,52760.50155279503,11660.126723234083,4.209150326797386,0.5816993464052288,58.16993464052288,0.0196078431372549,1.9607843137254901,18451.0,0.4883761580143331,digitally specialised
311051325,Loganholme - Tanah Merah,Loganholme - Tanah Merah,Queensland,Greater Brisbane,-27.68015865822628,153.1817715800664,694.0,160.0,0.0688697032847077,6.88697032847077,0.1075991930060524,10.75991930060524,46633.06195965418,7779.108203575983,4.3375,0.425,42.5,0.04375,4.375,16012.5,0.4894039735099337,lower digital concentration
311051327,Shailer Park,Shailer Park,Queensland,Greater Brisbane,-27.649758334066398,153.17755744149122,901.0,171.0,0.0882900538951494,8.82900538951494,0.154891304347826,15.4891304347826,54273.01775804661,11317.362540016236,5.269005847953216,0.5263157894736842,52.63157894736842,0.0175438596491228,1.75438596491228,19089.0,0.4885750962772786,digitally specialised
311061332,Rochedale South - Priestdale,Rochedale South - Priestdale,Queensland,Greater Brisbane,-27.603579400377043,153.14841407962612,1002.0,127.0,0.0809239218219996,8.09239218219996,0.1266201395812562,12.66201395812562,54211.658682634734,14027.298118913204,7.889763779527559,0.6535433070866141,65.35433070866141,0.0,0.0,16728.0,0.4961888630107982,lower digital concentration
311061334,Springwood,Springwood,Queensland,Greater Brisbane,-27.62040504594721,153.1383264087074,645.0,203.0,0.0814188336278717,8.14188336278717,0.1567567567567567,15.67567567567567,50965.88372093023,12571.65985069544,3.1773399014778323,0.4137931034482758,41.37931034482758,0.0147783251231527,1.47783251231527,14131.0,0.4936687489447915,digitally specialised
311061335,Underwood,Underwood,Queensland,Greater Brisbane,-27.60885103895861,153.11131411939513,495.0,147.0,0.0891731219600072,8.91731219600072,0.0866745283018868,8.66745283018868,50017.93939393939,15382.587024996858,3.36734693877551,0.4761904761904761,47.61904761904761,0.0,0.0,14957.0,0.4761448093982258,lower digital concentration
312011337,Bowen,Bowen,Queensland,Rest of Qld,-20.017565183603377,148.23033883295207,669.0,62.0,0.0680916030534351,6.809160305343511,0.0888252148997134,8.88252148997134,19084.617339312408,-9814.90128664179,10.790322580645162,0.5806451612903226,58.06451612903226,0.0483870967741935,4.83870967741935,20108.0,0.4776627218934911,lower digital concentration
312021342,Andergrove - Beaconsfield,Andergrove - Beaconsfield,Queensland,Rest of Qld,-21.093976081042477,149.17997707927472,900.0,58.0,0.0625086817613557,6.25086817613557,0.0796703296703296,7.967032967032959,40762.415555555555,-684.2703035915474,15.517241379310343,0.5862068965517241,58.620689655172406,0.0,0.0,40732.0,0.4808480848084808,large-employer / job-heavy hub
312021344,Eimeo - Rural View,Eimeo - Rural View,Queensland,Rest of Qld,-21.059855731524756,149.1691399165336,841.0,105.0,0.0637749298551603,6.37749298551603,0.130272952853598,13.0272952853598,46447.945897740785,988.6794990147682,8.00952380952381,0.4952380952380952,49.52380952380952,0.0285714285714285,2.85714285714285,50774.5,0.4827888620916465,lower digital concentration
312021346,Mackay,Mackay,Queensland,Rest of Qld,-21.143168274597045,149.18227370993878,284.0,157.0,0.0613258475491254,6.13258475491254,0.1266129032258064,12.66129032258064,27039.288732394365,-4439.421049510191,1.8089171974522291,0.3312101910828025,33.12101910828025,0.0955414012738853,9.55414012738853,17923.0,0.4296774193548387,lower digital concentration
312021348,Mount Pleasant - Glenella,Mount Pleasant - Glenella,Queensland,Rest of Qld,-21.106019215098794,149.12810291590748,725.0,96.0,0.0597839531623649,5.97839531623649,0.0968718466195761,9.687184661957609,42945.11724137931,267.1178598339975,7.552083333333333,0.4791666666666667,47.91666666666667,0.0416666666666666,4.16666666666666,14788.0,0.4234972677595628,lower digital concentration
312021352,Sarina,Sarina,Queensland,Rest of Qld,-21.552837244948282,149.21596187102753,538.0,59.0,0.0516017648187224,5.16017648187224,0.0547309833024118,5.47309833024118,38132.59572490706,-8780.11825936303,9.11864406779661,0.4406779661016949,44.06779661016949,0.0,0.0,47146.5,0.4483947996816131,lower digital concentration
312021357,Walkerston - Eton,Walkerston - Eton,Queensland,Rest of Qld,-21.274315569789746,149.05685161889048,517.0,44.0,0.0713398647716296,7.13398647716296,0.0451745379876796,4.51745379876796,44578.53384912959,-1798.8581061622535,11.75,0.4090909090909091,40.909090909090914,0.0681818181818181,6.8181818181818095,43269.5,0.4574487388858646,lower digital concentration
312031359,Airlie - Whitsundays,Airlie - Whitsundays,Queensland,Rest of Qld,-20.24178564085731,148.87610694823942,791.0,175.0,0.0467825881239649,4.67825881239649,0.0937834941050375,9.37834941050375,25082.47345132743,2432.8808028769963,4.52,0.5542857142857143,55.42857142857143,0.0171428571428571,1.71428571428571,17796.5,0.4838195291248476,emerging growth corridor
313011362,Beachmere - Sandstone Point,Beachmere - Sandstone Point,Queensland,Greater Brisbane,-27.062971267859925,153.06343860476917,623.0,88.0,0.0583606557377049,5.83606557377049,0.098876404494382,9.8876404494382,39436.98154093098,5682.154983553934,7.079545454545454,0.5795454545454546,57.95454545454546,0.034090909090909,3.4090909090909,18634.0,0.482321708700374,lower digital concentration
313011363,Bribie Island,Bribie Island,Queensland,Greater Brisbane,-26.98852471940229,153.13571737050043,738.0,150.0,0.070453460620525,7.0453460620525,0.1344086021505376,13.44086021505376,39543.48577235772,8617.83937617634,4.92,0.4866666666666667,48.66666666666667,0.0,0.0,15680.0,0.5037620924399857,lower digital concentration
313021366,Caboolture - South,Caboolture - South,Queensland,Greater Brisbane,-27.10248002008342,152.93553606725092,915.0,100.0,0.0469688414352445,4.69688414352445,0.1021450459652706,10.21450459652706,32488.27431693989,6597.104151137311,9.15,0.54,54.0,0.0,0.0,14908.0,0.4983180428134556,lower digital concentration
313021572,Caboolture - East,Caboolture - East,Queensland,Greater Brisbane,-27.06635303296734,152.99380663585262,658.0,65.0,0.0435617345249917,4.35617345249917,0.0673575129533678,6.7357512953367795,36841.90957446808,10502.754460267486,10.123076923076924,0.5230769230769231,52.307692307692314,0.0,0.0,14385.5,0.4871548157413644,lower digital concentration
313021573,Caboolture - West,Caboolture - West,Queensland,Greater Brisbane,-27.05696930074472,152.92618842100373,513.0,88.0,0.0512897420515896,5.12897420515896,0.1156373193166885,11.56373193166885,36296.26023391813,6259.276130738766,5.829545454545454,0.5454545454545454,54.54545454545454,0.0,0.0,17175.5,0.4847758669297998,lower digital concentration
313041372,Burpengary,Burpengary,Queensland,Greater Brisbane,-27.158461405284466,152.958260703947,793.0,97.0,0.0572521839578369,5.72521839578369,0.1001031991744066,10.010319917440661,45197.852459016394,9988.170125610864,8.175257731958762,0.5051546391752577,50.51546391752577,0.0,0.0,19577.0,0.4891110671154227,lower digital concentration
313041373,Deception Bay,Deception Bay,Queensland,Greater Brisbane,-27.17827892715281,153.0098019895809,819.0,93.0,0.0479395926012643,4.79395926012643,0.0793515358361774,7.9351535836177405,40890.7271062271,10882.478920790436,8.806451612903226,0.6451612903225806,64.51612903225806,0.032258064516129,3.2258064516128995,14297.5,0.4847908745247148,lower digital concentration
313041375,Narangba,Narangba,Queensland,Greater Brisbane,-27.185568536073276,152.92381284998206,1301.0,144.0,0.0696877176067277,6.96877176067277,0.1119751166407465,11.19751166407465,56128.938508839354,16587.134957497554,9.03472222222222,0.5694444444444444,56.94444444444444,0.0208333333333333,2.08333333333333,24568.0,0.4924214688438164,emerging growth corridor
313051378,Margate - Woody Point,Margate - Woody Point,Queensland,Greater Brisbane,-27.247966050737364,153.10271178892881,649.0,110.0,0.0725301743406347,7.25301743406347,0.1580459770114942,15.80459770114942,45451.20647149461,9409.05934364481,5.9,0.6545454545454545,65.45454545454545,0.0272727272727272,2.72727272727272,15800.0,0.5086982603479304,digitally specialised
313051380,Rothwell - Kippa-Ring,Rothwell - Kippa-Ring,Queensland,Greater Brisbane,-27.216067243862813,153.06473695220393,728.0,83.0,0.057472171784953,5.7472171784953,0.0970760233918128,9.70760233918128,43151.81181318681,10400.032110021104,8.771084337349398,0.5662650602409639,56.62650602409639,0.036144578313253,3.6144578313252995,15961.5,0.4966230936819172,lower digital concentration
313051575,Scarborough - Newport,Scarborough - Newport,Queensland,Greater Brisbane,-27.20748779974417,153.09775417580346,1068.0,228.0,0.0882790543891552,8.82790543891552,0.1829855537720706,18.29855537720706,58828.13483146067,17853.55514886851,4.684210526315789,0.5789473684210527,57.89473684210527,0.0,0.0,21737.0,0.5010822510822511,digitally specialised
314011382,Albany Creek,Albany Creek,Queensland,Greater Brisbane,-27.354405479642743,152.96899362872622,1327.0,195.0,0.0964459626426339,9.64459626426339,0.1679586563307493,16.79586563307493,63304.98869630746,18693.539354058754,6.805128205128205,0.5487179487179488,54.871794871794876,0.0256410256410256,2.56410256410256,25698.0,0.5011054503508603,digitally specialised
314011383,Cashmere,Cashmere,Queensland,Greater Brisbane,-27.298337843122344,152.92128312048342,1482.0,213.0,0.0877858073687951,8.77858073687951,0.1563876651982378,15.638766519823779,58082.69905533063,14425.321138022256,6.957746478873239,0.5492957746478874,54.929577464788736,0.0,0.0,23286.0,0.4969820490710982,emerging growth corridor
314011384,Dayboro,Dayboro,Queensland,Greater Brisbane,-27.218853249858473,152.81345548796142,737.0,153.0,0.1039785553047404,10.39785553047404,0.1479690522243713,14.796905222437129,58925.14111261872,15071.042071986669,4.816993464052287,0.5359477124183006,53.59477124183007,0.0196078431372549,1.9607843137254901,25135.5,0.486595409146662,digitally specialised
314011385,Eatons Hill,Eatons Hill,Queensland,Greater Brisbane,-27.339978237130236,152.93699215002493,654.0,119.0,0.0974374255065554,9.74374255065554,0.1882911392405063,18.82911392405063,64486.63608562691,16986.049002790198,5.495798319327731,0.5630252100840336,56.30252100840336,0.0,0.0,28368.0,0.4990313831848121,digitally specialised
314011386,The Hills District,The Hills District,Queensland,Greater Brisbane,-27.38111404688955,152.94132858109435,2322.0,322.0,0.1136508247271303,11.36508247271303,0.1923536439665472,19.23536439665472,72123.87855297158,24636.29688785485,7.211180124223603,0.5745341614906833,57.453416149068325,0.015527950310559,1.5527950310559,23756.0,0.4993230610534459,major digital hub
314011387,Samford Valley,Samford Valley,Queensland,Greater Brisbane,-27.357233290226507,152.83801364113046,1303.0,356.0,0.1398518836535365,13.98518836535365,0.2496493688639551,24.96493688639551,76832.84113584037,27800.61783434847,3.6601123595505616,0.5337078651685393,53.37078651685393,0.0084269662921348,0.84269662921348,29459.0,0.4925078864353312,high-income specialist
314021389,Murrumba Downs - Griffin,Murrumba Downs - Griffin,Queensland,Greater Brisbane,-27.270325471364774,153.03137158474743,1559.0,175.0,0.0711125302194042,7.11125302194042,0.1318764129615674,13.187641296156741,49058.097177678,11170.792018712527,8.90857142857143,0.68,68.0,0.0171428571428571,1.71428571428571,19026.5,0.5024943310657597,emerging growth corridor
314021577,Kallangur,Kallangur,Queensland,Greater Brisbane,-27.247900393730863,152.9923798029834,1150.0,105.0,0.0618678717452119,6.186787174521189,0.1133909287257019,11.339092872570191,45673.67478260869,12731.58410582797,10.952380952380953,0.6190476190476191,61.904761904761905,0.0,0.0,16869.5,0.4953650501800352,large-employer / job-heavy hub
314021578,Mango Hill,Mango Hill,Queensland,Greater Brisbane,-27.2423058720155,153.04559250587752,1246.0,115.0,0.085706424542578,8.5706424542578,0.1324884792626728,13.24884792626728,60627.02808988764,23837.434129232803,10.834782608695653,0.5478260869565217,54.78260869565217,0.0260869565217391,2.60869565217391,21949.5,0.5010906206623041,large-employer / job-heavy hub
314021579,North Lakes,North Lakes,Queensland,Greater Brisbane,-27.222036939562393,153.01402971830194,1629.0,262.0,0.082339264051759,8.2339264051759,0.1382585751978891,13.825857519788908,53566.57090239411,16067.94054452917,6.217557251908397,0.5267175572519084,52.67175572519084,0.015267175572519,1.5267175572519,23518.0,0.4995427365459022,lower digital concentration
314031391,Bray Park,Bray Park,Queensland,Greater Brisbane,-27.292420975702555,152.96775540379198,587.0,36.0,0.0693607467801016,6.93607467801016,0.0939947780678851,9.39947780678851,54316.29982964225,16921.16488931376,16.305555555555557,0.6944444444444444,69.44444444444444,0.0,0.0,16831.0,0.4839449541284403,lower digital concentration
314031393,Petrie,Petrie,Queensland,Greater Brisbane,-27.264866404409954,152.97250380891265,539.0,67.0,0.0748299319727891,7.48299319727891,0.1554524361948956,15.54524361948956,51405.78478664193,12576.641374174906,8.044776119402986,0.6417910447761194,64.17910447761194,0.0,0.0,19969.0,0.4804343755850964,digitally specialised
314031394,Strathpine - Brendale,Strathpine - Brendale,Queensland,Greater Brisbane,-27.31436992251094,152.9832691050798,905.0,204.0,0.074589961262672,7.4589961262672,0.1008403361344537,10.08403361344537,49378.9546961326,15097.896961029985,4.436274509803922,0.4803921568627451,48.03921568627451,0.0637254901960784,6.37254901960784,13811.0,0.4735359699565779,emerging growth corridor
315021405,Mount Isa,Mount Isa,Queensland,Rest of Qld,-20.728908999412017,139.50782664190893,762.0,75.0,0.0437428243398392,4.37428243398392,0.0783699059561128,7.83699059561128,21751.00590551181,-26466.05922077981,10.16,0.4533333333333333,45.33333333333333,0.0666666666666666,6.66666666666666,37518.5,0.4582199125628969,large-employer / job-heavy hub
316011413,Buderim - North,Buderim - North,Queensland,Rest of Qld,-26.676058077989005,153.0435007022406,1173.0,337.0,0.0893782383419689,8.93782383419689,0.1343164607413312,13.43164607413312,44658.69565217391,11380.429765249197,3.4807121661721068,0.5252225519287834,52.52225519287834,0.0118694362017804,1.1869436201780401,20989.0,0.5158581167868788,emerging growth corridor
316011414,Buderim - South,Buderim - South,Queensland,Rest of Qld,-26.705813616126207,153.0503507521926,1330.0,325.0,0.0891361168822465,8.91361168822465,0.1614505712866368,16.14505712866368,44609.07894736842,12726.980361482754,4.092307692307692,0.5230769230769231,52.307692307692314,0.0184615384615384,1.84615384615384,19678.5,0.5167551730452298,emerging growth corridor
316011415,Mountain Creek,Mountain Creek,Queensland,Rest of Qld,-26.702552228494515,153.10140279549663,871.0,156.0,0.0804841988541859,8.048419885418589,0.1645569620253164,16.455696202531637,45884.59471871412,13997.630895021644,5.583333333333333,0.5576923076923077,55.769230769230774,0.0,0.0,18710.0,0.5123344585821864,emerging growth corridor
316011416,Sippy Downs,Sippy Downs,Queensland,Rest of Qld,-26.722524308299416,153.08079873111373,603.0,109.0,0.0580812945482566,5.80812945482566,0.1493150684931506,14.93150684931506,37193.02819237148,10962.136360354523,5.532110091743119,0.5504587155963303,55.04587155963303,0.0,0.0,16529.0,0.5233524355300859,lower digital concentration
316021417,Aroona - Currimundi,Aroona - Currimundi,Queensland,Rest of Qld,-26.773617135128546,153.12029089686618,579.0,104.0,0.0737673588992228,7.37673588992228,0.146067415730337,14.606741573033698,38766.251295336784,4494.666825977627,5.5673076923076925,0.5192307692307693,51.92307692307693,0.0,0.0,17217.0,0.5036079879174358,emerging growth corridor
316021418,Buddina - Minyama,Buddina - Minyama,Queensland,Rest of Qld,-26.69550543871498,153.12806326725234,472.0,126.0,0.0844969566774078,8.44969566774078,0.1117021276595744,11.170212765957439,45644.18644067797,14863.854091949,3.746031746031746,0.5793650793650794,57.936507936507944,0.0317460317460317,3.1746031746031704,17416.0,0.4938592347661785,lower digital concentration
316021419,Caloundra - Kings Beach,Caloundra - Kings Beach,Queensland,Rest of Qld,-26.798815406254295,153.13004189588298,353.0,127.0,0.0667296786389414,6.67296786389414,0.1348195329087048,13.48195329087048,38275.3895184136,9710.448214065773,2.779527559055118,0.4803149606299212,48.03149606299212,0.0,0.0,9911.0,0.5063487950246178,lower digital concentration
316021421,Golden Beach - Pelican Waters,Golden Beach - Pelican Waters,Queensland,Rest of Qld,-26.830122827211802,153.10504469563958,634.0,176.0,0.0743259085580304,7.432590855803039,0.1605839416058394,16.058394160583937,46913.66561514196,13300.98636543504,3.602272727272727,0.6306818181818182,63.06818181818182,0.0,0.0,19340.5,0.5073781487554032,digitally specialised
316021422,Moffat Beach - Battery Hill,Moffat Beach - Battery Hill,Queensland,Rest of Qld,-26.7873239742964,153.13598653620406,534.0,133.0,0.0851403061224489,8.51403061224489,0.1583333333333333,15.83333333333333,42749.65917602996,12019.535929856494,4.015037593984962,0.6466165413533834,64.66165413533834,0.0,0.0,17788.0,0.5159358288770054,digitally specialised
316021423,Parrearra - Warana,Parrearra - Warana,Queensland,Rest of Qld,-26.72231943488902,153.12603745906262,655.0,212.0,0.0798196441628077,7.98196441628077,0.1480446927374301,14.80446927374301,48669.576335877864,15207.805192811817,3.089622641509434,0.5094339622641509,50.943396226415096,0.0235849056603773,2.35849056603773,18311.0,0.5016291951775823,emerging growth corridor
316021424,Wurtulla - Birtinya,Wurtulla - Birtinya,Queensland,Rest of Qld,-26.75020811497343,153.12341493294352,637.0,203.0,0.0676867495484008,6.76867495484008,0.1576086956521739,15.760869565217389,48782.07142857143,16789.46506367928,3.1379310344827585,0.4778325123152709,47.78325123152709,0.0295566502463054,2.95566502463054,15585.0,0.5208395355760643,emerging growth corridor
316021580,Caloundra West - Baringa,Caloundra West - Baringa,Queensland,Rest of Qld,-26.81392447493961,153.06856934194562,1010.0,139.0,0.0612418142129517,6.12418142129517,0.1225749559082892,12.257495590828919,43120.363366336634,10581.66305709579,7.266187050359712,0.4964028776978417,49.640287769784166,0.0215827338129496,2.15827338129496,18182.0,0.5155383396425741,lower digital concentration
316021581,Meridan Plains - Little Mountain (North),Meridan Plains - Little Mountain (North),Queensland,Rest of Qld,-26.76601696786438,153.09048750617626,691.0,116.0,0.0610747746155205,6.10747746155205,0.1177664974619289,11.77664974619289,38952.28075253256,7919.148747936488,5.956896551724138,0.6724137931034483,67.24137931034483,0.0,0.0,18866.0,0.5136369245958287,lower digital concentration
316031425,Coolum Beach,Coolum Beach,Queensland,Rest of Qld,-26.540644316419414,153.08590925567623,1098.0,305.0,0.0850174216027874,8.50174216027874,0.1855231143552311,18.552311435523112,45210.99408014572,13892.931865666433,3.6,0.5934426229508196,59.34426229508196,0.0,0.0,17810.5,0.512306289881495,emerging growth corridor
316031426,Marcoola - Mudjimba,Marcoola - Mudjimba,Queensland,Rest of Qld,-26.611242824391017,153.07704612219436,702.0,168.0,0.0781215223681282,7.812152236812819,0.1320754716981132,13.20754716981132,43474.39316239317,12469.498604191518,4.178571428571429,0.5238095238095238,52.38095238095239,0.0178571428571428,1.78571428571428,15197.0,0.5082421590080234,lower digital concentration
316031427,Maroochydore - Kuluin,Maroochydore - Kuluin,Queensland,Rest of Qld,-26.65446003395595,153.07770915061883,1541.0,548.0,0.0733355541807452,7.3335554180745195,0.1574260270037345,15.742602700373451,39526.85593770279,12521.162224287287,2.812043795620438,0.5109489051094891,51.09489051094891,0.0273722627737226,2.73722627737226,12857.0,0.514878892733564,emerging growth corridor
316031428,Mooloolaba - Alexandra Headland,Mooloolaba - Alexandra Headland,Queensland,Rest of Qld,-26.680168361132623,153.1112115629384,928.0,313.0,0.0809773123909249,8.09773123909249,0.1441068139963167,14.41068139963167,35901.707435344826,9463.211536566463,2.9648562300319488,0.4920127795527156,49.201277955271564,0.0191693290734824,1.91693290734824,11901.0,0.5024950099800398,lower digital concentration
316051434,Noosa Heads,Noosa Heads,Queensland,Rest of Qld,-26.39809259732738,153.09286706465798,358.0,220.0,0.0870622568093385,8.70622568093385,0.1764234161988773,17.64234161988773,44073.35195530726,22247.044562311152,1.6272727272727272,0.5363636363636364,53.63636363636364,0.0,0.0,13250.5,0.513351134846462,emerging growth corridor
316051435,Noosaville,Noosaville,Queensland,Rest of Qld,-26.422857801631984,153.06061552920391,507.0,246.0,0.0765629719118091,7.65629719118091,0.1317621853240492,13.17621853240492,47355.13412228797,22845.0379277848,2.0609756097560976,0.532520325203252,53.2520325203252,0.0121951219512195,1.21951219512195,14526.5,0.5106973058637084,emerging growth corridor
316051437,Sunshine Beach,Sunshine Beach,Queensland,Rest of Qld,-26.418635815874158,153.10181532784776,504.0,165.0,0.0796082767335334,7.96082767335334,0.1701030927835051,17.010309278350512,46681.455357142855,23640.185020703113,3.0545454545454547,0.6303030303030303,63.030303030303024,0.0,0.0,16014.0,0.5045336787564767,digitally specialised
316051438,Tewantin,Tewantin,Queensland,Rest of Qld,-26.393670528896667,153.01615236077333,500.0,125.0,0.0671231037723184,6.712310377231839,0.1500600240096038,15.00600240096038,33567.548,6598.266821318299,4.0,0.56,56.00000000000001,0.0,0.0,14184.0,0.511173675875418,digitally specialised
316051543,Peregian Beach - Marcus Beach,Peregian Beach - Marcus Beach,Queensland,Rest of Qld,-26.465936000700776,153.08995189714605,349.0,125.0,0.1024061032863849,10.24061032863849,0.1896813353566009,18.96813353566009,52412.60171919771,24198.20163116954,2.792,0.536,53.6,0.0,0.0,12878.5,0.4979515828677839,digitally specialised
316051544,Peregian Springs,Peregian Springs,Queensland,Rest of Qld,-26.493998620934416,153.07180315780232,694.0,174.0,0.0843461351482741,8.43461351482741,0.2002301495972382,20.02301495972382,53807.46541786743,22707.379795601995,3.9885057471264367,0.5919540229885057,59.195402298850574,0.0,0.0,21554.0,0.5187399030694669,emerging growth corridor
316061440,Caloundra Hinterland,Caloundra Hinterland,Queensland,Rest of Qld,-26.737300720888324,152.7632015850576,484.0,156.0,0.089150856511328,8.915085651132799,0.1439114391143911,14.39114391143911,40212.48140495868,13666.086765061827,3.102564102564102,0.5897435897435898,58.97435897435898,0.0,0.0,17361.0,0.5061466723187792,lower digital concentration
316061442,Landsborough,Landsborough,Queensland,Rest of Qld,-26.784020955887318,152.9923822782476,1052.0,180.0,0.068324998376307,6.832499837630699,0.1243953006219765,12.43953006219765,42639.304182509506,9194.23429876592,5.844444444444444,0.5666666666666667,56.666666666666664,0.0,0.0,19855.0,0.4999118787451533,emerging growth corridor
316061444,Palmwoods,Palmwoods,Queensland,Rest of Qld,-26.70289378105001,152.9421464570353,677.0,173.0,0.0728583727938011,7.28583727938011,0.133384734001542,13.3384734001542,47825.82127031019,14204.937337895208,3.913294797687861,0.6069364161849711,60.69364161849711,0.0173410404624277,1.73410404624277,16600.0,0.4987263708271886,lower digital concentration
316071545,Bli Bli,Bli Bli,Queensland,Rest of Qld,-26.597721995755382,153.01571234218505,568.0,115.0,0.0681627265090603,6.81627265090603,0.1397326852976913,13.97326852976913,44427.80457746479,9934.083228610834,4.939130434782609,0.6869565217391305,68.69565217391305,0.0,0.0,21088.5,0.5078764965343415,lower digital concentration
316071547,Eumundi - Yandina,Eumundi - Yandina,Queensland,Rest of Qld,-26.51513441835492,152.9800945145703,804.0,255.0,0.080730997088061,8.073099708806101,0.1263001485884101,12.63001485884101,44192.83457711443,12579.4158603758,3.152941176470588,0.5411764705882353,54.11764705882353,0.0117647058823529,1.17647058823529,16103.0,0.4824324324324324,emerging growth corridor
316071548,Nambour,Nambour,Queensland,Rest of Qld,-26.63303593313526,152.95044743632317,1105.0,216.0,0.0601819073035237,6.01819073035237,0.1292639138240574,12.926391382405741,41890.46153846154,11140.349534758036,5.1157407407407405,0.5648148148148148,56.481481481481474,0.0185185185185185,1.85185185185185,13586.5,0.5015101289134438,emerging growth corridor
316081549,Noosa Hinterland,Noosa Hinterland,Queensland,Rest of Qld,-26.320975131177033,152.93716452632188,1349.0,401.0,0.0767349260523321,7.673492605233211,0.141147483280535,14.1147483280535,36404.52631578947,8080.131804981738,3.3640897755610975,0.6159600997506235,61.59600997506235,0.0074812967581047,0.74812967581047,13431.0,0.4939642684693385,emerging growth corridor
317011446,Darling Heights,Darling Heights,Queensland,Rest of Qld,-27.605237843754363,151.9338145304392,539.0,58.0,0.0407530621503099,4.075306215030991,0.0754226267880364,7.542262678803641,30259.148423005565,3428.970667070287,9.29310344827586,0.7413793103448276,74.13793103448276,0.0,0.0,9592.0,0.4909154847028484,lower digital concentration
317011450,Highfields,Highfields,Queensland,Rest of Qld,-27.423233528175054,151.9635040419609,937.0,162.0,0.0785810130828581,7.85810130828581,0.1225416036308623,12.25416036308623,36775.867662753466,-3602.9903127581056,5.783950617283951,0.5308641975308642,53.086419753086425,0.0,0.0,25049.5,0.4919293684324559,emerging growth corridor
317011451,Lockyer Valley - West,Lockyer Valley - West,Queensland,Rest of Qld,-27.644598145039648,152.1697792286621,567.0,95.0,0.0564797290566789,5.647972905667889,0.0706845238095238,7.06845238095238,38169.641975308645,4455.292189473403,5.968421052631579,0.5894736842105263,58.94736842105262,0.0,0.0,15831.5,0.4683479811488982,lower digital concentration
317011456,Toowoomba - Central,Toowoomba - Central,Queensland,Rest of Qld,-27.57487531648182,151.9549510641751,634.0,267.0,0.0539942088230284,5.39942088230284,0.1167468299081766,11.67468299081766,40627.79179810725,7488.889098396809,2.3745318352059925,0.3820224719101123,38.20224719101123,0.0674157303370786,6.741573033707859,12903.5,0.5034872534872535,lower digital concentration
317011457,Toowoomba - East,Toowoomba - East,Queensland,Rest of Qld,-27.550120228392302,151.98043679531978,686.0,188.0,0.0823035392921415,8.23035392921415,0.1412471825694966,14.12471825694966,47695.95335276968,11041.777527934646,3.648936170212766,0.5638297872340425,56.38297872340425,0.0212765957446808,2.1276595744680797,16439.0,0.5076002587322122,lower digital concentration
317011458,Toowoomba - West,Toowoomba - West,Queensland,Rest of Qld,-27.565406754041845,151.84498986149296,755.0,81.0,0.0536984352773826,5.36984352773826,0.0530799475753604,5.30799475753604,37200.807947019865,-4.503646152254078,9.320987654320987,0.5432098765432098,54.32098765432099,0.0,0.0,20198.5,0.4968845811492434,lower digital concentration
318021468,Annandale (Qld),Annandale (Qld),Queensland,Rest of Qld,-19.32494144188258,146.79127987214164,523.0,59.0,0.0743954480796586,7.43954480796586,0.1362586605080831,13.62586605080831,48937.24282982792,5547.498021862062,8.864406779661017,0.6101694915254238,61.016949152542374,0.0,0.0,26188.0,0.4859669357939254,lower digital concentration
318021475,Garbutt - West End,Garbutt - West End,Queensland,Rest of Qld,-19.25814782194611,146.77094793477366,402.0,100.0,0.0686475409836065,6.86475409836065,0.091324200913242,9.1324200913242,37582.164179104475,3967.6296845689576,4.02,0.42,42.0,0.04,4.0,15807.0,0.4800295857988165,lower digital concentration
318021482,Kirwan - West,Kirwan - West,Queensland,Rest of Qld,-19.304109657730987,146.72068102320145,721.0,85.0,0.0524668898268083,5.24668898268083,0.130568356374808,13.056835637480798,34713.455617198335,-3617.132215722638,8.48235294117647,0.5764705882352941,57.647058823529406,0.0,0.0,20147.5,0.504375579120766,lower digital concentration
318021484,Mount Louisa,Mount Louisa,Queensland,Rest of Qld,-19.256411159637054,146.72752979086428,514.0,80.0,0.0546517809675704,5.4651780967570405,0.1028277634961439,10.282776349614391,48279.88326848249,6671.309371619114,6.425,0.5875,58.75,0.0375,3.75,22582.0,0.4913432835820895,lower digital concentration
318021490,Townsville City - North Ward,Townsville City - North Ward,Queensland,Rest of Qld,-19.254119310921617,146.80803537447488,701.0,258.0,0.0754899849235408,7.548998492354079,0.1714285714285714,17.14285714285714,47817.64051355207,12032.1029839376,2.7170542635658914,0.4728682170542636,47.286821705426355,0.0503875968992248,5.03875968992248,19045.0,0.4838963079340141,digitally specialised
318021582,Burdell - Mount Low,Burdell - Mount Low,Queensland,Rest of Qld,-19.219363901675486,146.6783987235938,1027.0,96.0,0.0570175438596491,5.70175438596491,0.1271523178807947,12.71523178807947,44759.192307692305,414.9451113787363,10.697916666666666,0.53125,53.125,0.03125,3.125,29585.0,0.4939353627044369,large-employer / job-heavy hub
319011493,Bargara - Burnett Heads,Bargara - Burnett Heads,Queensland,Rest of Qld,-24.85047154536406,152.42851277512221,744.0,117.0,0.0579981290926099,5.79981290926099,0.0917647058823529,9.17647058823529,35943.69892473118,-310.5928588671959,6.358974358974359,0.6153846153846154,61.53846153846154,0.0,0.0,15781.5,0.4983094669848846,lower digital concentration
319011495,Bundaberg,Bundaberg,Queensland,Rest of Qld,-24.871287360098854,152.34860632428914,302.0,101.0,0.045121769012401,4.5121769012401005,0.098922624877571,9.892262487757101,18794.683774834437,1894.794562224248,2.99009900990099,0.4059405940594059,40.59405940594059,0.0495049504950495,4.9504950495049505,2401.0,0.4684248729736269,lower digital concentration
319031514,Gympie Surrounds,Gympie Surrounds,Queensland,Rest of Qld,-26.246097431626378,152.62066488472942,786.0,142.0,0.0538356164383561,5.38356164383561,0.0634778721502011,6.3477872150201105,29933.88486005089,-299.6163728258216,5.535211267605634,0.5845070422535211,58.45070422535211,0.0,0.0,16330.0,0.4793374877008855,lower digital concentration
319041518,Pialba - Eli Waters,Pialba - Eli Waters,Queensland,Rest of Qld,-25.285723908817342,152.81815813639946,395.0,117.0,0.0430095818815331,4.30095818815331,0.0982367758186398,9.82367758186398,32661.572151898738,2009.6351418813135,3.376068376068376,0.4444444444444444,44.44444444444444,0.0512820512820512,5.12820512820512,11949.0,0.5187634795111431,lower digital concentration
401011001,Adelaide,Adelaide,South Australia,Greater Adelaide,-34.92854508770926,138.60065351755338,2806.0,2314.0,0.1218622426821853,12.186224268218531,0.2124300009180207,21.24300009180207,44769.25374198147,24036.752069958537,1.212618841832325,0.4662921348314606,46.62921348314606,0.0674157303370786,6.741573033707859,10075.5,0.4833963282937365,major digital hub
401011002,North Adelaide,North Adelaide,South Australia,Greater Adelaide,-34.90842599198939,138.59534725317164,693.0,239.0,0.1264137176213061,12.64137176213061,0.1420927467300832,14.20927467300832,55399.9494949495,21978.786780611663,2.899581589958159,0.5355648535564853,53.55648535564853,0.0334728033472803,3.3472803347280298,13999.0,0.4962962962962963,digitally specialised
401021004,Aldgate - Stirling,Aldgate - Stirling,South Australia,Greater Adelaide,-35.03486633521327,138.72553417557998,1632.0,400.0,0.1210862145718949,12.108621457189491,0.2124269782262347,21.24269782262347,62316.5625,20067.820290473363,4.08,0.6575,65.75,0.0075,0.75,24435.5,0.5015775798069785,small-business / consultant-heavy
401021006,Lobethal - Woodside,Lobethal - Woodside,South Australia,Greater Adelaide,-34.94877862913277,138.86968637589166,467.0,118.0,0.0676223573704025,6.76223573704025,0.1162561576354679,11.62561576354679,51116.167023554604,11284.95669919897,3.957627118644068,0.6864406779661016,68.64406779661016,0.0,0.0,21320.0,0.4861995753715499,lower digital concentration
401021007,Mount Barker,Mount Barker,South Australia,Greater Adelaide,-35.0690479190118,138.86373997158387,1398.0,191.0,0.0748674556846784,7.48674556846784,0.1218889597957881,12.18889597957881,52213.075107296136,13836.5495356151,7.319371727748691,0.5235602094240838,52.35602094240838,0.0,0.0,18176.0,0.5046855033366463,emerging growth corridor
401021010,Uraidla - Summertown,Uraidla - Summertown,South Australia,Greater Adelaide,-34.92347239043106,138.7432967310384,533.0,90.0,0.1160967109562187,11.60967109562187,0.1408450704225352,14.084507042253518,56761.433395872424,15442.968137758726,5.9222222222222225,0.6666666666666666,66.66666666666666,0.0,0.0,20597.0,0.4973965469991778,digitally specialised
401031011,Burnside - Wattle Park,Burnside - Wattle Park,South Australia,Greater Adelaide,-34.92587471594848,138.67202539422954,1841.0,355.0,0.1275107355589416,12.75107355589416,0.1672950047125353,16.72950047125353,61161.161596958176,21692.046691846663,5.185915492957746,0.6873239436619718,68.73239436619718,0.0,0.0,18920.0,0.5072619688004303,major digital hub
401031012,Beaumont - Glen Osmond,Beaumont - Glen Osmond,South Australia,Greater Adelaide,-34.95849900578346,138.6585796933162,971.0,242.0,0.1302481556002682,13.02481556002682,0.1847328244274809,18.47328244274809,57929.84088568486,18795.499772338117,4.012396694214876,0.6611570247933884,66.11570247933885,0.012396694214876,1.2396694214876,20863.0,0.4921983356449376,small-business / consultant-heavy
401031013,Toorak Gardens,Toorak Gardens,South Australia,Greater Adelaide,-34.937362497993895,138.64117679236347,1588.0,538.0,0.1290112925501665,12.901129255016649,0.1530583214793741,15.305832147937409,57743.22701511335,20404.008760177938,2.9516728624535316,0.5446096654275093,54.46096654275093,0.0315985130111524,3.15985130111524,19309.0,0.5106360235168359,emerging growth corridor
401041014,Athelstone,Athelstone,South Australia,Greater Adelaide,-34.87147564928527,138.70541366576438,796.0,96.0,0.1049163042045604,10.49163042045604,0.1352112676056338,13.521126760563378,56097.75125628141,16294.327768736926,8.291666666666666,0.7291666666666666,72.91666666666666,0.0,0.0,14150.5,0.4957425068119891,digitally specialised
401041015,Paradise - Newton,Paradise - Newton,South Australia,Greater Adelaide,-34.87752094124822,138.6718836747278,1553.0,181.0,0.0871394905173381,8.71394905173381,0.1011738401341531,10.117384013415311,52859.48358016742,18586.58129647311,8.58011049723757,0.6906077348066298,69.06077348066299,0.0276243093922651,2.76243093922651,11711.0,0.4924576467857972,emerging growth corridor
401041016,Rostrevor - Magill,Rostrevor - Magill,South Australia,Greater Adelaide,-34.89844720750868,138.67938217287988,1919.0,245.0,0.0995900150500804,9.95900150500804,0.1303885045236828,13.038850452368282,56354.81552892131,20349.5467811918,7.83265306122449,0.6612244897959184,66.12244897959184,0.0122448979591836,1.22448979591836,11656.0,0.5031561228783841,emerging growth corridor
401051017,Norwood (SA),Norwood (SA),South Australia,Greater Adelaide,-34.922872417316555,138.6340266416646,1197.0,592.0,0.1285576200193319,12.85576200193319,0.1753554502369668,17.53554502369668,57899.43483709273,21988.85358910648,2.0219594594594597,0.5067567567567568,50.67567567567568,0.0320945945945945,3.2094594594594503,9475.0,0.4944054900790691,emerging growth corridor
401051018,Payneham - Felixstow,Payneham - Felixstow,South Australia,Greater Adelaide,-34.90023195687638,138.64813746068745,1164.0,184.0,0.1093882153932901,10.93882153932901,0.1168253968253968,11.68253968253968,51727.66237113402,16030.593204702294,6.326086956521739,0.5271739130434783,52.71739130434783,0.0326086956521739,3.26086956521739,11163.0,0.5073841017079749,emerging growth corridor
401051019,St Peters - Marden,St Peters - Marden,South Australia,Greater Adelaide,-34.903997673411055,138.62783032491285,1332.0,329.0,0.12,12.0,0.159476490547746,15.947649054774601,57897.02702702703,18984.20882882883,4.048632218844984,0.5683890577507599,56.838905775075986,0.0091185410334346,0.91185410334346,14220.0,0.4969392752203722,digitally specialised
401061020,Nailsworth - Broadview,Nailsworth - Broadview,South Australia,Greater Adelaide,-34.88394380766493,138.6103306346365,559.0,78.0,0.0986064561651084,9.860645616510839,0.1397849462365591,13.97849462365591,57894.855992844365,19282.62305934639,7.166666666666667,0.6282051282051282,62.82051282051282,0.0,0.0,7620.5,0.5056042884990254,lower digital concentration
401061021,Prospect,Prospect,South Australia,Greater Adelaide,-34.88399963206612,138.59270305086798,1420.0,215.0,0.1009526517844447,10.09526517844447,0.1327980234712785,13.27980234712785,53063.589788732395,14451.320664603292,6.604651162790698,0.627906976744186,62.7906976744186,0.0,0.0,10065.0,0.4872827261121477,emerging growth corridor
401061022,Walkerville,Walkerville,South Australia,Greater Adelaide,-34.892772323449755,138.61711736558462,712.0,146.0,0.1186468921846359,11.864689218463589,0.141747572815534,14.174757281553399,52826.45505617977,14351.965304471729,4.876712328767123,0.6301369863013698,63.013698630136986,0.0,0.0,18973.0,0.5073384446878423,digitally specialised
401071023,Goodwood - Millswood,Goodwood - Millswood,South Australia,Greater Adelaide,-34.95577144880439,138.5894230016576,1756.0,439.0,0.1178839957035445,11.78839957035445,0.1793300653594771,17.933006535947708,57871.19476082004,18728.493800830787,4.0,0.6104783599088838,61.04783599088838,0.0273348519362186,2.73348519362186,13623.0,0.512302204335498,digitally specialised
401071024,Unley - Parkside,Unley - Parkside,South Australia,Greater Adelaide,-34.95377791610835,138.6189137623757,2109.0,610.0,0.1303138902619871,13.031389026198708,0.1820895522388059,18.20895522388059,61948.81104789,22452.541800485153,3.457377049180328,0.5491803278688525,54.91803278688525,0.0245901639344262,2.45901639344262,18894.5,0.5151767151767151,major digital hub
402011026,Gawler - South,Gawler - South,South Australia,Greater Adelaide,-34.6104005844302,138.7616061094327,895.0,120.0,0.053857263208569,5.3857263208569,0.0991735537190082,9.91735537190082,42644.34748603352,4568.049074672344,7.458333333333333,0.5666666666666667,56.666666666666664,0.025,2.5,19002.0,0.4932266497662996,lower digital concentration
402021028,Craigmore - Blakeview,Craigmore - Blakeview,South Australia,Greater Adelaide,-34.68590779140633,138.7098820788588,694.0,39.0,0.0450942170240415,4.50942170240415,0.064891846921797,6.4891846921797,48539.74639769452,10240.039737525578,17.794871794871796,0.6923076923076923,69.23076923076923,0.0769230769230769,7.69230769230769,18282.5,0.4750521557719054,lower digital concentration
402021029,Davoren Park,Davoren Park,South Australia,Greater Adelaide,-34.68743284598762,138.66649347251047,517.0,27.0,0.0375154197808577,3.7515419780857697,0.0462328767123287,4.6232876712328705,28063.328820116058,-410.572638413807,19.14814814814815,0.7037037037037037,70.37037037037037,0.0,0.0,14587.5,0.4634146341463415,lower digital concentration
402021032,Munno Para West - Angle Vale,Munno Para West - Angle Vale,South Australia,Greater Adelaide,-34.65015605886902,138.6501255108474,687.0,42.0,0.0451024159663865,4.51024159663865,0.0556291390728476,5.562913907284759,43860.5269286754,7196.569142435903,16.357142857142858,0.6428571428571429,64.28571428571429,0.0,0.0,18616.0,0.4897473452947638,emerging growth corridor
402031036,Enfield - Blair Athol,Enfield - Blair Athol,South Australia,Greater Adelaide,-34.854278956849356,138.60000952364513,1661.0,172.0,0.0748400468595115,7.48400468595115,0.0608634111818825,6.08634111818825,44599.48826008428,15976.13570984548,9.656976744186046,0.6511627906976745,65.11627906976744,0.0290697674418604,2.9069767441860397,6584.0,0.4384034795957528,large-employer / job-heavy hub
402031038,Windsor Gardens,Windsor Gardens,South Australia,Greater Adelaide,-34.87088201355938,138.64074904753804,1804.0,215.0,0.0877047984831542,8.77047984831542,0.1007969995311767,10.07969995311767,52990.64966740576,20091.11903878988,8.390697674418604,0.6139534883720931,61.395348837209305,0.0,0.0,10216.0,0.487136347704171,emerging growth corridor
402031175,Northgate - Northfield,Northgate - Northfield,South Australia,Greater Adelaide,-34.852873895436346,138.63252494880757,1359.0,149.0,0.0873617896631524,8.73617896631524,0.1155934833204034,11.55934833204034,55423.946284032376,18791.187991412167,9.120805369127517,0.697986577181208,69.79865771812081,0.0201342281879194,2.01342281879194,9612.0,0.492262011876912,lower digital concentration
402031176,Valley View - Gilles Plains,Valley View - Gilles Plains,South Australia,Greater Adelaide,-34.84372192631869,138.66010770153363,607.0,50.0,0.0696820112501434,6.968201125014339,0.0659630606860158,6.596306068601581,48975.302306425045,15850.635333632024,12.14,0.76,76.0,0.0,0.0,10464.0,0.4651612903225806,lower digital concentration
402041040,Ingle Farm,Ingle Farm,South Australia,Greater Adelaide,-34.83016402348926,138.6470154182105,762.0,56.0,0.0634682658670664,6.34682658670664,0.0695652173913043,6.956521739130429,43597.36089238845,9653.369138265516,13.607142857142858,0.6964285714285714,69.64285714285714,0.0,0.0,11349.0,0.4531054131054131,large-employer / job-heavy hub
402041041,Para Hills,Para Hills,South Australia,Greater Adelaide,-34.80391762960811,138.65836583644264,745.0,73.0,0.0615244859195639,6.15244859195639,0.0719921104536489,7.19921104536489,45008.803355704695,11590.324001505338,10.205479452054794,0.6164383561643836,61.64383561643836,0.0,0.0,12346.5,0.4636597074913475,lower digital concentration
402041043,Parafield Gardens,Parafield Gardens,South Australia,Greater Adelaide,-34.782526394340465,138.61078015395447,762.0,62.0,0.0546158256880734,5.46158256880734,0.0562613430127041,5.62613430127041,35299.149606299216,5714.264822755638,12.290322580645162,0.5483870967741935,54.83870967741935,0.0483870967741935,4.83870967741935,10755.0,0.4499702793738854,large-employer / job-heavy hub
402041044,Paralowie,Paralowie,South Australia,Greater Adelaide,-34.757860292418314,138.60412435732175,602.0,39.0,0.0445496928883297,4.45496928883297,0.0558739255014326,5.58739255014326,42416.73089700997,7923.840310167667,15.435897435897436,0.7948717948717948,79.48717948717949,0.0,0.0,12699.5,0.4568513119533527,lower digital concentration
402041046,Salisbury,Salisbury,South Australia,Greater Adelaide,-34.77111681526692,138.63891741768316,593.0,58.0,0.0462738977760436,4.6273897776043595,0.053953488372093,5.3953488372093,30767.33136593592,1942.7892278165273,10.224137931034482,0.4655172413793103,46.551724137931025,0.0,0.0,11006.5,0.4393195943735689,lower digital concentration
402041047,Salisbury East,Salisbury East,South Australia,Greater Adelaide,-34.77161666928042,138.67646117113398,772.0,69.0,0.0575432319618366,5.75432319618366,0.0697674418604651,6.97674418604651,44121.41126943005,8964.046443848652,11.18840579710145,0.6376811594202898,63.76811594202898,0.0,0.0,13291.0,0.4653857581459839,large-employer / job-heavy hub
402041048,Salisbury North,Salisbury North,South Australia,Greater Adelaide,-34.72654064116713,138.62540289114278,571.0,38.0,0.0444323398957279,4.44323398957279,0.0434285714285714,4.34285714285714,34363.00262697023,291.32606483498967,15.026315789473683,0.7368421052631579,73.68421052631578,0.0,0.0,14993.0,0.4517909204498125,lower digital concentration
402041171,Mawson Lakes - Globe Derby Park,Mawson Lakes - Globe Derby Park,South Australia,Greater Adelaide,-34.80204750848907,138.60400259933002,1105.0,148.0,0.0833082026537997,8.330820265379971,0.1102831594634873,11.02831594634873,52560.50588235294,16595.238391399987,7.466216216216216,0.5405405405405406,54.054054054054056,0.0202702702702702,2.0270270270270196,13778.5,0.4817930153321976,emerging growth corridor
402051049,Golden Grove,Golden Grove,South Australia,Greater Adelaide,-34.76872407323387,138.7390628167218,663.0,79.0,0.0878262021459796,8.78262021459796,0.1242138364779874,12.42138364779874,59253.9592760181,15556.57392696524,8.39240506329114,0.7341772151898734,73.41772151898735,0.0,0.0,21888.0,0.5032181571815718,lower digital concentration
402051051,Highbury - Dernancourt,Highbury - Dernancourt,South Australia,Greater Adelaide,-34.854351721331554,138.7153850714689,764.0,98.0,0.0894613583138173,8.94613583138173,0.137062937062937,13.706293706293701,53045.14921465969,12730.034928945402,7.795918367346939,0.7653061224489796,76.53061224489795,0.0,0.0,17627.0,0.494273934951901,lower digital concentration
402051052,Hope Valley - Modbury,Hope Valley - Modbury,South Australia,Greater Adelaide,-34.842816948287236,138.68822632099088,1047.0,122.0,0.0762230634828188,7.622306348281881,0.0916604057099924,9.16604057099924,47808.58834765998,14068.524027625032,8.581967213114755,0.6229508196721312,62.295081967213115,0.0,0.0,11043.5,0.4692973625931145,emerging growth corridor
402051053,Modbury Heights,Modbury Heights,South Australia,Greater Adelaide,-34.80948347796599,138.68489662691542,1113.0,104.0,0.073509015256588,7.3509015256587995,0.1144114411441144,11.44114411441144,53374.8679245283,13325.54287994736,10.701923076923077,0.6346153846153846,63.46153846153846,0.0,0.0,15981.0,0.4913203577064702,large-employer / job-heavy hub
402051054,Redwood Park,Redwood Park,South Australia,Greater Adelaide,-34.80308825993158,138.73040704951492,891.0,74.0,0.072233481961897,7.2233481961897,0.0892641737032569,8.92641737032569,58472.53086419753,15682.327540322374,12.04054054054054,0.7297297297297297,72.97297297297297,0.0,0.0,20834.5,0.4865257048092869,large-employer / job-heavy hub
402051055,St Agnes - Ridgehaven,St Agnes - Ridgehaven,South Australia,Greater Adelaide,-34.82719145600202,138.7247370192797,783.0,82.0,0.0807632800412583,8.076328004125829,0.1002444987775061,10.02444987775061,53834.547254150704,12864.409709024352,9.548780487804878,0.5365853658536586,53.65853658536586,0.0365853658536585,3.65853658536585,17451.5,0.4899229000405789,large-employer / job-heavy hub
403011056,Brighton (SA),Brighton (SA),South Australia,Greater Adelaide,-35.018544002980754,138.52250620571235,968.0,195.0,0.0901135728914541,9.01135728914541,0.1737967914438502,17.379679144385022,61140.03409090909,19287.220275977044,4.964102564102564,0.6051282051282051,60.51282051282051,0.0,0.0,18152.0,0.5132550538675705,emerging growth corridor
403011057,Glenelg (SA),Glenelg (SA),South Australia,Greater Adelaide,-34.983564498535564,138.51953631465082,1478.0,371.0,0.0922251341569948,9.222513415699481,0.1587505348737697,15.87505348737697,56879.05074424898,18709.240186405477,3.983827493261455,0.6819407008086253,68.19407008086253,0.0080862533692722,0.8086253369272199,14949.5,0.5112826105192517,emerging growth corridor
403021058,Edwardstown,Edwardstown,South Australia,Greater Adelaide,-34.977969950507244,138.56517252822732,1116.0,138.0,0.0831099195710455,8.31099195710455,0.1112903225806451,11.12903225806451,53409.068100358425,18836.638587400423,8.08695652173913,0.5579710144927537,55.79710144927537,0.0434782608695652,4.347826086956521,8908.0,0.4954460660594755,lower digital concentration
403021059,Hallett Cove,Hallett Cove,South Australia,Greater Adelaide,-35.07280870493734,138.5110186846726,790.0,84.0,0.079588958291356,7.958895829135599,0.1263157894736842,12.63157894736842,51965.99746835443,9978.16173391961,9.404761904761903,0.6666666666666666,66.66666666666666,0.0,0.0,18672.0,0.5000653851183471,lower digital concentration
403021060,Marino - Seaview Downs,Marino - Seaview Downs,South Australia,Greater Adelaide,-35.04430354217549,138.53501565832954,625.0,100.0,0.083012352238013,8.3012352238013,0.151285930408472,15.1285930408472,59375.0368,20064.62280079692,6.25,0.63,63.0,0.0,0.0,15753.5,0.4979166666666667,digitally specialised
403021061,Mitchell Park,Mitchell Park,South Australia,Greater Adelaide,-35.0084815996791,138.56126412549304,1032.0,128.0,0.0705158865732832,7.0515886573283195,0.130346232179226,13.0346232179226,53288.8367248062,20847.68165135215,8.0625,0.6484375,64.84375,0.0234375,2.34375,9946.5,0.4985331310065756,emerging growth corridor
403021062,Morphettville,Morphettville,South Australia,Greater Adelaide,-34.98456306446174,138.54350174622522,1122.0,109.0,0.0806729939603106,8.067299396031059,0.119648737650933,11.9648737650933,55284.80392156863,17684.72727503426,10.293577981651376,0.6055045871559633,60.550458715596335,0.0,0.0,13949.0,0.5142451586738315,large-employer / job-heavy hub
403021063,Sheidow Park - Trott Park,Sheidow Park - Trott Park,South Australia,Greater Adelaide,-35.072466407854115,138.53825207680723,590.0,49.0,0.0726243229935992,7.2624322993599195,0.1027253668763102,10.272536687631021,57618.68305084746,14114.65615522954,12.040816326530612,0.5918367346938775,59.183673469387756,0.0,0.0,18156.0,0.4977784830212631,lower digital concentration
403021064,Warradale,Warradale,South Australia,Greater Adelaide,-35.0125412717932,138.54053179079557,982.0,95.0,0.073497492702642,7.3497492702641996,0.1199494949494949,11.99494949494949,52226.17362525458,14266.074680564816,10.336842105263155,0.7157894736842105,71.57894736842105,0.0,0.0,10665.5,0.5276424486337641,large-employer / job-heavy hub
403031066,Bellevue Heights,Bellevue Heights,South Australia,Greater Adelaide,-35.02452044342419,138.58606193408895,509.0,82.0,0.0813358900607222,8.13358900607222,0.1715481171548117,17.15481171548117,53708.00392927309,22600.65949015516,6.2073170731707314,0.6951219512195121,69.51219512195121,0.0,0.0,15264.5,0.5076370170709793,digitally specialised
403031067,Blackwood,Blackwood,South Australia,Greater Adelaide,-35.02752065104798,138.62736010384185,1074.0,178.0,0.1096813725490196,10.968137254901961,0.200902934537246,20.090293453724602,70066.00791433892,22959.213745629764,6.033707865168539,0.6460674157303371,64.60674157303372,0.0,0.0,23059.0,0.5036026762738034,high-income specialist
403031068,Colonel Light Gardens,Colonel Light Gardens,South Australia,Greater Adelaide,-34.97930690259697,138.58698355346942,1355.0,208.0,0.1039190121941866,10.39190121941866,0.1484653818700927,14.84653818700927,62575.29151291513,21586.706997231413,6.514423076923077,0.6201923076923077,62.019230769230774,0.0,0.0,18247.0,0.5084956485702445,emerging growth corridor
403031069,Mitcham (SA),Mitcham (SA),South Australia,Greater Adelaide,-34.97804286038495,138.61967079144003,1503.0,319.0,0.1204230430253986,12.04230430253986,0.2122421823020625,21.224218230206247,60921.834331337326,21369.720398158897,4.7115987460815045,0.677115987460815,67.7115987460815,0.0,0.0,22193.0,0.5140275296837239,small-business / consultant-heavy
403031070,Panorama,Panorama,South Australia,Greater Adelaide,-35.002592874743385,138.58847999824124,566.0,99.0,0.0840261282660332,8.40261282660332,0.1428571428571428,14.28571428571428,49218.20848056537,12226.903700280338,5.717171717171717,0.6262626262626263,62.62626262626263,0.0303030303030303,3.03030303030303,11922.0,0.49580004097521,lower digital concentration
403041071,Aberfoyle Park,Aberfoyle Park,South Australia,Greater Adelaide,-35.07782318161621,138.6135187270454,684.0,79.0,0.0756720876203119,7.56720876203119,0.1395759717314487,13.95759717314487,57411.88596491228,16432.68068777986,8.658227848101266,0.7215189873417721,72.15189873417721,0.0,0.0,17601.5,0.4979169659531676,lower digital concentration
403041072,Aldinga,Aldinga,South Australia,Greater Adelaide,-35.28927117769355,138.46835746379173,630.0,110.0,0.0555751587861679,5.55751587861679,0.1323706377858002,13.23706377858002,38478.26666666667,5749.542425311694,5.7272727272727275,0.6363636363636364,63.63636363636363,0.0,0.0,17599.0,0.5060268364794178,lower digital concentration
403041077,Flagstaff Hill,Flagstaff Hill,South Australia,Greater Adelaide,-35.04770712760003,138.58181636320936,671.0,97.0,0.0799856955537012,7.99856955537012,0.152276295133438,15.2276295133438,54878.72578241431,13122.299033099727,6.917525773195877,0.6494845360824743,64.94845360824742,0.0,0.0,19099.0,0.4971724787935909,digitally specialised
403041080,Happy Valley,Happy Valley,South Australia,Greater Adelaide,-35.08684716727724,138.5811214362811,756.0,67.0,0.0739581295245548,7.39581295245548,0.1063492063492063,10.634920634920631,53698.002645502645,12136.828364540015,11.28358208955224,0.6567164179104478,65.67164179104478,0.0,0.0,16446.0,0.5009435149075355,lower digital concentration
403041084,Morphett Vale - East,Morphett Vale - East,South Australia,Greater Adelaide,-35.12004786567862,138.5356878695591,554.0,65.0,0.0552067762830094,5.52067762830094,0.1009316770186335,10.093167701863349,44651.05776173285,7968.815708917704,8.523076923076923,0.4615384615384615,46.15384615384615,0.0461538461538461,4.61538461538461,12000.5,0.4817215452424164,lower digital concentration
403041089,Woodcroft,Woodcroft,South Australia,Greater Adelaide,-35.10859010531713,138.56912784236494,519.0,41.0,0.0601042269832078,6.01042269832078,0.0893246187363834,8.932461873638339,45915.901734104045,4881.34846253485,12.658536585365852,0.8048780487804879,80.48780487804879,0.0,0.0,18084.0,0.5026209375468025,lower digital concentration
403041177,Seaford - Seaford Meadows,Seaford - Seaford Meadows,South Australia,Greater Adelaide,-35.17450429998422,138.48346183032572,639.0,54.0,0.0599831033511686,5.99831033511686,0.0773638968481375,7.7363896848137506,49722.765258215964,11972.867482941394,11.833333333333334,0.7962962962962963,79.62962962962963,0.0,0.0,18649.5,0.5044554455445543,lower digital concentration
404011090,Beverley,Beverley,South Australia,Greater Adelaide,-34.889848670776495,138.53709888119582,631.0,72.0,0.0779397233201581,7.79397233201581,0.081081081081081,8.1081081081081,51741.47622820919,14492.168483643974,8.76388888888889,0.5555555555555556,55.55555555555556,0.0,0.0,12059.0,0.4921157511696413,lower digital concentration
404011091,Flinders Park,Flinders Park,South Australia,Greater Adelaide,-34.90668170686842,138.53445571191864,1062.0,140.0,0.0769788344447666,7.697883444476659,0.1058201058201058,10.58201058201058,50441.77589453861,13800.147161572531,7.585714285714285,0.6214285714285714,62.142857142857146,0.0214285714285714,2.14285714285714,11077.5,0.49416924150304,emerging growth corridor
404011092,Henley Beach,Henley Beach,South Australia,Greater Adelaide,-34.917882156205515,138.50530414628628,1151.0,165.0,0.0937678207739307,9.37678207739307,0.1270207852193995,12.70207852193995,55541.17723718505,16147.954222928434,6.975757575757576,0.6181818181818182,61.81818181818181,0.0,0.0,16696.0,0.5045664553561835,lower digital concentration
404011093,Hindmarsh - Brompton,Hindmarsh - Brompton,South Australia,Greater Adelaide,-34.897742464429484,138.56650913981773,1680.0,231.0,0.099009900990099,9.900990099009901,0.1198132780082987,11.98132780082987,54890.48363095238,16951.521172206507,7.272727272727272,0.5714285714285714,57.14285714285714,0.0346320346320346,3.4632034632034596,8813.0,0.4937965260545905,emerging growth corridor
404011095,Seaton - Grange,Seaton - Grange,South Australia,Greater Adelaide,-34.894328028951186,138.50634329131495,1044.0,124.0,0.0785375761679079,7.853757616790789,0.1155638397017707,11.55638397017707,51643.96934865901,13514.370311571816,8.419354838709678,0.6854838709677419,68.54838709677419,0.0,0.0,14426.0,0.4955465587044534,lower digital concentration
404011096,West Lakes,West Lakes,South Australia,Greater Adelaide,-34.86879877233562,138.4901469162962,863.0,147.0,0.0829488658208381,8.29488658208381,0.1396011396011396,13.96011396011396,55696.96292004635,13861.044331042123,5.870748299319728,0.7210884353741497,72.10884353741497,0.0,0.0,18296.5,0.4985786676554196,lower digital concentration
404011097,Woodville - Cheltenham,Woodville - Cheltenham,South Australia,Greater Adelaide,-34.86879931848892,138.53857757064995,1217.0,136.0,0.0734637208740794,7.34637208740794,0.083640836408364,8.3640836408364,46034.99753492194,11244.837176356205,8.948529411764707,0.6985294117647058,69.85294117647058,0.0220588235294117,2.20588235294117,9532.5,0.487447346251053,emerging growth corridor
404021099,Largs Bay - Semaphore,Largs Bay - Semaphore,South Australia,Greater Adelaide,-34.83622890640538,138.4918570110735,844.0,114.0,0.0698502027642141,6.98502027642141,0.1435768261964735,14.357682619647349,55671.24644549763,12330.45400984423,7.403508771929824,0.6666666666666666,66.66666666666666,0.0263157894736842,2.63157894736842,17005.5,0.5047144250568982,lower digital concentration
404021100,North Haven,North Haven,South Australia,Greater Adelaide,-34.79143956521498,138.49926992789597,684.0,61.0,0.0622270742358078,6.22270742358078,0.1161904761904761,11.61904761904761,46555.5,4804.0065957059705,11.21311475409836,0.5409836065573771,54.09836065573771,0.0,0.0,18481.0,0.4902500299078837,lower digital concentration
404021101,Port Adelaide,Port Adelaide,South Australia,Greater Adelaide,-34.84140478163293,138.51970705157964,588.0,99.0,0.0600612870275791,6.00612870275791,0.0877659574468085,8.77659574468085,47154.166666666664,11172.809159005788,5.9393939393939394,0.494949494949495,49.494949494949495,0.0404040404040404,4.04040404040404,10500.5,0.479005757618312,lower digital concentration
404021102,The Parks,The Parks,South Australia,Greater Adelaide,-34.856374132369915,138.56422334282888,1055.0,133.0,0.0642470007916692,6.42470007916692,0.057700650759219,5.7700650759219,41905.68625592417,14223.327294837756,7.932330827067669,0.5864661654135338,58.64661654135338,0.0300751879699248,3.00751879699248,8125.0,0.4708083181066736,emerging growth corridor
404031106,Lockleys,Lockleys,South Australia,Greater Adelaide,-34.925400861800966,138.53795465404167,967.0,133.0,0.0836649939435888,8.366499394358879,0.1222426470588235,12.22426470588235,51756.43019648397,15948.83498104877,7.2706766917293235,0.6917293233082706,69.17293233082707,0.0,0.0,10678.0,0.4945691527878349,lower digital concentration
404031107,Plympton,Plympton,South Australia,Greater Adelaide,-34.95778270085647,138.55045354018247,2040.0,252.0,0.0809491686837824,8.09491686837824,0.1020242914979757,10.20242914979757,53067.72794117647,20002.501263663675,8.095238095238095,0.6428571428571429,64.28571428571429,0.0357142857142857,3.57142857142857,8509.5,0.4958682564042025,emerging growth corridor
404031108,Richmond (SA),Richmond (SA),South Australia,Greater Adelaide,-34.92786826708369,138.56604352480355,1465.0,303.0,0.0883701290867414,8.83701290867414,0.1155165840640488,11.55165840640488,49140.1890784983,17299.467519806054,4.8349834983498345,0.5214521452145214,52.14521452145215,0.0396039603960396,3.96039603960396,6727.0,0.4887111111111111,emerging growth corridor
406011136,Whyalla,Whyalla,South Australia,Rest of SA,-33.04139019649986,137.53652484109904,526.0,43.0,0.0355477461647631,3.5547746164763097,0.0654490106544901,6.54490106544901,48594.0,3202.1254646212037,12.232558139534884,0.5116279069767442,51.162790697674424,0.0697674418604651,6.97674418604651,40731.0,0.4574660633484163,lower digital concentration
407011148,Victor Harbor,Victor Harbor,South Australia,Rest of SA,-35.541673973233706,138.58099524788184,377.0,125.0,0.0459980478282088,4.59980478282088,0.1199616122840691,11.99616122840691,32649.370026525197,4319.135094851212,3.016,0.664,66.4,0.024,2.4,10365.0,0.5046371264537023,lower digital concentration
501011003,Busselton Surrounds,Busselton Surrounds,Western Australia,Rest of WA,-33.727898362992384,115.34720557750043,741.0,221.0,0.0689302325581395,6.89302325581395,0.1138588356517259,11.38588356517259,35572.53036437247,6360.276876000375,3.3529411764705883,0.579185520361991,57.9185520361991,0.0135746606334841,1.3574660633484101,25154.0,0.4864667154352597,emerging growth corridor
501011004,Margaret River,Margaret River,Western Australia,Rest of WA,-33.9311221336275,115.03256059967988,614.0,175.0,0.0552009349995504,5.52009349995504,0.1327769347496206,13.27769347496206,27153.5993485342,3667.8737349407456,3.5085714285714285,0.68,68.0,0.0171428571428571,1.71428571428571,15886.5,0.4756749872643912,emerging growth corridor
501011294,Busselton - West,Busselton - West,Western Australia,Rest of WA,-33.69009546275334,115.27775159250166,849.0,135.0,0.0524203507038775,5.24203507038775,0.094604064470918,9.4604064470918,23074.38457008245,-8130.962521792088,6.288888888888889,0.6444444444444445,64.44444444444444,0.0222222222222222,2.2222222222222197,24870.5,0.4984995284232187,lower digital concentration
501021005,Australind - Leschenault,Australind - Leschenault,Western Australia,Rest of WA,-33.25766711082895,115.71273865961504,700.0,78.0,0.0422169953561305,4.22169953561305,0.0966542750929368,9.66542750929368,42031.33571428571,-3218.338762525098,8.974358974358974,0.5256410256410257,52.56410256410257,0.0,0.0,53398.5,0.4715265724440036,lower digital concentration
501021253,South Bunbury - Bunbury,South Bunbury - Bunbury,Western Australia,Rest of WA,-33.33854586731643,115.63595083507774,646.0,212.0,0.0615707205489897,6.15707205489897,0.1265671641791045,12.656716417910449,40692.410216718265,2201.0755331498294,3.047169811320755,0.4764150943396226,47.641509433962256,0.0330188679245283,3.30188679245283,29480.5,0.4862516212710765,lower digital concentration
502011024,Halls Head - Erskine,Halls Head - Erskine,Western Australia,Greater Perth,-32.54745205821484,115.697273746003,850.0,139.0,0.058195262221005,5.8195262221004995,0.1331417624521073,13.31417624521073,43077.940588235295,-1061.178951679809,6.115107913669065,0.6187050359712231,61.87050359712231,0.0,0.0,50339.5,0.4828851977608516,lower digital concentration
502011025,Mandurah,Mandurah,Western Australia,Greater Perth,-32.52378721138115,115.73396681756574,410.0,101.0,0.0544199628351473,5.44199628351473,0.1002979145978153,10.02979145978153,34438.829268292684,3252.5622786457498,4.0594059405940595,0.4554455445544554,45.54455445544554,0.0495049504950495,4.9504950495049505,20620.0,0.4754994346023369,lower digital concentration
502011027,Mandurah - North,Mandurah - North,Western Australia,Greater Perth,-32.4816458753891,115.77269548517206,1001.0,84.0,0.0540467577344635,5.40467577344635,0.0962199312714776,9.62199312714776,39693.856643356645,-4826.260574936103,11.916666666666666,0.6309523809523809,63.095238095238095,0.0,0.0,50414.5,0.4808041112454655,large-employer / job-heavy hub
503011030,City Beach,City Beach,Western Australia,Greater Perth,-31.935577420971846,115.76562559849734,773.0,203.0,0.1484540042250816,14.84540042250816,0.1968962172647914,19.68962172647914,52449.51099611902,9286.687201227527,3.8078817733990142,0.6748768472906403,67.48768472906403,0.0147783251231527,1.47783251231527,44793.5,0.476976114257572,small-business / consultant-heavy
503011031,Claremont (WA),Claremont (WA),Western Australia,Greater Perth,-31.981223476424088,115.78218987833979,1016.0,261.0,0.1398870989949056,13.988709899490559,0.1752854264607118,17.52854264607118,60902.370078740154,20449.02008562436,3.89272030651341,0.6551724137931034,65.51724137931035,0.0,0.0,29106.5,0.5114376046122373,digitally specialised
503011032,Cottesloe,Cottesloe,Western Australia,Greater Perth,-31.994241137962483,115.75816702292656,900.0,285.0,0.1407349491790461,14.073494917904611,0.1842275371687136,18.42275371687136,58514.013333333336,13503.05844670316,3.1578947368421053,0.6771929824561403,67.71929824561404,0.0105263157894736,1.0526315789473601,43871.0,0.4922290388548057,small-business / consultant-heavy
503011033,Floreat,Floreat,Western Australia,Greater Perth,-31.938605420169484,115.79212195988742,969.0,241.0,0.1391441700172314,13.91441700172314,0.2552966101694915,25.529661016949152,69927.66460268317,19127.14974053498,4.020746887966805,0.5933609958506224,59.33609958506224,0.0124481327800829,1.24481327800829,47223.5,0.4935766151554645,high-income specialist
503011034,Mosman Park - Peppermint Grove,Mosman Park - Peppermint Grove,Western Australia,Greater Perth,-32.01174034717197,115.76587090631492,1160.0,316.0,0.1236673773987206,12.36673773987206,0.2423312883435582,24.233128834355817,62236.11896551724,26400.55249430189,3.670886075949367,0.6518987341772152,65.18987341772153,0.0,0.0,31525.0,0.5033799008562415,small-business / consultant-heavy
503011035,Nedlands - Dalkeith - Crawley,Nedlands - Dalkeith - Crawley,Western Australia,Greater Perth,-31.9850913354205,115.80570997624557,2045.0,668.0,0.137036788849427,13.703678884942699,0.1883812746756909,18.83812746756909,51205.808312958434,14710.349725543034,3.061377245508982,0.5793413173652695,57.93413173652695,0.0149700598802395,1.49700598802395,28920.5,0.4844613572528767,major digital hub
503011036,Swanbourne - Mount Claremont,Swanbourne - Mount Claremont,Western Australia,Greater Perth,-31.96590518757052,115.77593683184425,1023.0,265.0,0.1391268869849041,13.912688698490411,0.2740434332988624,27.404343329886238,62441.64418377321,11547.26937077172,3.860377358490566,0.660377358490566,66.0377358490566,0.0113207547169811,1.13207547169811,53001.5,0.4840764331210191,small-business / consultant-heavy
503021038,Mount Hawthorn - Leederville,Mount Hawthorn - Leederville,Western Australia,Greater Perth,-31.924435756508483,115.83736269663045,1545.0,409.0,0.1395159833845042,13.951598338450419,0.2394613583138173,23.946135831381728,71340.18964401295,19465.676685732295,3.7775061124694376,0.5427872860635696,54.278728606356964,0.0342298288508557,3.4229828850855704,31664.0,0.5014988758431176,high-income specialist
503021039,Mount Lawley - Inglewood,Mount Lawley - Inglewood,Western Australia,Greater Perth,-31.92448641906514,115.87667529041138,2181.0,422.0,0.1342732253893985,13.427322538939851,0.2209424083769633,22.09424083769633,67429.85006877579,23269.635822638993,5.168246445497631,0.6184834123222749,61.84834123222749,0.0094786729857819,0.94786729857819,23956.0,0.4993957182320442,major digital hub
503021040,North Perth,North Perth,Western Australia,Greater Perth,-31.926962232555457,115.85301263204809,1239.0,285.0,0.1260427263479145,12.60427263479145,0.2332242225859247,23.32242225859247,68665.87288135593,25210.379442902216,4.347368421052631,0.5929824561403508,59.29824561403508,0.0,0.0,14978.0,0.4740484429065744,digitally specialised
503021042,Subiaco - Shenton Park,Subiaco - Shenton Park,Western Australia,Greater Perth,-31.952326684879605,115.81352062119296,2380.0,1138.0,0.1531432983720481,15.31432983720481,0.2329580348004094,23.29580348004094,66934.73382352942,20056.463892379557,2.0913884007029875,0.5017574692442882,50.17574692442882,0.0421792618629174,4.21792618629174,29243.0,0.5028045574057844,major digital hub
503021043,Wembley - West Leederville - Glendalough,Wembley - West Leederville - Glendalough,Western Australia,Greater Perth,-31.932813695963425,115.821730885128,2140.0,494.0,0.1035868144634299,10.35868144634299,0.1993543179983858,19.93543179983858,65355.45,29622.48707827097,4.331983805668016,0.5404858299595142,54.04858299595142,0.0425101214574898,4.25101214574898,18589.0,0.498892876231198,major digital hub
503021295,East Perth,East Perth,Western Australia,Greater Perth,-31.956274665562603,115.87669105525228,1809.0,369.0,0.1159764072316963,11.597640723169631,0.2044321329639889,20.44321329639889,59921.46793808734,25185.962584836925,4.902439024390244,0.5392953929539296,53.929539295392956,0.035230352303523,3.5230352303522996,19888.0,0.457953603976802,major digital hub
503021296,Perth (North) - Highgate,Perth (North) - Highgate,Western Australia,Greater Perth,-31.94187297366668,115.86258203366646,1863.0,500.0,0.1021997915409512,10.21997915409512,0.2243158366980709,22.43158366980709,53079.17659688674,26729.383547350288,3.726,0.478,47.8,0.032,3.2,11895.5,0.4503938484621155,major digital hub
503021297,Perth (West) - Northbridge,Perth (West) - Northbridge,Western Australia,Greater Perth,-31.95182972938716,115.85302986846291,2471.0,2446.0,0.1122314575101058,11.22314575101058,0.2348535765722515,23.48535765722515,55417.91218130312,27998.21274450428,1.0102207686017988,0.4174161896974652,41.74161896974652,0.0809484873262469,8.09484873262469,16550.0,0.4095602294455067,major digital hub
504011044,Bassendean - Eden Hill - Ashfield,Bassendean - Eden Hill - Ashfield,Western Australia,Greater Perth,-31.90383326661047,115.94523112253941,1280.0,205.0,0.093084139335321,9.308413933532101,0.1695616211745244,16.95616211745244,57072.9671875,14151.832397302926,6.2439024390243905,0.624390243902439,62.4390243902439,0.0292682926829268,2.92682926829268,25140.5,0.4895958383353341,digitally specialised
504011045,Bayswater - Embleton - Bedford,Bayswater - Embleton - Bedford,Western Australia,Greater Perth,-31.914201213901293,115.91270593727442,2354.0,370.0,0.1032954495589977,10.32954495589977,0.1532725766362883,15.32725766362883,65624.7145284622,21448.76123959476,6.3621621621621625,0.5891891891891892,58.91891891891892,0.027027027027027,2.7027027027027,22859.5,0.4866454300416564,major digital hub
504011046,Maylands,Maylands,Western Australia,Greater Perth,-31.93692850725731,115.90007413600324,1679.0,215.0,0.10666412553205,10.666412553205,0.2061361457334611,20.61361457334611,59028.93269803454,23611.78521693423,7.809302325581395,0.6604651162790698,66.04651162790698,0.013953488372093,1.3953488372093001,15712.0,0.4883239728052024,small-business / consultant-heavy
504011047,Morley,Morley,Western Australia,Greater Perth,-31.887732958235436,115.90990922781347,1687.0,236.0,0.0795454545454545,7.954545454545451,0.1159135559921414,11.59135559921414,50990.67783046829,17322.300048499223,7.148305084745763,0.538135593220339,53.813559322033896,0.0338983050847457,3.38983050847457,16999.0,0.4716508795669824,emerging growth corridor
504011048,Noranda,Noranda,Western Australia,Greater Perth,-31.87331378462916,115.8990224692528,563.0,74.0,0.0885359333228495,8.85359333228495,0.1278065630397236,12.78065630397236,58530.83481349911,19398.707041836897,7.608108108108108,0.7027027027027027,70.27027027027027,0.0,0.0,20905.0,0.4814661420583971,lower digital concentration
504021050,Glen Forrest - Darlington,Glen Forrest - Darlington,Western Australia,Greater Perth,-31.895728984418497,116.09621764517313,574.0,150.0,0.1017369727047146,10.173697270471461,0.2329192546583851,23.29192546583851,58563.898083623695,9910.863521411717,3.826666666666666,0.6,60.0,0.0,0.0,42660.0,0.485950044603033,digitally specialised
504021053,Mundaring,Mundaring,Western Australia,Greater Perth,-31.885735043801628,116.17351754779209,749.0,145.0,0.0719500480307396,7.195004803073959,0.145582329317269,14.5582329317269,49876.88785046729,1840.032374962968,5.165517241379311,0.6068965517241379,60.689655172413794,0.0206896551724137,2.06896551724137,44831.5,0.4756082798692652,lower digital concentration
504021054,Swan View - Greenmount - Midvale,Swan View - Greenmount - Midvale,Western Australia,Greater Perth,-31.88962056568161,116.0493547581319,693.0,110.0,0.0625112754825906,6.25112754825906,0.1156677181913775,11.56677181913775,46093.73737373737,5897.031257915616,6.3,0.5727272727272728,57.27272727272727,0.0272727272727272,2.72727272727272,26365.5,0.4685436651301857,lower digital concentration
504031056,Ballajura,Ballajura,Western Australia,Greater Perth,-31.82585890199793,115.90071757505947,1071.0,117.0,0.0684126477163845,6.84126477163845,0.1056910569105691,10.56910569105691,49658.33426704015,11685.725292271702,9.153846153846152,0.6068376068376068,60.68376068376068,0.0,0.0,20519.0,0.4660878535201582,lower digital concentration
504031057,Beechboro,Beechboro,Western Australia,Greater Perth,-31.836989780969528,115.95149023962217,1255.0,122.0,0.0634286869503689,6.34286869503689,0.0853146853146853,8.53146853146853,48709.68924302789,12532.490845170818,10.28688524590164,0.7131147540983607,71.31147540983606,0.0,0.0,22602.5,0.4637855425095487,large-employer / job-heavy hub
504031062,Lockridge - Kiara,Lockridge - Kiara,Western Australia,Greater Perth,-31.876639228220096,115.96983051575926,798.0,58.0,0.0707823310271421,7.07823310271421,0.0802213001383125,8.02213001383125,45031.954887218046,4796.171757893935,13.758620689655173,0.6206896551724138,62.06896551724138,0.0,0.0,22958.0,0.4668231805263808,large-employer / job-heavy hub
504031063,Malaga,Malaga,Western Australia,Greater Perth,-31.858714723459705,115.89419221843531,14.0,170.0,0.0818713450292397,8.187134502923971,0.0856854838709677,8.568548387096769,12291.714285714286,-25568.896825396823,0.0823529411764705,0.3352941176470588,33.52941176470588,0.0941176470588235,9.41176470588235,7888.5,0.3108108108108108,lower digital concentration
504031066,Midland - Guildford,Midland - Guildford,Western Australia,Greater Perth,-31.894691908576647,116.00344307445252,630.0,118.0,0.0604896783485357,6.04896783485357,0.1039647577092511,10.39647577092511,44953.305555555555,9990.905267509464,5.338983050847458,0.4491525423728814,44.91525423728814,0.0254237288135593,2.54237288135593,19120.5,0.4600028518465706,lower digital concentration
504031068,The Vines,The Vines,Western Australia,Greater Perth,-31.774093678081652,116.04271865552343,839.0,111.0,0.0727856337295046,7.27856337295046,0.1121212121212121,11.21212121212121,43626.265196662695,-107.56147116067586,7.558558558558558,0.6396396396396397,63.96396396396396,0.027027027027027,2.7027027027027,36070.0,0.4836891340849125,emerging growth corridor
504031298,Aveley,Aveley,Western Australia,Greater Perth,-31.780212274025175,115.98857746275328,1027.0,97.0,0.0642879499217527,6.42879499217527,0.1241997439180537,12.41997439180537,47673.592989289195,5627.603317927693,10.58762886597938,0.6494845360824743,64.94845360824742,0.0309278350515463,3.09278350515463,35949.5,0.4920058139534883,large-employer / job-heavy hub
504031299,Brabham - Henley Brook,Brabham - Henley Brook,Western Australia,Greater Perth,-31.81279569928572,115.98565410360922,860.0,59.0,0.0663785118863846,6.637851188638461,0.0693301997649823,6.93301997649823,50496.50581395349,12241.498558627767,14.576271186440678,0.6440677966101694,64.40677966101694,0.0,0.0,31798.0,0.4702244617498854,large-employer / job-heavy hub
504031300,Ellenbrook,Ellenbrook,Western Australia,Greater Perth,-31.767220737091463,115.96912544035715,987.0,91.0,0.0581169404698816,5.81169404698816,0.0916414904330312,9.16414904330312,40205.51671732523,1464.1600076743998,10.846153846153848,0.6593406593406593,65.93406593406593,0.0329670329670329,3.29670329670329,29696.0,0.4771517864684517,large-employer / job-heavy hub
505011070,Craigie - Beldon,Craigie - Beldon,Western Australia,Greater Perth,-31.783374091261884,115.76769044110324,766.0,77.0,0.0831614374117902,8.31614374117902,0.1216429699842022,12.16429699842022,54295.03133159269,11238.52731465642,9.948051948051948,0.6363636363636364,63.63636363636363,0.0,0.0,31339.0,0.4841549295774648,large-employer / job-heavy hub
505011071,Currambine - Kinross,Currambine - Kinross,Western Australia,Greater Perth,-31.72631665687161,115.74210528611957,1087.0,141.0,0.0873864458557761,8.73864458557761,0.1577181208053691,15.77181208053691,55236.14489420423,10905.78879644718,7.709219858156028,0.6382978723404256,63.829787234042556,0.0,0.0,33649.5,0.4825688073394495,digitally specialised
505011072,Duncraig,Duncraig,Western Australia,Greater Perth,-31.832894190375814,115.77590751036196,1517.0,271.0,0.1216129549462882,12.161295494628819,0.2234130255564715,22.34130255564715,63390.74752801582,15114.96129264625,5.597785977859779,0.6199261992619927,61.99261992619927,0.0,0.0,44504.0,0.4862079733527636,digitally specialised
505011073,Greenwood - Warwick,Greenwood - Warwick,Western Australia,Greater Perth,-31.831769756967258,115.80469311302325,1091.0,148.0,0.096488900680994,9.6488900680994,0.1596548004314994,15.96548004314994,57306.10082493126,12541.53069138567,7.371621621621622,0.6621621621621622,66.21621621621621,0.0,0.0,31063.5,0.4857609710550887,digitally specialised
505011074,Heathridge - Connolly,Heathridge - Connolly,Western Australia,Greater Perth,-31.756977138139728,115.75608780039651,766.0,96.0,0.0840188658549961,8.40188658549961,0.1395348837209302,13.95348837209302,57485.20104438642,13476.43582556444,7.979166666666667,0.5208333333333334,52.083333333333336,0.0,0.0,32247.0,0.4759636206149848,lower digital concentration
505011075,Hillarys,Hillarys,Western Australia,Greater Perth,-31.808893205514522,115.74336559505507,999.0,206.0,0.1113960749330954,11.13960749330954,0.1729638958858102,17.29638958858102,58811.280780780784,11911.871882475702,4.849514563106796,0.6941747572815534,69.41747572815534,0.0,0.0,39525.5,0.4877349017357624,digitally specialised
505011076,Iluka - Burns Beach,Iluka - Burns Beach,Western Australia,Greater Perth,-31.72711704025801,115.7243094479859,918.0,186.0,0.1082419525999292,10.824195259992921,0.2116040955631399,21.16040955631399,65739.88888888889,15325.94088747396,4.935483870967742,0.553763440860215,55.376344086021504,0.0161290322580645,1.6129032258064497,50439.0,0.4884953072963972,emerging growth corridor
505011077,Joondalup - Edgewater,Joondalup - Edgewater,Western Australia,Greater Perth,-31.745894387425125,115.77483953179413,1061.0,204.0,0.0829230168034388,8.292301680343881,0.1363636363636363,13.63636363636363,49596.47690857681,10679.440449022302,5.200980392156863,0.5147058823529411,51.470588235294116,0.0147058823529411,1.47058823529411,24229.0,0.4768327169893409,lower digital concentration
505011078,Kingsley,Kingsley,Western Australia,Greater Perth,-31.81034357961283,115.80077478502443,959.0,160.0,0.0964788732394366,9.64788732394366,0.1911589008363202,19.11589008363202,58662.21897810219,11489.210326190718,5.99375,0.61875,61.875,0.0,0.0,36094.5,0.4974776872332169,digitally specialised
505011079,Mullaloo - Kallaroo,Mullaloo - Kallaroo,Western Australia,Greater Perth,-31.784307709484,115.74330891290435,948.0,193.0,0.0973106138369944,9.731061383699439,0.1910891089108911,19.10891089108911,58398.417721518985,12691.615165575648,4.9119170984455955,0.6476683937823834,64.76683937823834,0.0155440414507772,1.55440414507772,37606.0,0.4891969017529555,small-business / consultant-heavy
505011080,Ocean Reef,Ocean Reef,Western Australia,Greater Perth,-31.758692796849672,115.73602063702555,661.0,127.0,0.0983923786841321,9.83923786841321,0.1713900134952766,17.13900134952766,54112.42360060514,9531.423079616754,5.2047244094488185,0.5118110236220472,51.181102362204726,0.0236220472440944,2.36220472440944,36334.0,0.486183574879227,digitally specialised
505011081,Padbury,Padbury,Western Australia,Greater Perth,-31.806431839446518,115.76881317480243,670.0,76.0,0.0945526390064916,9.455263900649161,0.1484375,14.84375,58107.09776119403,10136.112014651551,8.81578947368421,0.6842105263157895,68.42105263157895,0.0,0.0,35230.0,0.4822787159027649,lower digital concentration
505011082,Sorrento - Marmion,Sorrento - Marmion,Western Australia,Greater Perth,-31.831199223820253,115.75449117266272,906.0,232.0,0.1187729417933927,11.87729417933927,0.2058562555456965,20.58562555456965,61029.66887417219,12285.412188278113,3.905172413793104,0.6508620689655172,65.08620689655173,0.0,0.0,44266.0,0.4923202614379085,small-business / consultant-heavy
505011083,Woodvale,Woodvale,Western Australia,Greater Perth,-31.789263866276393,115.79676995749382,785.0,94.0,0.0970333745364647,9.70333745364647,0.1546052631578947,15.460526315789469,65491.267515923566,17047.041434341365,8.351063829787234,0.5531914893617021,55.319148936170215,0.0,0.0,38971.0,0.4917715392061955,digitally specialised
505021084,Balcatta - Hamersley,Balcatta - Hamersley,Western Australia,Greater Perth,-31.865055867415983,115.81722239397025,1277.0,284.0,0.0904903628117913,9.04903628117913,0.1254416961130742,12.54416961130742,58772.53563038371,20257.196769839495,4.496478873239437,0.4929577464788732,49.29577464788732,0.0633802816901408,6.3380281690140805,23552.0,0.4888867033831628,lower digital concentration
505021085,Balga - Mirrabooka,Balga - Mirrabooka,Western Australia,Greater Perth,-31.856232034151716,115.85184610328886,1129.0,68.0,0.0569942955222373,5.69942955222373,0.0482269503546099,4.82269503546099,35259.959255978734,10329.711893668677,16.602941176470587,0.8088235294117647,80.88235294117648,0.0441176470588235,4.41176470588235,13785.5,0.4461753080678912,large-employer / job-heavy hub
505021088,Innaloo - Doubleview,Innaloo - Doubleview,Western Australia,Greater Perth,-31.894299472599826,115.78901635152482,1992.0,268.0,0.1113346747149564,11.133467471495639,0.1991084695393759,19.91084695393759,63147.48293172691,18506.211609348196,7.432835820895522,0.6455223880597015,64.55223880597015,0.0,0.0,30028.0,0.5001573811772112,small-business / consultant-heavy
505021089,Karrinyup - Gwelup - Carine,Karrinyup - Gwelup - Carine,Western Australia,Greater Perth,-31.865472777105975,115.78248106018285,2143.0,403.0,0.125109463482982,12.5109463482982,0.2266591676040495,22.66591676040495,63849.318712085864,14695.485913907338,5.317617866004963,0.6054590570719603,60.545905707196034,0.009925558312655,0.9925558312655001,43402.0,0.4886780905752754,major digital hub
505021090,Nollamara - Westminster,Nollamara - Westminster,Western Australia,Greater Perth,-31.875285223746026,115.84305834749856,1593.0,115.0,0.0761727155357911,7.617271553579109,0.0702075702075702,7.02075702075702,45930.180790960454,16382.993276017594,13.852173913043478,0.7130434782608696,71.30434782608695,0.0,0.0,11711.5,0.47949434073203,large-employer / job-heavy hub
505021091,Osborne Park Industrial,Osborne Park Industrial,Western Australia,Greater Perth,-31.905701366491492,115.81245936881898,50.0,371.0,0.1160092807424593,11.60092807424593,0.1543903454015813,15.439034540158131,41901.6,167.49095127610053,0.1347708894878706,0.431266846361186,43.126684636118604,0.0808625336927223,8.08625336927223,14668.0,0.3860759493670886,digitally specialised
505021092,Scarborough,Scarborough,Western Australia,Greater Perth,-31.89656523536992,115.76548457132225,2040.0,330.0,0.1047496790757381,10.47496790757381,0.2165354330708661,21.653543307086608,56537.00343137255,14221.387539203097,6.181818181818182,0.6393939393939394,63.93939393939394,0.0212121212121212,2.1212121212121198,32842.0,0.4953193416880567,major digital hub
505021093,Stirling - Osborne Park,Stirling - Osborne Park,Western Australia,Greater Perth,-31.889563645008497,115.81466447719278,1404.0,312.0,0.0995744680851063,9.95744680851063,0.1375055090348171,13.75055090348171,56616.307692307695,19548.927727768685,4.5,0.5064102564102564,50.641025641025635,0.0384615384615384,3.84615384615384,19448.0,0.4851738241308793,digitally specialised
505021094,Trigg - North Beach - Watermans Bay,Trigg - North Beach - Watermans Bay,Western Australia,Greater Perth,-31.86512468684535,115.75878033826673,745.0,199.0,0.1173043615178712,11.73043615178712,0.2121535181236673,21.21535181236673,53055.44832214765,8137.234891191896,3.743718592964824,0.5829145728643216,58.291457286432156,0.0,0.0,37928.0,0.4928042763157895,digitally specialised
505021095,Tuart Hill - Joondanna,Tuart Hill - Joondanna,Western Australia,Greater Perth,-31.90288493021056,115.83585851095873,1379.0,139.0,0.0970853280765981,9.708532807659811,0.1341698841698841,13.41698841698841,57856.502538071065,22276.655171132177,9.920863309352518,0.6762589928057554,67.62589928057554,0.0,0.0,12571.5,0.5031162690737159,large-employer / job-heavy hub
505021096,Wembley Downs - Churchlands - Woodlands,Wembley Downs - Churchlands - Woodlands,Western Australia,Greater Perth,-31.916632619665766,115.7842572236254,1598.0,339.0,0.1325261237352794,13.252612373527938,0.2487160674981658,24.87160674981658,60506.914893617024,13685.334407632618,4.713864306784661,0.6784660766961652,67.84660766961652,0.0,0.0,36783.0,0.4987280168122995,small-business / consultant-heavy
505021097,Yokine - Coolbinia - Menora,Yokine - Coolbinia - Menora,Western Australia,Greater Perth,-31.905677458943803,115.8548239189206,1647.0,271.0,0.1031825585766194,10.31825585766194,0.178172255095332,17.8172255095332,58600.76836672738,21693.452992714097,6.077490774907749,0.6199261992619927,61.99261992619927,0.011070110701107,1.1070110701106999,19514.0,0.4981067435989902,emerging growth corridor
505021301,Dianella - North,Dianella - North,Western Australia,Greater Perth,-31.87884125615349,115.86842384516056,894.0,152.0,0.0938090241343126,9.38090241343126,0.1224818694601128,12.24818694601128,50468.06711409396,12449.79948555251,5.881578947368421,0.5986842105263158,59.86842105263158,0.0,0.0,21739.0,0.490017898939832,lower digital concentration
505021302,Dianella - South,Dianella - South,Western Australia,Greater Perth,-31.897289206540194,115.87460498324862,1181.0,136.0,0.106100080855269,10.6100080855269,0.1322957198443579,13.22957198443579,57994.360711261645,18981.901408413745,8.683823529411764,0.6617647058823529,66.17647058823529,0.0,0.0,16207.5,0.4843788742871311,digitally specialised
505031098,Alexander Heights - Koondoola,Alexander Heights - Koondoola,Western Australia,Greater Perth,-31.834851450255652,115.86582182053729,590.0,60.0,0.0635433494884221,6.354334948842209,0.0817438692098092,8.17438692098092,46939.972881355934,13583.62183127516,9.833333333333334,0.6,60.0,0.0,0.0,16538.5,0.4592688543465745,lower digital concentration
505031099,Butler - Merriwa - Ridgewood,Butler - Merriwa - Ridgewood,Western Australia,Greater Perth,-31.651560460017727,115.7103960270658,1222.0,101.0,0.0606150793650793,6.0615079365079305,0.1038026721479958,10.380267214799579,41240.10924713584,3814.606469358063,12.0990099009901,0.6633663366336634,66.33663366336634,0.0297029702970297,2.9702970297029703,30109.0,0.4868393345967572,large-employer / job-heavy hub
505031100,Carramar,Carramar,Western Australia,Greater Perth,-31.68399327411241,115.7838736067904,1258.0,126.0,0.0706820991122598,7.0682099112259795,0.1152790484903934,11.52790484903934,45873.600953895075,5149.750858378728,9.984126984126984,0.626984126984127,62.698412698412696,0.0,0.0,32619.0,0.4899207781002431,large-employer / job-heavy hub
505031101,Clarkson,Clarkson,Western Australia,Greater Perth,-31.694379234393413,115.72652250165359,884.0,79.0,0.0696391996218686,6.96391996218686,0.100126742712294,10.0126742712294,48021.205882352944,9650.192017534922,11.189873417721518,0.6455696202531646,64.55696202531645,0.0,0.0,26799.5,0.4784815713970426,large-employer / job-heavy hub
505031104,Marangaroo,Marangaroo,Western Australia,Greater Perth,-31.827646698822655,115.83774468255086,520.0,53.0,0.0619563922316215,6.19563922316215,0.0985130111524163,9.85130111524163,45211.18653846154,9433.798774849003,9.81132075471698,0.7358490566037735,73.58490566037736,0.0,0.0,20769.0,0.4670861568247821,lower digital concentration
505031105,Mindarie - Quinns Rocks - Jindalee,Mindarie - Quinns Rocks - Jindalee,Western Australia,Greater Perth,-31.66747310105977,115.697789919008,1511.0,248.0,0.0794009458749343,7.940094587493431,0.1527093596059113,15.270935960591132,52936.56254136334,8177.53088082734,6.092741935483871,0.6330645161290323,63.306451612903224,0.0,0.0,40941.5,0.484863179771389,emerging growth corridor
505031107,Tapping - Ashby - Sinagra,Tapping - Ashby - Sinagra,Western Australia,Greater Perth,-31.723210457752455,115.84378619181872,872.0,98.0,0.0768688293370945,7.686882933709451,0.1102362204724409,11.023622047244091,55144.20527522936,11752.585035455028,8.89795918367347,0.6836734693877551,68.36734693877551,0.0,0.0,33874.5,0.484976031801707,lower digital concentration
505031255,Alkimos - Eglinton,Alkimos - Eglinton,Western Australia,Greater Perth,-31.600220222742372,115.67797782298994,1043.0,68.0,0.0697845577412016,6.978455774120159,0.1033434650455927,10.33434650455927,46556.30057526366,3594.4070586036833,15.338235294117649,0.6323529411764706,63.23529411764706,0.0,0.0,40173.5,0.4936097699517182,large-employer / job-heavy hub
505031258,Yanchep,Yanchep,Western Australia,Greater Perth,-31.54818730191029,115.64654263694933,549.0,48.0,0.0583794130157379,5.837941301573791,0.0932038834951456,9.32038834951456,44395.04098360656,2076.0555518753827,11.4375,0.5208333333333334,52.083333333333336,0.0,0.0,42509.5,0.4785294117647058,lower digital concentration
505031303,Hocking - Pearsall,Hocking - Pearsall,Western Australia,Greater Perth,-31.774676738068585,115.85134748886684,924.0,127.0,0.0808116144831205,8.08116144831205,0.1131907308377896,11.31907308377896,52181.84090909091,8610.050940575959,7.275590551181103,0.6220472440944882,62.20472440944882,0.0236220472440944,2.36220472440944,33874.0,0.4940859585431549,lower digital concentration
505031304,Landsdale,Landsdale,Western Australia,Greater Perth,-31.808468490960855,115.86915717453631,1155.0,116.0,0.0839816767250781,8.39816767250781,0.1091251175917215,10.91251175917215,53072.80952380953,8941.606695335737,9.95689655172414,0.5603448275862069,56.03448275862068,0.0,0.0,32774.0,0.4827451744979528,large-employer / job-heavy hub
505031305,Madeley - Darch,Madeley - Darch,Western Australia,Greater Perth,-31.803200113665493,115.83565797342105,1069.0,310.0,0.0895985248512278,8.959852485122779,0.1029558286283626,10.295582862836259,60405.87184284378,17023.727722485048,3.4483870967741934,0.4451612903225806,44.516129032258064,0.0483870967741935,4.83870967741935,30083.5,0.4882842865074958,lower digital concentration
505031306,Wanneroo - Sinagra,Wanneroo - Sinagra,Western Australia,Greater Perth,-31.749262480445545,115.80599134612218,888.0,119.0,0.0736746038330706,7.36746038330706,0.1151984511132623,11.51984511132623,48093.05743243243,8988.999023737502,7.46218487394958,0.6470588235294118,64.70588235294117,0.0,0.0,28313.0,0.4777765275120963,lower digital concentration
506011110,Armadale - Wungong - Brookdale,Armadale - Wungong - Brookdale,Western Australia,Greater Perth,-32.16345485796199,115.99076633365534,1031.0,75.0,0.0502951363481145,5.02951363481145,0.077720207253886,7.772020725388599,37040.87148399612,4278.463025046902,13.746666666666666,0.72,72.0,0.04,4.0,23753.5,0.4668498300918227,large-employer / job-heavy hub
506011114,Kelmscott,Kelmscott,Western Australia,Greater Perth,-32.11509400446004,116.02536374525741,553.0,62.0,0.0648604269293924,6.48604269293924,0.0784810126582278,7.84810126582278,45722.65099457504,8004.632111159612,8.919354838709678,0.532258064516129,53.2258064516129,0.0,0.0,22241.0,0.4522231204527082,lower digital concentration
506011117,Seville Grove,Seville Grove,Western Australia,Greater Perth,-32.13645363756465,115.98904530048726,557.0,34.0,0.0558004407934281,5.58004407934281,0.0781609195402298,7.81609195402298,35863.269299820466,-1156.4854587449518,16.38235294117647,0.6470588235294118,64.70588235294117,0.0,0.0,30335.0,0.4596531460513114,lower digital concentration
506011307,Harrisdale,Harrisdale,Western Australia,Greater Perth,-32.117505119166076,115.93233845924533,939.0,100.0,0.0839142091152815,8.391420911528149,0.1145475372279496,11.45475372279496,61394.42492012779,17617.49221235299,9.39,0.67,67.0,0.0,0.0,35349.0,0.4743702218323098,lower digital concentration
506011308,Piara Waters - Forrestdale,Piara Waters - Forrestdale,Western Australia,Greater Perth,-32.15138562488971,115.93106249389571,1323.0,145.0,0.0816868362558656,8.16868362558656,0.0981719702098849,9.81719702098849,57994.4693877551,13658.81200321571,9.124137931034484,0.6689655172413793,66.89655172413794,0.0206896551724137,2.06896551724137,35373.0,0.4815948238174346,lower digital concentration
506021118,Belmont - Ascot - Redcliffe,Belmont - Ascot - Redcliffe,Western Australia,Greater Perth,-31.941502611684598,115.93450312655395,1179.0,234.0,0.0759909764743796,7.599097647437961,0.1294964028776978,12.949640287769782,52147.49957591179,15974.037249131252,5.038461538461538,0.5128205128205128,51.28205128205128,0.0512820512820512,5.12820512820512,17251.0,0.4498369460962977,emerging growth corridor
506021119,East Victoria Park - Carlisle,East Victoria Park - Carlisle,Western Australia,Greater Perth,-31.985081834079153,115.90964944149766,1936.0,232.0,0.1059834674549734,10.59834674549734,0.1408621736490589,14.08621736490589,60563.76756198347,20366.77963293108,8.344827586206897,0.5818965517241379,58.189655172413794,0.0,0.0,20455.0,0.4757098309535532,digitally specialised
506021123,Victoria Park - Lathlain - Burswood,Victoria Park - Lathlain - Burswood,Western Australia,Greater Perth,-31.964967715253874,115.89591118924731,1958.0,397.0,0.1080573951434878,10.805739514348781,0.1930933852140078,19.30933852140078,58698.69662921348,21383.354879765357,4.93198992443325,0.5037783375314862,50.377833753148614,0.0377833753148614,3.77833753148614,19416.0,0.4724735729386892,major digital hub
506021309,Cloverdale,Cloverdale,Western Australia,Greater Perth,-31.962778151543393,115.94438357453475,676.0,56.0,0.0679806918744971,6.79806918744971,0.0866873065015479,8.66873065015479,39351.96819526627,6886.740218596922,12.071428571428571,0.625,62.5,0.0535714285714285,5.35714285714285,16975.0,0.4456724782067248,lower digital concentration
506021310,Kewdale,Kewdale,Western Australia,Greater Perth,-31.9744805784619,115.93279229363945,582.0,58.0,0.0786380218889339,7.86380218889339,0.117408906882591,11.7408906882591,48908.047250859105,15536.68790752712,10.03448275862069,0.6206896551724138,62.06896551724138,0.0,0.0,19654.0,0.4442431561996779,lower digital concentration
506021311,Rivervale,Rivervale,Western Australia,Greater Perth,-31.96051103874495,115.91588998706364,1253.0,167.0,0.0949746077465322,9.49746077465322,0.1440897325280414,14.408973252804138,56173.946528332,19587.65546488927,7.502994011976048,0.6167664670658682,61.67664670658682,0.0479041916167664,4.79041916167664,18520.5,0.4467960023515579,lower digital concentration
506031124,Bentley - Wilson - St James,Bentley - Wilson - St James,Western Australia,Greater Perth,-32.009799672070635,115.90903233648142,2034.0,230.0,0.0799842705465985,7.9984270546598495,0.1260273972602739,12.60273972602739,41484.7866273353,18463.42223488544,8.843478260869565,0.6826086956521739,68.26086956521739,0.0478260869565217,4.78260869565217,10299.0,0.4396103896103896,emerging growth corridor
506031125,Canning Vale - West,Canning Vale - West,Western Australia,Greater Perth,-32.08849020380961,115.90641169103968,850.0,120.0,0.0942245870746037,9.42245870746037,0.1408450704225352,14.084507042253518,49186.28764705882,8026.2135976186255,7.083333333333333,0.6333333333333333,63.33333333333333,0.0,0.0,29304.5,0.4899880454273759,lower digital concentration
506031126,Canning Vale Commercial,Canning Vale Commercial,Western Australia,Greater Perth,-32.064960387071544,115.91112903500435,13.0,108.0,0.2096774193548387,20.96774193548387,0.0997229916897507,9.97229916897507,43200.0,11673.459677419356,0.1203703703703703,0.3333333333333333,33.33333333333333,0.1111111111111111,11.11111111111111,22705.5,0.1206896551724138,digitally specialised
506031127,Cannington - Queens Park,Cannington - Queens Park,Western Australia,Greater Perth,-32.01036638368907,115.94577837159103,1660.0,139.0,0.0716660190821568,7.16660190821568,0.0554226475279106,5.54226475279106,44250.13192771084,17659.663745696424,11.942446043165468,0.6690647482014388,66.90647482014388,0.0215827338129496,2.15827338129496,12131.0,0.4463795297742648,large-employer / job-heavy hub
506031128,Parkwood - Ferndale - Lynwood,Parkwood - Ferndale - Lynwood,Western Australia,Greater Perth,-32.039481851280016,115.92150113778598,1017.0,99.0,0.0834769761142575,8.34769761142575,0.125,12.5,52150.51966568338,14064.677426497628,10.272727272727272,0.6262626262626263,62.62626262626263,0.0,0.0,20805.0,0.4636106395019808,large-employer / job-heavy hub
506031129,Riverton - Shelley - Rossmoyne,Riverton - Shelley - Rossmoyne,Western Australia,Greater Perth,-32.0342643297114,115.88680818257238,1326.0,229.0,0.1146265560165975,11.462655601659751,0.1848264729620662,18.48264729620662,58022.03092006033,18009.09635920279,5.790393013100437,0.5895196506550219,58.951965065502186,0.0,0.0,29611.0,0.4838859802210588,digitally specialised
506031130,Welshpool,Welshpool,Western Australia,Greater Perth,-31.99261216159491,115.94894577817158,11.0,109.0,0.0827067669172932,8.27067669172932,0.0818318318318318,8.18318318318318,49884.0,-4216.285714285717,0.1009174311926605,0.3577981651376147,35.77981651376147,0.146788990825688,14.6788990825688,14626.0,0.2777777777777778,lower digital concentration
506031131,Willetton,Willetton,Western Australia,Greater Perth,-32.05246216905419,115.8878243430193,1731.0,226.0,0.108513039117352,10.851303911735199,0.1445012787723785,14.45012787723785,60674.871750433274,20460.9226531414,7.65929203539823,0.5575221238938053,55.75221238938053,0.0221238938053097,2.21238938053097,30995.0,0.4840186519711742,digitally specialised
506041132,Beckenham - Kenwick - Langford,Beckenham - Kenwick - Langford,Western Australia,Greater Perth,-32.02859119284086,115.96802998378386,1243.0,118.0,0.0626954504186421,6.269545041864211,0.0669313669880884,6.693136698808839,39103.62952534192,9762.570764119278,10.533898305084746,0.6610169491525424,66.10169491525424,0.0254237288135593,2.54237288135593,15553.0,0.4329487563679952,large-employer / job-heavy hub
506041133,Canning Vale - East,Canning Vale - East,Western Australia,Greater Perth,-32.08621980202793,115.9300286508882,1812.0,239.0,0.087439077353665,8.7439077353665,0.121504829689883,12.150482968988301,58980.18543046358,18504.55912153147,7.581589958158996,0.5690376569037657,56.903765690376574,0.0,0.0,24642.0,0.4727744165946413,emerging growth corridor
506041134,Gosnells,Gosnells,Western Australia,Greater Perth,-32.084911344919846,115.99198980744137,1028.0,80.0,0.0597257727167092,5.97257727167092,0.0762631077216396,7.6263107721639605,30766.513618677043,-1319.152805910453,12.85,0.5625,56.25,0.0,0.0,20444.0,0.4390608147349207,large-employer / job-heavy hub
506041135,Huntingdale - Southern River,Huntingdale - Southern River,Western Australia,Greater Perth,-32.100369667338605,115.96091252988057,1429.0,132.0,0.0726339331096879,7.263393310968789,0.0962099125364431,9.620991253644311,50024.65500349895,9242.076168488276,10.825757575757576,0.6363636363636364,63.63636363636363,0.0,0.0,28261.0,0.4702277317361933,large-employer / job-heavy hub
506041136,Maddington - Orange Grove - Martin,Maddington - Orange Grove - Martin,Western Australia,Greater Perth,-32.060217483747195,116.03096845985505,822.0,109.0,0.0616238098808006,6.16238098808006,0.0622501427755568,6.2250142775556805,41306.87773722628,9800.309928544968,7.541284403669724,0.4495412844036697,44.95412844036697,0.0275229357798165,2.75229357798165,18138.0,0.428647440672555,lower digital concentration
506041137,Thornlie,Thornlie,Western Australia,Greater Perth,-32.060030601179655,115.95501772509591,1371.0,113.0,0.0688633281430508,6.88633281430508,0.0850263355906696,8.502633559066961,47759.33770970095,11844.328442535349,12.132743362831858,0.6017699115044248,60.17699115044248,0.0,0.0,22141.5,0.4543753897318645,large-employer / job-heavy hub
506051138,Forrestfield - Wattle Grove,Forrestfield - Wattle Grove,Western Australia,Greater Perth,-31.98971657276109,116.00434631445766,1180.0,148.0,0.0672402985925123,6.724029859251229,0.1060931899641577,10.60931899641577,51130.3,9154.435392330051,7.972972972972973,0.6891891891891891,68.91891891891892,0.0202702702702702,2.0270270270270196,28807.0,0.4628157708349728,lower digital concentration
506051139,High Wycombe,High Wycombe,Western Australia,Greater Perth,-31.944426694930307,116.00341646426978,659.0,59.0,0.0612396617414738,6.12396617414738,0.0844062947067239,8.44062947067239,50852.861911987864,6999.652823613178,11.169491525423728,0.6779661016949152,67.79661016949152,0.0,0.0,32987.0,0.4648655504819888,lower digital concentration
506051140,Kalamunda - Maida Vale - Gooseberry Hill,Kalamunda - Maida Vale - Gooseberry Hill,Western Australia,Greater Perth,-31.960951259820074,116.04335936371203,961.0,256.0,0.084438977242773,8.4438977242773,0.1943811693242217,19.43811693242217,56741.32986472425,8728.562533206808,3.75390625,0.6015625,60.15625,0.0,0.0,39273.0,0.4822989020838001,digitally specialised
506051141,Lesmurdie - Bickley - Carmel,Lesmurdie - Bickley - Carmel,Western Australia,Greater Perth,-32.02722630964837,116.14183891059713,756.0,163.0,0.0863407948835084,8.63407948835084,0.1571841851494696,15.718418514946961,49843.607142857145,5179.363938197486,4.638036809815951,0.6441717791411042,64.41717791411043,0.0184049079754601,1.84049079754601,36579.0,0.4844089920232052,digitally specialised
506061142,Byford,Byford,Western Australia,Greater Perth,-32.213375730983614,115.99677337372067,993.0,94.0,0.0525897680330473,5.25897680330473,0.0837789661319073,8.37789661319073,41308.53625377644,-2258.909514680294,10.563829787234043,0.6808510638297872,68.08510638297872,0.0319148936170212,3.1914893617021196,42160.0,0.4765145350987499,large-employer / job-heavy hub
506071145,Como,Como,Western Australia,Greater Perth,-31.999650098968694,115.86749367348546,1674.0,289.0,0.1231153931014194,12.31153931014194,0.2209480122324159,22.09480122324159,57581.74462365591,16619.100106483005,5.7923875432525955,0.6193771626297578,61.93771626297578,0.0173010380622837,1.73010380622837,21636.0,0.5024671916010499,digitally specialised
506071146,Manning - Waterford,Manning - Waterford,Western Australia,Greater Perth,-32.01626304345012,115.8746856322264,1189.0,202.0,0.1208701839991867,12.08701839991867,0.2015968063872255,20.15968063872255,58950.14550042052,21623.343223303513,5.8861386138613865,0.6089108910891089,60.89108910891089,0.0148514851485148,1.48514851485148,19032.0,0.4633352208380521,digitally specialised
506071147,South Perth - Kensington,South Perth - Kensington,Western Australia,Greater Perth,-31.981026455256842,115.86964910899943,1982.0,532.0,0.1288770401196436,12.88770401196436,0.1871262750615547,18.712627506155467,58769.99091826438,17418.888896026263,3.725563909774436,0.5770676691729323,57.70676691729323,0.0169172932330827,1.69172932330827,25880.5,0.4834610184767913,major digital hub
507011148,Banjup,Banjup,Western Australia,Greater Perth,-32.144084980364944,115.88216471667899,1834.0,181.0,0.0875919381029706,8.75919381029706,0.1335793357933579,13.35793357933579,63052.08505997819,17170.365793572615,10.132596685082872,0.6574585635359116,65.74585635359117,0.0165745856353591,1.65745856353591,37661.0,0.485050052687039,large-employer / job-heavy hub
507011152,Coogee,Coogee,Western Australia,Greater Perth,-32.128803851528076,115.77321429494643,619.0,94.0,0.0748307543520309,7.483075435203091,0.1301939058171745,13.019390581717449,53099.410339256865,7567.992604730753,6.585106382978723,0.6595744680851063,65.95744680851064,0.0319148936170212,3.1914893617021196,42181.5,0.4907466496490108,lower digital concentration
507011153,Coolbellup,Coolbellup,Western Australia,Greater Perth,-32.08333344283622,115.80766818363972,679.0,74.0,0.0863647926736199,8.63647926736199,0.1608695652173913,16.08695652173913,37227.83946980854,575.127437246847,9.175675675675675,0.6486486486486487,64.86486486486487,0.0,0.0,25665.5,0.4879583033788641,digitally specialised
507011154,Hamilton Hill,Hamilton Hill,Western Australia,Greater Perth,-32.08449583663837,115.77946746314313,863.0,113.0,0.0787552473079029,7.87552473079029,0.1571627260083449,15.716272600834492,42325.94901506373,8654.557611522934,7.63716814159292,0.6460176991150443,64.60176991150442,0.0,0.0,21661.5,0.4922792662003431,digitally specialised
507011159,South Lake - Cockburn Central,South Lake - Cockburn Central,Western Australia,Greater Perth,-32.1062752083274,115.84285809704225,901.0,125.0,0.0829879340517638,8.29879340517638,0.1183712121212121,11.83712121212121,46665.761376248614,5674.359377538109,7.208,0.44,44.0,0.024,2.4,24192.0,0.4675754873232259,lower digital concentration
507011160,Spearwood,Spearwood,Western Australia,Greater Perth,-32.104242572918274,115.78298032516676,725.0,82.0,0.0723697344779397,7.236973447793971,0.1283255086071987,12.832550860719872,44561.62413793104,5284.837254321537,8.841463414634147,0.6219512195121951,62.19512195121951,0.0,0.0,28000.0,0.480812324929972,lower digital concentration
507011161,Success - Hammond Park,Success - Hammond Park,Western Australia,Greater Perth,-32.151502301272366,115.85014211193067,1434.0,139.0,0.0841499911976996,8.41499911976996,0.1387225548902195,13.872255489021951,57381.69874476988,11419.94958098841,10.316546762589928,0.7050359712230215,70.50359712230215,0.0,0.0,39432.5,0.4847761685319289,large-employer / job-heavy hub
507011163,Yangebup,Yangebup,Western Australia,Greater Perth,-32.120635584844834,115.81623401171659,543.0,45.0,0.0797356828193832,7.97356828193832,0.0872093023255814,8.720930232558139,48945.48987108655,6702.338843186408,12.066666666666666,0.5777777777777777,57.77777777777777,0.0666666666666666,6.66666666666666,32333.0,0.4730082279751154,lower digital concentration
507011259,Beeliar - Wattleup,Beeliar - Wattleup,Western Australia,Greater Perth,-32.154095450379124,115.81674411511162,729.0,81.0,0.0727254588986432,7.272545889864319,0.1152204836415362,11.522048364153619,53114.345679012345,8783.536271590157,9.0,0.654320987654321,65.4320987654321,0.0,0.0,38827.0,0.4838351602608575,lower digital concentration
507021164,East Fremantle,East Fremantle,Western Australia,Greater Perth,-32.037926420324844,115.76817804902542,755.0,199.0,0.1153552330022918,11.53552330022918,0.220865704772475,22.0865704772475,65980.15430463575,21790.172715636516,3.7939698492462313,0.6582914572864321,65.82914572864321,0.0,0.0,32232.0,0.5179738562091504,small-business / consultant-heavy
507021165,Fremantle,Fremantle,Western Australia,Greater Perth,-32.02115402742151,115.59728763748053,1988.0,661.0,0.110764430577223,11.076443057722301,0.2209224598930481,22.09224598930481,53123.25352112676,20102.035892421613,3.0075642965204237,0.5310136157337367,53.10136157337367,0.0393343419062027,3.93343419062027,20882.0,0.498220640569395,major digital hub
507021166,Fremantle - South,Fremantle - South,Western Australia,Greater Perth,-32.069437468320785,115.77494667018156,1408.0,272.0,0.1033773861967694,10.337738619676939,0.1898115840893231,18.981158408932313,51795.78480113636,13905.213508919034,5.176470588235294,0.5551470588235294,55.51470588235294,0.0110294117647058,1.1029411764705799,27427.0,0.5006667350497487,emerging growth corridor
507031169,Wellard (West) - Bertram,Wellard (West) - Bertram,Western Australia,Greater Perth,-32.260592260359935,115.83359784325573,1270.0,80.0,0.0672455787355713,6.72455787355713,0.0888888888888888,8.888888888888879,52191.393700787405,13736.55969676326,15.875,0.7,70.0,0.0,0.0,33917.0,0.4643056108237167,large-employer / job-heavy hub
507031174,Parmelia - Orelia,Parmelia - Orelia,Western Australia,Greater Perth,-32.24168058421847,115.82481469342257,509.0,22.0,0.0490318851748386,4.90318851748386,0.0630372492836676,6.30372492836676,38070.26620825147,4397.914074545661,23.136363636363637,0.5909090909090909,59.09090909090909,0.0,0.0,27977.0,0.4437189496096522,lower digital concentration
507031261,Casuarina - Wandi,Casuarina - Wandi,Western Australia,Greater Perth,-32.22053260875908,115.86646318898826,645.0,63.0,0.0773474037654395,7.73474037654395,0.1171003717472119,11.71003717472119,58811.97441860465,14777.092957997862,10.238095238095235,0.6825396825396826,68.25396825396825,0.0,0.0,35821.0,0.4751892346509672,emerging growth corridor
507041175,Applecross - Ardross,Applecross - Ardross,Western Australia,Greater Perth,-32.019152303389404,115.83609591440354,1272.0,387.0,0.1289668457872858,12.896684578728578,0.1885964912280701,18.85964912280701,63661.78341194968,20668.695913217045,3.2868217054263567,0.5529715762273901,55.297157622739014,0.0103359173126615,1.03359173126615,34648.5,0.4933770312713368,digitally specialised
507041177,Bicton - Palmyra,Bicton - Palmyra,Western Australia,Greater Perth,-32.03570128998392,115.78598182973644,1226.0,205.0,0.0981899727695018,9.81899727695018,0.1666666666666666,16.66666666666666,59831.96982055465,15373.075058421062,5.980487804878049,0.5902439024390244,59.02439024390244,0.0,0.0,34780.5,0.5185549006767082,digitally specialised
507041178,Booragoon,Booragoon,Western Australia,Greater Perth,-32.03519713042549,115.84245210994052,1519.0,395.0,0.1202977746099627,12.02977746099627,0.1946771808772794,19.46771808772794,57922.93054641211,12942.763602561638,3.8455696202531646,0.5341772151898734,53.417721518987335,0.0253164556962025,2.53164556962025,32482.0,0.4881064654720737,digitally specialised
507041179,Bull Creek,Bull Creek,Western Australia,Greater Perth,-32.05625418383968,115.86244688180494,704.0,92.0,0.1213793103448275,12.137931034482751,0.1739130434782608,17.391304347826082,66697.24431818182,22634.31293887148,7.6521739130434785,0.6413043478260869,64.13043478260869,0.0326086956521739,3.26086956521739,35992.5,0.4899282241259551,digitally specialised
507041180,Leeming,Leeming,Western Australia,Greater Perth,-32.07517261666047,115.86608681791071,944.0,158.0,0.1072971129802227,10.72971129802227,0.1970074812967581,19.70074812967581,64492.97881355932,16533.711309581144,5.974683544303797,0.6772151898734177,67.72151898734177,0.0,0.0,34860.0,0.4879633732092748,small-business / consultant-heavy
507041181,Melville,Melville,Western Australia,Greater Perth,-32.03372241392299,115.80639158375058,1403.0,338.0,0.0992922859164897,9.92922859164897,0.1821120689655172,18.211206896551722,60449.00677120456,13636.042829237122,4.150887573964497,0.5739644970414202,57.396449704142015,0.014792899408284,1.4792899408284,35549.0,0.5003755163349606,digitally specialised
507041182,Murdoch - Kardinya,Murdoch - Kardinya,Western Australia,Greater Perth,-32.06769491687679,115.8260513062493,998.0,148.0,0.0938763992098579,9.387639920985789,0.1367837338262477,13.67837338262477,53086.32064128257,16946.414282520454,6.743243243243243,0.6216216216216216,62.16216216216216,0.0,0.0,26465.0,0.4823529411764706,lower digital concentration
507041184,Winthrop,Winthrop,Western Australia,Greater Perth,-32.052149320477206,115.82972586088628,557.0,94.0,0.114139344262295,11.413934426229499,0.1640488656195462,16.40488656195462,46930.77917414722,5529.034502016068,5.925531914893617,0.6276595744680851,62.76595744680851,0.0319148936170212,3.1914893617021196,32235.0,0.4806180536730821,digitally specialised
507051187,Port Kennedy,Port Kennedy,Western Australia,Greater Perth,-32.37343262627083,115.7515531372473,613.0,62.0,0.0522814498933901,5.22814498933901,0.0965732087227414,9.65732087227414,43954.586460032624,2493.7685495848636,9.887096774193548,0.6290322580645161,62.903225806451616,0.0483870967741935,4.83870967741935,42863.0,0.4683333333333333,lower digital concentration
507051188,Rockingham,Rockingham,Western Australia,Greater Perth,-32.2487025143141,115.72263984542238,674.0,109.0,0.0554549942405792,5.545499424057921,0.0843000773395205,8.43000773395205,46668.62685459941,4997.549637222415,6.18348623853211,0.4587155963302752,45.87155963302752,0.0275229357798165,2.75229357798165,32333.5,0.4689514760773668,lower digital concentration
507051190,Safety Bay - Shoalwater,Safety Bay - Shoalwater,Western Australia,Greater Perth,-32.301295078883676,115.7230268825808,606.0,72.0,0.0672511374986128,6.725113749861281,0.1395348837209302,13.95348837209302,50917.91584158416,7126.329946566955,8.416666666666666,0.625,62.5,0.0,0.0,38626.5,0.4693119334224996,lower digital concentration
507051191,Singleton - Golden Bay - Secret Harbour,Singleton - Golden Bay - Secret Harbour,Western Australia,Greater Perth,-32.42113464456144,115.7590001738827,1244.0,141.0,0.0595129885662345,5.95129885662345,0.1425682507583417,14.25682507583417,42770.093247588426,-2826.507072939726,8.822695035460994,0.5815602836879432,58.156028368794324,0.0,0.0,54471.5,0.4781270903010033,emerging growth corridor
507051192,Waikiki,Waikiki,Western Australia,Greater Perth,-32.316043037893294,115.75460823448321,600.0,37.0,0.057170080990948,5.7170080990948,0.0943877551020408,9.43877551020408,46489.11,5503.607236779419,16.216216216216218,0.6756756756756757,67.56756756756756,0.0,0.0,42017.0,0.4624684469244055,lower digital concentration
507051312,Baldivis - North,Baldivis - North,Western Australia,Greater Perth,-32.31241680438682,115.84176777264521,686.0,49.0,0.0588639093873348,5.88639093873348,0.1033755274261603,10.33755274261603,45167.07142857143,1638.9181335654212,14.0,0.6938775510204082,69.38775510204081,0.0612244897959183,6.122448979591829,44893.0,0.4755539051862854,lower digital concentration
507051313,Baldivis - South,Baldivis - South,Western Australia,Greater Perth,-32.36062464632254,115.80930902889523,1421.0,136.0,0.0586342067258097,5.86342067258097,0.1322957198443579,13.22957198443579,41790.41766361717,-3475.1306755617043,10.448529411764708,0.6397058823529411,63.970588235294116,0.0,0.0,49485.0,0.4790874524714828,large-employer / job-heavy hub
509011225,Albany,Albany,Western Australia,Rest of WA,-35.00846820402972,117.89955034363776,535.0,187.0,0.0474374889164745,4.74374889164745,0.1116417910447761,11.16417910447761,32665.6261682243,2476.7829779423337,2.8609625668449197,0.4973262032085561,49.73262032085561,0.0427807486631016,4.27807486631016,14852.0,0.4998252359314925,lower digital concentration
510011262,Broome,Broome,Western Australia,Rest of WA,-17.944707137661183,122.22299769205536,618.0,139.0,0.0362739918999823,3.62739918999823,0.1057838660578386,10.57838660578386,26395.26213592233,-4906.066120226053,4.446043165467626,0.6330935251798561,63.30935251798561,0.0215827338129496,2.15827338129496,13229.0,0.5051308126097809,lower digital concentration
510021270,South Hedland,South Hedland,Western Australia,Rest of WA,-20.406556944144928,118.60072740079511,581.0,35.0,0.0523234870317002,5.23234870317002,0.0895140664961636,8.95140664961636,15449.478485370051,-34636.27543213715,16.6,0.5428571428571428,54.285714285714285,0.0,0.0,57112.0,0.4449728260869565,lower digital concentration
510031272,Karratha,Karratha,Western Australia,Rest of WA,-20.748867296908607,116.82158274380627,872.0,97.0,0.0504542035526239,5.04542035526239,0.0958498023715415,9.58498023715415,35944.40711009174,-19326.555193906403,8.989690721649485,0.5257731958762887,52.57731958762887,0.0309278350515463,3.09278350515463,63026.0,0.4516618862831112,lower digital concentration
511031279,Kalgoorlie,Kalgoorlie,Western Australia,Rest of WA,-30.758248700669174,121.46917283648953,859.0,122.0,0.0593970405199834,5.939704051998341,0.097444089456869,9.7444089456869,35349.56344586729,-9744.427530484529,7.040983606557377,0.4426229508196721,44.26229508196721,0.0327868852459016,3.27868852459016,49810.0,0.4361546499477534,lower digital concentration
511041285,Geraldton,Geraldton,Western Australia,Rest of WA,-28.76074681118532,114.62154755416657,397.0,127.0,0.0423195821341008,4.23195821341008,0.0862771739130434,8.62771739130434,30751.88413098237,-2300.8089187991063,3.125984251968504,0.4409448818897638,44.09448818897638,0.0472440944881889,4.72440944881889,21031.5,0.4808221160804747,lower digital concentration
601021005,Cambridge,Cambridge,Tasmania,Greater Hobart,-42.84162012664802,147.46588205628257,497.0,128.0,0.0756929637526652,7.56929637526652,0.1329179646936656,13.29179646936656,50426.18309859155,8681.030189666788,3.8828125,0.5703125,57.03125,0.0546875,5.46875,14433.0,0.491963260619977,emerging growth corridor
601021007,Howrah - Tranmere,Howrah - Tranmere,Tasmania,Greater Hobart,-42.89526690163907,147.41253842636,714.0,75.0,0.0773480662983425,7.7348066298342495,0.1273344651952462,12.73344651952462,48552.5462184874,8542.77078787316,9.52,0.64,64.0,0.0,0.0,14794.0,0.5090935975158953,lower digital concentration
601021008,Lindisfarne - Rose Bay,Lindisfarne - Rose Bay,Tasmania,Greater Hobart,-42.84455269280803,147.36724822450296,511.0,54.0,0.0890243902439024,8.902439024390238,0.1267605633802817,12.676056338028168,46307.94520547945,8351.897470287819,9.462962962962964,0.6851851851851852,68.51851851851852,0.0,0.0,9435.5,0.5087299689069601,lower digital concentration
601031017,Glenorchy,Glenorchy,Tasmania,Greater Hobart,-42.8434174397482,147.2653907985515,633.0,46.0,0.0563267485317672,5.63267485317672,0.0604467805519053,6.04467805519053,28905.42654028436,2344.6127833881146,13.76086956521739,0.5434782608695652,54.347826086956516,0.0,0.0,8092.0,0.4713501337463043,lower digital concentration
601041022,Kingston - Huntingfield,Kingston - Huntingfield,Tasmania,Greater Hobart,-42.96572969796058,147.2709738837321,883.0,128.0,0.0784958662992266,7.84958662992266,0.1376344086021505,13.76344086021505,42604.72933182333,8944.312139183981,6.8984375,0.625,62.5,0.0234375,2.34375,12108.0,0.5025305517837303,lower digital concentration
601041023,Kingston Beach - Blackmans Bay,Kingston Beach - Blackmans Bay,Tasmania,Greater Hobart,-43.02460156672274,147.31670152302982,759.0,128.0,0.0899395662993245,8.99395662993245,0.1671018276762402,16.710182767624023,48849.96772068511,11348.937029844965,5.9296875,0.6328125,63.28125,0.0234375,2.34375,14831.0,0.5146391106935964,digitally specialised
601051027,Hobart,Hobart,Tasmania,Greater Hobart,-42.87508643761051,147.3257473185362,901.0,564.0,0.0921739130434782,9.21739130434782,0.173059220619822,17.3059220619822,32237.326859045505,7771.937907638854,1.5975177304964538,0.3829787234042553,38.297872340425535,0.0726950354609929,7.2695035460992905,4637.5,0.503968896808683,emerging growth corridor
601051028,Lenah Valley - Mount Stuart,Lenah Valley - Mount Stuart,Tasmania,Greater Hobart,-42.87153831986438,147.27793122537628,737.0,83.0,0.0913145830752075,9.13145830752075,0.148479427549195,14.847942754919499,47613.64789687924,8351.601743986168,8.879518072289157,0.6024096385542169,60.24096385542169,0.0,0.0,10355.0,0.509131633356306,lower digital concentration
601051030,New Town,New Town,Tasmania,Greater Hobart,-42.8561582102352,147.30850786532685,532.0,69.0,0.0903686087990487,9.03686087990487,0.1294559099437148,12.94559099437148,37287.808270676695,6113.228518680771,7.710144927536232,0.5797101449275363,57.971014492753625,0.0,0.0,5776.5,0.5089194699286442,lower digital concentration
601051031,Sandy Bay,Sandy Bay,Tasmania,Greater Hobart,-42.912133053465915,147.3407886111303,1204.0,210.0,0.1092757306226175,10.92757306226175,0.1576576576576576,15.76576576576576,35375.501661129565,7539.53238358373,5.733333333333333,0.6523809523809524,65.23809523809524,0.0,0.0,7448.0,0.4907235621521336,digitally specialised
601051032,South Hobart - Fern Tree,South Hobart - Fern Tree,Tasmania,Greater Hobart,-42.915903654535946,147.27931503107487,608.0,118.0,0.1040917651087142,10.409176510871418,0.242798353909465,24.2798353909465,47016.47368421053,13762.401607511332,5.1525423728813555,0.6949152542372882,69.49152542372882,0.0,0.0,9564.5,0.514367816091954,small-business / consultant-heavy
601051033,West Hobart,West Hobart,Tasmania,Greater Hobart,-42.8843177465216,147.30555316498942,653.0,136.0,0.1076137112722478,10.761371127224779,0.2863157894736842,28.631578947368418,44825.09800918836,11636.050052695282,4.801470588235294,0.6764705882352942,67.64705882352942,0.0,0.0,10809.0,0.5217703349282297,small-business / consultant-heavy
602011038,Launceston,Launceston,Tasmania,Rest of Tas.,-41.43459401458974,147.14550392345987,366.0,247.0,0.0694102029205386,6.941020292053859,0.1236236236236236,12.36236236236236,35004.0,6846.233074151336,1.4817813765182186,0.3724696356275304,37.24696356275304,0.0445344129554655,4.45344129554655,6740.5,0.4915393013100436,lower digital concentration
604021085,Devonport,Devonport,Tasmania,Rest of Tas.,-41.17703907093787,146.3450464362435,463.0,101.0,0.0414948915576268,4.14948915576268,0.0996055226824457,9.96055226824457,37010.619870410366,6079.226206671345,4.584158415841584,0.4356435643564356,43.56435643564356,0.0297029702970297,2.9702970297029703,11899.5,0.4866650049850449,lower digital concentration
701011002,Darwin City,Darwin City,Northern Territory,Greater Darwin,-12.461859839325331,130.84373702918424,849.0,258.0,0.070188492063492,7.018849206349199,0.1868211440984793,18.68211440984793,39308.92756183745,14744.421898808352,3.2906976744186047,0.5077519379844961,50.775193798449614,0.0503875968992248,5.03875968992248,10550.5,0.4575720037163208,digitally specialised
701011009,Woolner - Bayview - Winnellie,Woolner - Bayview - Winnellie,Northern Territory,Greater Darwin,-12.431800047630897,130.87529372036087,315.0,113.0,0.0719013923761698,7.19013923761698,0.1045328399629972,10.453283996299719,49398.444444444445,13283.448324837052,2.7876106194690267,0.4070796460176991,40.70796460176991,0.0530973451327433,5.30973451327433,12066.5,0.462993152918161,lower digital concentration
702011045,Charles,Charles,Northern Territory,Rest of NT,-23.678814459914843,133.8749137232986,544.0,97.0,0.0736728060671722,7.3672806067172205,0.1112385321100917,11.12385321100917,10565.172794117649,-9814.784816933276,5.608247422680412,0.4020618556701031,40.20618556701031,0.0824742268041237,8.24742268041237,11772.5,0.4761998814931859,lower digital concentration
801011002,Belconnen,Belconnen,Australian Capital Territory,Australian Capital Territory,-35.23565112519548,149.0676249479894,1248.0,136.0,0.1146321300633783,11.46321300633783,0.1723700887198986,17.237008871989858,55294.168269230766,22363.4942084243,9.176470588235292,0.4558823529411764,45.58823529411764,0.0220588235294117,2.20588235294117,9019.5,0.4864223178513132,emerging growth corridor
801011003,Bruce,Bruce,Australian Capital Territory,Australian Capital Territory,-35.244040171189226,149.09083485132382,941.0,111.0,0.1171417901157724,11.71417901157724,0.2246963562753036,22.46963562753036,59778.33368756642,24282.39169827226,8.477477477477477,0.3783783783783784,37.83783783783784,0.045045045045045,4.5045045045045,11330.5,0.5071779744346117,digitally specialised
801011006,Dunlop,Dunlop,Australian Capital Territory,Australian Capital Territory,-35.19397094424148,149.01978602443086,605.0,50.0,0.0999174236168455,9.99174236168455,0.1515151515151515,15.151515151515149,76767.02479338842,25416.589615849203,12.1,0.48,48.0,0.0,0.0,16047.0,0.4992306001318971,digitally specialised
801011007,Evatt,Evatt,Australian Capital Territory,Australian Capital Territory,-35.211892390253226,149.0689193404078,521.0,39.0,0.1195502524093621,11.955025240936209,0.15,15.0,77089.85124760077,27235.006938284576,13.35897435897436,0.6410256410256411,64.1025641025641,0.0,0.0,13916.5,0.4864205065608789,digitally specialised
801011016,Kaleen,Kaleen,Australian Capital Territory,Australian Capital Territory,-35.22779825609251,149.10918128275134,797.0,77.0,0.1289852726978475,12.898527269784749,0.1624472573839662,16.24472573839662,68703.99874529486,23877.912647220735,10.35064935064935,0.4155844155844156,41.55844155844156,0.0389610389610389,3.89610389610389,10860.5,0.4706935123042505,large-employer / job-heavy hub
801011019,Macgregor (ACT),Macgregor (ACT),Australian Capital Territory,Australian Capital Territory,-35.20978915759676,149.01101605845335,548.0,61.0,0.0901315789473684,9.013157894736839,0.1826347305389221,18.26347305389221,71405.10583941606,22832.832072968697,8.98360655737705,0.5245901639344263,52.459016393442624,0.0,0.0,14993.5,0.4950676760724937,digitally specialised
801041034,Amaroo,Amaroo,Australian Capital Territory,Australian Capital Territory,-35.16957509421847,149.1280270582558,655.0,74.0,0.1214762611275964,12.147626112759639,0.2176470588235294,21.76470588235294,73566.93893129771,23115.84379034816,8.85135135135135,0.4729729729729729,47.29729729729729,0.0,0.0,18018.0,0.4886248736097068,digitally specialised
801041035,Bonner,Bonner,Australian Capital Territory,Australian Capital Territory,-35.15596393793711,149.14297728717523,746.0,104.0,0.1135464231354642,11.354642313546421,0.2208067940552017,22.080679405520172,72190.6166219839,27633.753379974776,7.173076923076923,0.2980769230769231,29.807692307692307,0.0,0.0,15422.0,0.4825914499779639,emerging growth corridor
801041036,Casey,Casey,Australian Capital Territory,Australian Capital Territory,-35.16699938413546,149.09471116992196,699.0,72.0,0.1138065776619993,11.38065776619993,0.181360201511335,18.1360201511335,74702.1008583691,26186.04273397965,9.708333333333334,0.4722222222222222,47.22222222222222,0.0,0.0,16544.0,0.5023041474654378,emerging growth corridor
801041037,Crace,Crace,Australian Capital Territory,Australian Capital Territory,-35.20282144498852,149.10742336777128,571.0,103.0,0.1389632513993672,13.89632513993672,0.2853185595567867,28.53185595567867,82913.72679509633,29019.46578268455,5.543689320388349,0.4271844660194174,42.71844660194174,0.029126213592233,2.9126213592233,21736.0,0.5026827632461436,emerging growth corridor
801041038,Forde,Forde,Australian Capital Territory,Australian Capital Territory,-35.168168160431655,149.14607913862514,557.0,74.0,0.1460409019402202,14.604090194022021,0.2334384858044164,23.34384858044164,95916.66696588868,36808.8828809385,7.527027027027027,0.4054054054054054,40.54054054054054,0.0,0.0,20849.0,0.4952481520591341,digitally specialised
801041039,Franklin,Franklin,Australian Capital Territory,Australian Capital Territory,-35.19944768857636,149.14329914484782,930.0,104.0,0.1166729394053443,11.66729394053443,0.1759729272419627,17.59729272419627,65120.73172043011,25800.933953525077,8.942307692307692,0.3365384615384615,33.65384615384615,0.0288461538461538,2.8846153846153797,11033.0,0.4791785510553337,emerging growth corridor
801041040,Gungahlin,Gungahlin,Australian Capital Territory,Australian Capital Territory,-35.186730583352066,149.13619862092276,1022.0,106.0,0.1067251461988304,10.67251461988304,0.1350318471337579,13.50318471337579,57222.405088062624,21043.67827102002,9.641509433962264,0.3962264150943396,39.62264150943396,0.0283018867924528,2.83018867924528,9656.0,0.4697043141056713,large-employer / job-heavy hub
801041044,Harrison,Harrison,Australian Capital Territory,Australian Capital Territory,-35.199076973311946,149.15610041608798,1039.0,109.0,0.1245504675137856,12.455046751378559,0.2133072407045009,21.330724070450092,66527.01539942253,21837.155293932236,9.53211009174312,0.4403669724770642,44.03669724770642,0.0,0.0,16797.5,0.4863757791629564,emerging growth corridor
801041046,Ngunnawal,Ngunnawal,Australian Capital Territory,Australian Capital Territory,-35.172789837195225,149.11147087130547,1013.0,95.0,0.1069693769799366,10.69693769799366,0.1593959731543624,15.939597315436242,72644.68114511353,26008.913140889665,10.663157894736845,0.4947368421052631,49.47368421052631,0.0,0.0,11530.5,0.4878512880562061,high-income specialist
801041047,Nicholls,Nicholls,Australian Capital Territory,Australian Capital Territory,-35.187320399365184,149.0964866188268,757.0,131.0,0.1375863322428208,13.758633224282079,0.2594059405940594,25.940594059405942,79388.14927344782,26589.80321746818,5.778625954198473,0.4961832061068702,49.61832061068702,0.0229007633587786,2.29007633587786,12988.0,0.4881437125748502,digitally specialised
801041048,Palmerston,Palmerston,Australian Capital Territory,Australian Capital Territory,-35.19445617943016,149.11940925433456,553.0,67.0,0.1215117556580971,12.15117556580971,0.2113564668769716,21.13564668769716,79828.02983725135,31116.930738152252,8.253731343283581,0.5373134328358209,53.73134328358209,0.044776119402985,4.4776119402985,13434.0,0.5014749262536873,digitally specialised
801041120,Moncrieff,Moncrieff,Australian Capital Territory,Australian Capital Territory,-35.158819682576535,149.11628904009274,567.0,67.0,0.1189676877885018,11.896768778850179,0.1982248520710059,19.82248520710059,78517.64109347442,33997.902738459736,8.462686567164178,0.3582089552238806,35.82089552238806,0.044776119402985,4.4776119402985,19594.0,0.4804193647856922,emerging growth corridor
801041121,Taylor,Taylor,Australian Capital Territory,Australian Capital Territory,-35.146790241940735,149.10723702914018,529.0,50.0,0.1156031468531468,11.56031468531468,0.1908396946564885,19.08396946564885,61160.914933837426,23257.862049222043,10.58,0.26,26.0,0.0,0.0,16239.0,0.464546056991385,digitally specialised
801051050,Ainslie,Ainslie,Australian Capital Territory,Australian Capital Territory,-35.262233704417994,149.14785186585453,588.0,85.0,0.1426146010186757,14.26146010186757,0.33203125,33.203125,70831.56462585034,18149.48968042225,6.91764705882353,0.5411764705882353,54.11764705882353,0.0,0.0,10604.5,0.5210902011680727,digitally specialised
801051051,Braddon,Braddon,Australian Capital Territory,Australian Capital Territory,-35.27080117720985,149.13568252684243,1223.0,190.0,0.1617938880804339,16.17938880804339,0.2383939774153074,23.83939774153074,63234.68560915781,14062.179126818875,6.436842105263158,0.4526315789473684,45.263157894736835,0.0947368421052631,9.47368421052631,11022.0,0.4904870624048706,emerging growth corridor
801051053,Civic,Civic,Australian Capital Territory,Australian Capital Territory,-35.28126030597274,149.12916956755092,815.0,484.0,0.1589933671478736,15.89933671478736,0.3157208088714938,31.57208088714938,53505.31288343558,12506.664327056336,1.6838842975206612,0.5640495867768595,56.40495867768595,0.0805785123966942,8.05785123966942,23635.0,0.4749173098125689,emerging growth corridor
801051054,Dickson,Dickson,Australian Capital Territory,Australian Capital Territory,-35.25279258256211,149.14174790788522,587.0,97.0,0.1416164053075995,14.16164053075995,0.2194570135746606,21.94570135746606,63823.52129471891,17515.881608349788,6.051546391752577,0.4536082474226804,45.36082474226804,0.0309278350515463,3.09278350515463,6602.0,0.519774011299435,digitally specialised
801051057,Lyneham,Lyneham,Australian Capital Territory,Australian Capital Territory,-35.23978173372948,149.13074896427287,722.0,111.0,0.13573980071442,13.573980071442,0.2444933920704846,24.44933920704846,72587.26038781164,27376.78915261705,6.504504504504505,0.4864864864864865,48.64864864864865,0.027027027027027,2.7027027027027,9360.0,0.5155347814132527,digitally specialised
801051058,O'Connor (ACT),O'Connor (ACT),Australian Capital Territory,Australian Capital Territory,-35.2564324292402,149.1124882908623,748.0,114.0,0.1461794019933555,14.61794019933555,0.2900763358778626,29.00763358778626,68656.41310160428,23902.1330547018,6.56140350877193,0.5,50.0,0.0263157894736842,2.63157894736842,10294.0,0.4974275656647712,digitally specialised
801051060,Turner,Turner,Australian Capital Territory,Australian Capital Territory,-35.268816079515574,149.1246678218953,755.0,106.0,0.1689415976728574,16.89415976728574,0.2482435597189695,24.82435597189695,62985.29867549669,14592.13018142643,7.122641509433962,0.5660377358490566,56.60377358490566,0.0283018867924528,2.83018867924528,5536.5,0.5117684478371501,digitally specialised
801051061,Watson,Watson,Australian Capital Territory,Australian Capital Territory,-35.234728156646725,149.15944696541212,847.0,95.0,0.132779432512933,13.277943251293301,0.2794117647058823,27.941176470588232,73261.79988193624,22795.87293413878,8.91578947368421,0.3789473684210526,37.89473684210526,0.0,0.0,12866.0,0.5302522884572449,high-income specialist
801051124,Campbell,Campbell,Australian Capital Territory,Australian Capital Territory,-35.28616446026379,149.152818894508,620.0,107.0,0.1456766917293233,14.56766917293233,0.298050139275766,29.805013927576603,70535.45322580646,14782.468850806456,5.794392523364486,0.5046728971962616,50.467289719626166,0.02803738317757,2.803738317757,8112.0,0.4882133995037221,digitally specialised
801061062,Deakin,Deakin,Australian Capital Territory,Australian Capital Territory,-35.319253531137015,149.10309100113284,389.0,203.0,0.1688368055555555,16.88368055555555,0.2481662591687041,24.81662591687041,85597.529562982,29294.071229648667,1.916256157635468,0.4088669950738916,40.88669950738916,0.0689655172413793,6.89655172413793,38226.5,0.521594684385382,digitally specialised
801061064,Griffith (ACT),Griffith (ACT),Australian Capital Territory,Australian Capital Territory,-35.325321218253634,149.13714245831846,715.0,179.0,0.1461569910057236,14.61569910057236,0.2374005305039787,23.74005305039787,78781.31468531469,23556.902992755407,3.994413407821229,0.441340782122905,44.134078212290504,0.0391061452513966,3.91061452513966,6707.0,0.4991749174917492,emerging growth corridor
801061067,Narrabundah,Narrabundah,Australian Capital Territory,Australian Capital Territory,-35.335684958071184,149.1492441382415,725.0,118.0,0.1307955980515966,13.07955980515966,0.2829736211031175,28.297362110311752,79325.82551724138,25107.736486030844,6.1440677966101696,0.3813559322033898,38.13559322033898,0.0,0.0,12852.0,0.5024594195769799,digitally specialised
801061129,Barton,Barton,Australian Capital Territory,Australian Capital Territory,-35.30925417686041,149.13585271838312,240.0,118.0,0.1406799531066823,14.06799531066823,0.3080939947780678,30.80939947780678,92945.5625,17952.437353458386,2.0338983050847457,0.4406779661016949,44.06779661016949,0.1271186440677966,12.711864406779661,17901.0,0.4954407294832826,digitally specialised
801061130,Fyshwick,Fyshwick,Australian Capital Territory,Australian Capital Territory,-35.32166921076229,149.17085493602173,8.0,218.0,0.1052631578947368,10.52631578947368,0.1371932032724984,13.71932032724984,110727.0,58746.79605263158,0.036697247706422,0.2798165137614679,27.981651376146786,0.1146788990825688,11.46788990825688,-6986.0,0.313953488372093,digitally specialised
801061131,Kingston (ACT),Kingston (ACT),Australian Capital Territory,Australian Capital Territory,-35.31522046630068,149.1465970672818,948.0,266.0,0.1598650927487352,15.98650927487352,0.2782426778242677,27.82426778242677,88056.64873417722,20703.5452771789,3.56390977443609,0.3872180451127819,38.721804511278194,0.0526315789473684,5.26315789473684,14912.0,0.5139664804469274,high-income specialist
801071078,Gordon (ACT),Gordon (ACT),Australian Capital Territory,Australian Capital Territory,-35.45674517086784,149.08498587715647,645.0,65.0,0.0985184053765083,9.85184053765083,0.2012383900928792,20.12383900928792,72640.53488372093,21221.73360069054,9.923076923076923,0.4,40.0,0.0,0.0,11206.5,0.5096603620093553,digitally specialised
801071082,Kambah,Kambah,Australian Capital Territory,Australian Capital Territory,-35.3862262320515,149.05805068331165,1294.0,146.0,0.107896272825815,10.7896272825815,0.1994535519125683,19.94535519125683,77972.37557959814,28327.57686368052,8.863013698630137,0.4452054794520548,44.52054794520548,0.0,0.0,8555.0,0.4955074875207986,high-income specialist
801071090,Wanniassa,Wanniassa,Australian Capital Territory,Australian Capital Territory,-35.39781276035945,149.0908651129665,614.0,85.0,0.1038565629228687,10.38565629228687,0.2098765432098765,20.98765432098765,75975.4006514658,24969.98987677026,7.223529411764706,0.4470588235294118,44.70588235294118,0.0588235294117647,5.88235294117647,13059.0,0.4787045252883762,digitally specialised
801091100,Curtin,Curtin,Australian Capital Territory,Australian Capital Territory,-35.324623633865556,149.07763922004466,571.0,102.0,0.1247814685314685,12.47814685314685,0.2956521739130435,29.565217391304348,88028.05078809107,34325.03549088828,5.598039215686274,0.5588235294117647,55.88235294117647,0.0,0.0,15137.0,0.5044669446098868,digitally specialised
801091109,Phillip,Phillip,Australian Capital Territory,Australian Capital Territory,-35.34702100702167,149.0909045661991,643.0,113.0,0.0957700327673518,9.57700327673518,0.1516778523489932,15.16778523489932,57959.33592534992,14702.878150550998,5.6902654867256635,0.3097345132743362,30.973451327433622,0.0442477876106194,4.42477876106194,601.5,0.5199151543719067,emerging growth corridor
801101135,Coombs,Coombs,Australian Capital Territory,Australian Capital Territory,-35.316748203830606,149.04244257671925,621.0,77.0,0.1147026228297007,11.47026228297007,0.2692307692307692,26.923076923076923,81366.2504025765,34654.022290275054,8.064935064935066,0.2727272727272727,27.27272727272727,0.0,0.0,12162.0,0.4990242542514636,emerging growth corridor
801101136,Denman Prospect,Denman Prospect,Australian Capital Territory,Australian Capital Territory,-35.29640767005848,149.02482102503427,664.0,83.0,0.1787348586810228,17.87348586810228,0.2964285714285714,29.64285714285714,88947.36445783133,30855.913582999565,8.0,0.2771084337349397,27.710843373493972,0.036144578313253,3.6144578313252995,21836.5,0.5020622422197225,emerging growth corridor
