sa2_code,sa2_label,digital_jobs,digital_businesses,digital_job_share,digital_business_share,digital_income_weighted,digital_income_premium,jobs_per_digital_business,digital_solo_share,digital_large_employer_share,male_median_income,female_median_income,gender_income_gap,female_employment_share,ecosystem_category
101021008,Karabar,554.0,45.0,0.078303886925795,0.1068883610451306,66088.29602888087,20931.637795665323,12.311111111111112,0.5111111111111111,0.0,77747.0,65202.5,12544.5,0.4773686229382431,lower digital concentration
101021009,Queanbeyan,857.0,90.0,0.0770406328658755,0.1,56753.53325554259,16697.72437384536,9.522222222222222,0.5555555555555556,0.0444444444444444,73376.0,66526.0,6850.0,0.4667916443492234,lower digital concentration
101021012,Queanbeyan West - Jerrabomberra,1248.0,165.0,0.1120086160473882,0.1783783783783784,80476.62980769231,25043.922887929257,7.5636363636363635,0.503030303030303,0.0181818181818181,93596.0,74114.0,19482.0,0.4925745515029108,high-income specialist
101021610,Googong,718.0,71.0,0.122275204359673,0.2253968253968254,85860.28969359331,20062.477874792225,10.112676056338028,0.4788732394366197,0.0,112005.0,83119.0,28886.0,0.5087837837837837,digitally specialised
101021611,Queanbeyan Surrounds,1482.0,302.0,0.1133287451250286,0.169187675070028,79379.00910931174,25017.1058822719,4.9072847682119205,0.4536423841059602,0.0132450331125827,84901.5,70200.0,14701.5,0.4860202824376836,high-income specialist
101031016,Jindabyne - Berridale,617.0,110.0,0.0702973681212259,0.0935374149659864,22503.401944894653,2799.663879496453,5.609090909090909,0.5818181818181818,0.0,52145.5,43931.0,8214.5,0.4788807699162359,lower digital concentration
101041020,Bega-Eden Hinterland,340.0,101.0,0.0539939653803398,0.0986328125,28986.098529411764,1116.5294488972322,3.366336633663366,0.594059405940594,0.0,48152.0,38326.0,9826.0,0.4876811594202898,lower digital concentration
101041025,Merimbula - Tura Beach,447.0,107.0,0.058638331365604,0.0994423791821561,35037.775167785236,6099.357287685536,4.177570093457944,0.4672897196261682,0.02803738317757,56006.0,44136.5,11869.5,0.5022332506203474,lower digital concentration
101051539,Goulburn,799.0,166.0,0.0423670396097354,0.0959537572254335,40649.82102628285,3456.973208264928,4.813253012048193,0.5180722891566265,0.0180722891566265,68660.5,51795.0,16865.5,0.4879443921511838,lower digital concentration
101051540,Goulburn Surrounds,569.0,132.0,0.0585571678501595,0.0638297872340425,43752.565905096664,9192.91421218733,4.3106060606060606,0.4924242424242424,0.0,60000.0,43932.5,16067.5,0.4777902202314296,lower digital concentration
101061542,Yass Surrounds,1095.0,240.0,0.1089010442565887,0.1192842942345924,76871.82648401827,31220.78207824999,4.5625,0.6125,0.0,74088.0,59563.0,14525.0,0.4931657310226996,high-income specialist
102011028,Avoca Beach - Copacabana,636.0,162.0,0.1073236584542693,0.2012422360248447,49728.73584905661,11711.52002050446,3.925925925925926,0.5493827160493827,0.0,74989.0,49106.0,25883.0,0.5036262798634812,digitally specialised
102011029,Box Head - MacMasters Beach,917.0,198.0,0.1251706251706251,0.1997981836528758,47648.775354416575,8948.18355807478,4.6313131313131315,0.5252525252525253,0.0,71428.0,48375.5,23052.5,0.4997505404955928,digitally specialised
102011030,Calga - Kulnura,279.0,100.0,0.080775911986103,0.0825763831544178,51281.93548387097,15702.19214281712,2.79,0.55,0.03,54598.0,44150.5,10447.5,0.4569493711705901,lower digital concentration
102011031,Erina - Green Point,970.0,293.0,0.1030380284682388,0.1627777777777777,57128.03711340206,19565.282917523586,3.310580204778157,0.5017064846416383,0.0136518771331058,69621.0,49545.0,20076.0,0.505725447932103,digitally specialised
102011032,Gosford - Springfield,1561.0,371.0,0.0849616284765688,0.1486378205128205,54681.36450992953,19845.503246118504,4.2075471698113205,0.4716981132075472,0.0188679245283018,67196.0,55673.0,11523.0,0.4939611680171227,emerging growth corridor
102011035,Narara,528.0,59.0,0.0912232204561161,0.1745562130177514,52190.58522727273,13858.46040004398,8.94915254237288,0.5254237288135594,0.0,71726.0,51901.0,19825.0,0.5048431734317343,digitally specialised
102011036,Niagara Park - Lisarow,618.0,83.0,0.0959180505975477,0.1599229287090559,54098.16504854369,13440.04825512448,7.445783132530121,0.5180722891566265,0.0,72274.0,53045.0,19229.0,0.5034,digitally specialised
102011037,Point Clare - Koolewong,546.0,101.0,0.1191619380183326,0.2657894736842105,55867.357142857145,14545.682983101578,5.405940594059406,0.5742574257425742,0.0297029702970297,75149.0,52161.0,22988.0,0.4928989139515455,digitally specialised
102011039,Terrigal - North Avoca,1174.0,292.0,0.1028381219341275,0.1913499344692005,61084.69165247019,21106.3851090224,4.02054794520548,0.5308219178082192,0.0,76840.0,56076.5,20763.5,0.5015765765765766,emerging growth corridor
102011040,Umina - Booker Bay - Patonga,1637.0,257.0,0.1028395527076265,0.1788448155880306,57291.75503970678,19076.690804250065,6.36964980544747,0.603112840466926,0.0116731517509727,68253.0,49087.0,19166.0,0.5097418026294946,emerging growth corridor
102011041,Wamberal - Forresters Beach,838.0,182.0,0.1024951076320939,0.1720226843100189,50997.979116945105,12414.370322913795,4.604395604395604,0.5054945054945055,0.0164835164835164,74299.5,52491.0,21808.5,0.5001550868486352,digitally specialised
102011042,Woy Woy - Blackwall,964.0,144.0,0.1006893670357217,0.1848523748395378,52437.75311203319,15409.578890182347,6.694444444444445,0.5972222222222222,0.0208333333333333,67145.0,50322.0,16823.0,0.501023052789524,digitally specialised
102011043,Wyoming,695.0,81.0,0.0843241931570007,0.1377551020408163,49533.97122302158,12130.980747408868,8.580246913580247,0.6049382716049383,0.0,68927.0,51256.5,17670.5,0.5008964955175225,lower digital concentration
102021044,Bateau Bay - Killarney Vale,1027.0,144.0,0.0632155607534162,0.1159420289855072,43649.6299902629,7345.611924277429,7.131944444444445,0.6041666666666666,0.0,67663.5,49336.0,18327.5,0.5047819743880694,lower digital concentration
102021047,Chittaway Bay - Tumbi Umbi,949.0,144.0,0.0763721229679703,0.1149241819632881,39442.70600632244,333.23216115907417,6.590277777777778,0.5486111111111112,0.0,71077.0,51061.0,20016.0,0.4997912317327766,lower digital concentration
102021048,Gorokan - Kanwal - Charmhaven,847.0,80.0,0.0539696699375557,0.087719298245614,32238.214876033056,-282.28365843871507,10.5875,0.575,0.0375,63076.0,48070.0,15006.0,0.4964079200981251,large-employer / job-heavy hub
102021053,The Entrance,804.0,135.0,0.0713525026624068,0.1133501259445843,34279.84328358209,3287.130069169598,5.955555555555556,0.4962962962962963,0.0222222222222222,59927.0,48145.0,11782.0,0.5038240917782026,lower digital concentration
102021055,Tuggerah - Kangy Angy,366.0,112.0,0.0822471910112359,0.1055607917059378,42884.629781420765,6624.591017375824,3.267857142857143,0.4107142857142857,0.0446428571428571,68099.0,50591.0,17508.0,0.4897709923664122,lower digital concentration
102021056,Warnervale - Wadalba,981.0,128.0,0.0591641034919486,0.1133746678476528,43183.4622833843,6355.27091977535,7.6640625,0.53125,0.0,73845.5,51756.0,22089.5,0.5035046728971962,emerging growth corridor
103011612,Bathurst - South,407.0,135.0,0.0499386503067484,0.1179039301310043,32694.496314496315,3123.4089525331256,3.0148148148148146,0.4666666666666667,0.0296296296296296,60128.0,53191.0,6937.0,0.4847105933745904,lower digital concentration
103011613,Bathurst - West,561.0,82.0,0.0477203130316434,0.0954598370197904,41712.56862745098,2801.5642041777537,6.841463414634147,0.5365853658536586,0.0,73690.5,54874.0,18816.5,0.5028671737858397,lower digital concentration
103031072,Mudgee,556.0,94.0,0.054483096521313,0.0743670886075949,38289.411870503594,-2435.2870025978264,5.914893617021277,0.425531914893617,0.0,76863.0,46812.0,30051.0,0.4807563363282821,lower digital concentration
103041077,Orange,701.0,216.0,0.0474674972914409,0.1075161772025883,38659.68188302425,4453.870940445697,3.2453703703703702,0.4444444444444444,0.0231481481481481,65367.0,53458.0,11909.0,0.4926666666666666,lower digital concentration
103041078,Orange - North,987.0,167.0,0.0505014326647564,0.1126095751854349,43252.48632218845,4145.144989810229,5.910179640718563,0.5149700598802395,0.0239520958083832,76157.5,57835.0,18322.5,0.499247904877874,emerging growth corridor
103041079,Orange Surrounds,461.0,115.0,0.0512279142126903,0.0595238095238095,41970.35683297181,5854.933008102373,4.008695652173913,0.5739130434782609,0.0,63113.5,48514.0,14599.5,0.4813698630136986,lower digital concentration
104011080,Grafton,534.0,79.0,0.0417840375586854,0.0657785179017485,27601.52808988764,-5390.34675361784,6.7594936708860756,0.430379746835443,0.0,55963.0,45971.0,9992.0,0.4964065708418891,lower digital concentration
104011082,Maclean - Yamba - Iluka,544.0,151.0,0.052601044285438,0.1007338225483655,28485.740808823528,773.246030250717,3.6026490066225167,0.5364238410596026,0.0198675496688741,52204.0,40515.0,11689.0,0.4981029167654731,lower digital concentration
104021083,Bellingen,260.0,106.0,0.0671834625322997,0.1648522550544323,35826.0,8697.616279069767,2.452830188679245,0.5566037735849056,0.0283018867924528,46655.0,38155.5,8499.5,0.5260581629714944,digitally specialised
104021084,Coffs Harbour - North,677.0,134.0,0.0485304659498207,0.1019786910197869,34008.087149187595,5866.5161456033675,5.052238805970149,0.5746268656716418,0.0,54735.0,47242.0,7493.0,0.4930501174628034,lower digital concentration
104021085,Coffs Harbour - South,411.0,177.0,0.0504480176752178,0.1230876216968011,30691.47201946472,2988.981041190509,2.3220338983050848,0.4180790960451977,0.03954802259887,52426.0,46416.0,6010.0,0.5027331456021202,lower digital concentration
104021088,Korora - Emerald Beach,522.0,134.0,0.0662100456621004,0.1474147414741474,48160.66379310345,13152.408719536732,3.8955223880597014,0.5895522388059702,0.0223880597014925,64663.0,49798.0,14865.0,0.5103292446739832,lower digital concentration
104021089,Sawtell - Boambee,768.0,136.0,0.0530863344162576,0.1075098814229249,39854.64453125,8176.754609358799,5.647058823529412,0.4485294117647059,0.0,57339.0,47488.0,9851.0,0.5017584994138335,lower digital concentration
104021091,Woolgoolga - Arrawarra,566.0,99.0,0.0483554036736437,0.0885509838998211,32898.675795053,7415.224406757399,5.717171717171717,0.5757575757575758,0.0303030303030303,49662.0,41930.0,7732.0,0.494687535702045,lower digital concentration
105021097,Broken Hill,597.0,49.0,0.0496176861702127,0.0524625267665952,11208.273869346736,-30321.861561171885,12.183673469387756,0.5306122448979592,0.0,70530.0,52510.0,18020.0,0.4872328767123288,lower digital concentration
105031101,Dubbo - South,810.0,184.0,0.0455927051671732,0.0965879265091863,41702.21111111111,5800.845412585833,4.4021739130434785,0.4619565217391304,0.0,70635.0,57178.0,13457.0,0.5073366669399131,lower digital concentration
106011107,Branxton - Greta - Pokolbin,699.0,121.0,0.059027191352812,0.100248550124275,46290.663805436336,1627.8264468820344,5.776859504132231,0.5702479338842975,0.0,87899.0,49953.0,37946.0,0.4812003736571695,lower digital concentration
106011108,Cessnock,668.0,89.0,0.0397004635682871,0.0914696813977389,39648.706586826345,5558.970761318204,7.50561797752809,0.5393258426966292,0.0337078651685393,68611.0,45651.0,22960.0,0.492798353909465,lower digital concentration
106011111,Kurri Kurri - Abermain,761.0,65.0,0.0447857815442561,0.0798525798525798,45310.22864651774,8668.542411819057,11.707692307692309,0.5692307692307692,0.0461538461538461,74129.5,50036.0,24093.5,0.4847921595133491,large-employer / job-heavy hub
106011112,Singleton,674.0,105.0,0.0475887876862246,0.0909878682842287,43121.94807121662,-5714.948984491915,6.419047619047619,0.4952380952380952,0.0380952380952381,94770.0,47434.0,47336.0,0.4534964000394516,lower digital concentration
106021116,Maitland - North,540.0,88.0,0.0780459603989015,0.1466666666666666,53120.694444444445,7479.154915610801,6.136363636363637,0.4545454545454545,0.0,86697.0,52595.0,34102.0,0.5004737540269092,lower digital concentration
106021614,East Maitland - Metford,994.0,138.0,0.068433734939759,0.1269549218031278,48280.23943661972,8943.778679304742,7.202898550724638,0.4057971014492754,0.0217391304347826,74828.0,52359.0,22469.0,0.4892963425170394,lower digital concentration
106021615,Rutherford (North) - Aberglasslyn,788.0,102.0,0.0517331932773109,0.1122112211221122,45372.48984771573,4760.725896822878,7.725490196078432,0.5294117647058824,0.0,81744.5,50649.5,31095.0,0.4950197331328698,lower digital concentration
106021618,Thornton - Millers Forest,893.0,119.0,0.0624213616664336,0.1133333333333333,53872.46360582307,9987.673063393318,7.504201680672269,0.3445378151260504,0.0672268907563025,84576.0,54670.0,29906.0,0.4929536957146966,lower digital concentration
106031121,Nelson Bay Peninsula,848.0,246.0,0.0604203776273601,0.1431064572425829,47316.72641509434,15526.653347762664,3.4471544715447155,0.5650406504065041,0.0,60588.0,42994.0,17594.0,0.4995885526195483,lower digital concentration
106031122,Raymond Terrace,518.0,63.0,0.0465116279069767,0.0660377358490566,40924.62258687259,7946.067096165934,8.222222222222221,0.3968253968253968,0.1111111111111111,67169.5,46854.0,20315.5,0.4793794930003783,lower digital concentration
106031125,Williamtown - Medowie - Karuah,737.0,87.0,0.0624311732316814,0.0934479054779806,52970.94029850746,13590.466092662486,8.471264367816092,0.4367816091954023,0.0344827586206896,76363.5,48492.0,27871.5,0.4792554384391119,lower digital concentration
107011131,Dapto - Avondale,1004.0,118.0,0.0575391139893403,0.1059245960502693,45981.78087649403,6794.051465066441,8.508474576271187,0.4745762711864407,0.0,73692.0,50186.0,23506.0,0.4829880538333585,lower digital concentration
107011132,Horsley - Kembla Grange,766.0,68.0,0.073357594330588,0.1362725450901803,50204.55352480418,4572.656378663589,11.264705882352942,0.4558823529411764,0.0,86255.0,54747.0,31508.0,0.5050787201625191,large-employer / job-heavy hub
107011134,Unanderra - Mount Kembla,918.0,140.0,0.080802746237127,0.1087801087801087,52358.055555555555,8429.449755009831,6.557142857142857,0.4714285714285714,0.0428571428571428,79330.0,52604.0,26726.0,0.489317948132069,lower digital concentration
107011545,Berkeley - Lake Heights - Cringila,535.0,41.0,0.0567217981340118,0.0647709320695102,47489.52056074766,13674.023264310004,13.048780487804878,0.5853658536585366,0.0,64126.0,44586.5,19539.5,0.4606458828463581,lower digital concentration
107031136,Albion Park - Macquarie Pass,963.0,98.0,0.0580750211072247,0.109375,54883.86915887851,9887.97985119548,9.826530612244898,0.4183673469387755,0.0,84646.5,52718.0,31928.5,0.5009214005288037,large-employer / job-heavy hub
107031138,Kiama,468.0,136.0,0.0832592065468777,0.1723700887198986,48230.166666666664,8921.688548894024,3.4411764705882355,0.5294117647058824,0.0,72253.5,48611.0,23642.5,0.5103139013452915,digitally specialised
107031140,Kiama Hinterland - Gerringong,490.0,140.0,0.0891071103837061,0.1560758082497212,52182.489795918365,13791.118364749062,3.5,0.6071428571428571,0.0214285714285714,70435.0,47165.0,23270.0,0.4928888888888889,digitally specialised
107031141,Shellharbour - Flinders,1014.0,168.0,0.0653055967025181,0.1428571428571428,52822.483234714,8860.142570065327,6.035714285714286,0.5416666666666666,0.0178571428571428,85227.5,51227.0,34000.5,0.5011455239711498,emerging growth corridor
107031143,Warilla,692.0,86.0,0.0512516664197896,0.1032412965186074,46495.491329479766,9232.28061995525,8.046511627906977,0.5581395348837209,0.0,67720.5,47848.0,19872.5,0.490194165284418,lower digital concentration
107041144,Balgownie - Fairy Meadow,1494.0,230.0,0.0933983495873968,0.1494476933073424,49724.77911646586,10725.393301262062,6.495652173913044,0.5608695652173913,0.0,71563.0,51771.0,19792.0,0.4889327738007076,emerging growth corridor
107041145,Corrimal - Tarrawanna - Bellambi,933.0,128.0,0.0798801369863013,0.1302136317395727,45255.845659163984,3995.5572173831606,7.2890625,0.4765625,0.0234375,75507.0,53706.0,21801.0,0.5053799596503026,lower digital concentration
107041146,Figtree - Keiraville,1643.0,216.0,0.0912321616969293,0.173215717722534,48318.34570906877,9664.556076107474,7.606481481481482,0.4907407407407407,0.0185185185185185,71583.5,52850.0,18733.5,0.4818637349487697,emerging growth corridor
107041147,Helensburgh,797.0,147.0,0.1116246498599439,0.1882202304737516,58931.10476787955,11276.358759476192,5.421768707482993,0.5578231292517006,0.0,88908.0,55869.0,33039.0,0.4928759894459102,digitally specialised
107041148,Thirroul - Austinmer - Coalcliff,1277.0,287.0,0.1421099488092588,0.2450896669513236,53909.03837118246,8718.491910020653,4.449477351916376,0.5644599303135889,0.0,86771.0,58165.0,28606.0,0.4985200845665962,emerging growth corridor
107041150,Woonona - Bulli - Russell Vale,1485.0,247.0,0.097761685319289,0.1925175370226032,55109.51111111111,8244.083263843175,6.012145748987854,0.5101214574898786,0.0161943319838056,87746.0,55941.0,31805.0,0.502020202020202,emerging growth corridor
107041548,Wollongong - East,1611.0,444.0,0.1100259527386969,0.1622214103032517,45398.274674115455,11070.64689102571,3.6283783783783785,0.4031531531531531,0.0472972972972973,69900.0,56442.0,13458.0,0.4919315403422983,emerging growth corridor
107041549,Wollongong - West,1384.0,150.0,0.093621051207468,0.1270110076206604,47349.16221098266,13805.222584384535,9.226666666666668,0.5333333333333333,0.0,63069.0,52718.0,10351.0,0.4744315456202629,emerging growth corridor
108041162,Laurieton - Bonny Hills,462.0,117.0,0.0421186981493299,0.1036315323294951,36199.23376623377,5879.65290197996,3.948717948717949,0.6153846153846154,0.0,52821.5,44245.5,8576.0,0.5101232892206764,lower digital concentration
108041164,Port Macquarie - West,662.0,166.0,0.0443878235215234,0.0951289398280802,35541.20392749245,5658.856301101136,3.987951807228915,0.4939759036144578,0.0,58613.0,48821.0,9792.0,0.5182871627738548,lower digital concentration
108041619,Port Macquarie - East,561.0,181.0,0.0620300751879699,0.1362951807228915,41038.01515151515,9903.071874204226,3.0994475138121547,0.4088397790055249,0.0,59486.5,49093.0,10393.5,0.5072140413505876,lower digital concentration
108041620,Port Macquarie - South,640.0,136.0,0.0539310693519844,0.1221922731356693,45055.259375,10847.109210678776,4.705882352941177,0.5073529411764706,0.0,60599.5,50775.0,9824.5,0.5101325446379669,lower digital concentration
108051169,Taree,479.0,108.0,0.0374394247303423,0.082442748091603,34548.43841336117,4621.249144954101,4.435185185185185,0.4629629629629629,0.0,53535.0,45116.0,8419.0,0.5014776317130337,lower digital concentration
109011172,Albury - East,904.0,142.0,0.0583376355188435,0.10790273556231,47615.85840707965,10733.583981421412,6.366197183098592,0.5633802816901409,0.0211267605633802,73740.5,54600.0,19140.5,0.5021222794184051,lower digital concentration
109011174,Albury - South,573.0,240.0,0.0688370975492551,0.1221995926680244,38005.65445026178,5697.663880824013,2.3875,0.4541666666666666,0.0208333333333333,62478.0,53525.0,8953.0,0.5046652479947619,lower digital concentration
109011175,Albury Surrounds,557.0,76.0,0.0584163607760881,0.0442890442890442,42460.49012567325,11274.004965736174,7.328947368421052,0.5394736842105263,0.0394736842105263,61950.0,45256.0,16694.0,0.4819245431839095,lower digital concentration
109011176,Lavington,531.0,77.0,0.0419596997234294,0.0796277145811789,28203.186440677968,-431.8814771410762,6.896103896103896,0.5974025974025974,0.0,61144.0,45849.5,15294.5,0.4801888965676111,lower digital concentration
110011186,Armidale,1032.0,240.0,0.0566410537870472,0.1171875,36089.782945736435,6111.035552761681,4.3,0.5958333333333333,0.025,57525.0,49612.0,7913.0,0.5026073619631902,lower digital concentration
110041202,Tamworth - East,663.0,87.0,0.0389541715628672,0.0729253981559094,37266.39366515837,2966.538700411016,7.620689655172414,0.6206896551724138,0.0,62393.0,51028.5,11364.5,0.4877712989957888,lower digital concentration
110041203,Tamworth - North,665.0,174.0,0.0498725063746812,0.1069452980946527,39062.57142857143,3209.002657010009,3.82183908045977,0.4482758620689655,0.0172413793103448,65240.0,55847.5,9392.5,0.4958394008737258,lower digital concentration
110041205,Tamworth Surrounds,664.0,133.0,0.0464011180992313,0.0526941362916006,37374.66265060241,522.0870740824976,4.992481203007519,0.6240601503759399,0.0,60266.5,46696.5,13570.0,0.4887205097296366,lower digital concentration
111011206,Belmont - Bennetts Green,841.0,135.0,0.0635964912280701,0.1057993730407523,49029.92687277051,9888.635319533976,6.229629629629629,0.4666666666666667,0.0,74300.0,51589.0,22711.0,0.4936040609137055,lower digital concentration
111011208,Charlestown - Dudley,1698.0,286.0,0.0843810565025095,0.1363853123509776,58349.51825677267,17285.95492128592,5.937062937062937,0.4405594405594406,0.0174825174825174,77329.0,55794.0,21535.0,0.5002352308622892,lower digital concentration
111011209,Glendale - Cardiff - Hillsborough,1391.0,181.0,0.0709476690808936,0.1067216981132075,55233.58914450036,14421.31246899286,7.685082872928176,0.4530386740331492,0.0165745856353591,76775.0,54930.5,21844.5,0.4896412680756396,lower digital concentration
111011212,Swansea - Caves Beach,542.0,112.0,0.0638623777542123,0.1423125794155019,50252.40959409594,9085.408651477816,4.839285714285714,0.4732142857142857,0.0,71815.0,51025.0,20790.0,0.4832680132649985,lower digital concentration
111011213,Valentine - Eleebana,815.0,144.0,0.0865823860618293,0.1696113074204947,61206.36809815951,14876.21400275953,5.659722222222222,0.4513888888888889,0.0,85577.0,54422.5,31154.5,0.5011655011655012,digitally specialised
111011214,Warners Bay - Boolaroo,825.0,181.0,0.0707789979409746,0.1398763523956723,50551.88787878788,8216.725044196253,4.558011049723757,0.425414364640884,0.0220994475138121,79348.5,55428.0,23920.5,0.5060919540229885,lower digital concentration
111021217,Edgeworth - Cameron Park,826.0,91.0,0.0578067044579746,0.1151898734177215,55779.43280871671,13499.325943295757,9.076923076923077,0.4065934065934066,0.0,80336.0,55722.0,24614.0,0.4939239513916111,lower digital concentration
111021218,Morisset - Cooranbong,806.0,146.0,0.0596771805123648,0.101813110181311,41972.82754342432,9031.823619242474,5.52054794520548,0.4041095890410959,0.0205479452054794,66115.0,46372.0,19743.0,0.4950156372165754,emerging growth corridor
111021219,Toronto - Awaba,697.0,148.0,0.0724908996359854,0.1511746680286006,49052.954088952654,12361.28752629015,4.70945945945946,0.4391891891891892,0.0,70558.0,48830.0,21728.0,0.4931525798865679,digitally specialised
111031222,Adamstown - Kotara,1384.0,197.0,0.0976918190160231,0.1498098859315589,60045.28973988439,16932.166001619407,7.025380710659898,0.365482233502538,0.015228426395939,81629.0,59671.0,21958.0,0.5010665115377158,lower digital concentration
111031224,Hamilton - Broadmeadow,1068.0,345.0,0.0987791342952275,0.181578947368421,54824.89606741573,17948.023379661383,3.0956521739130434,0.4028985507246377,0.0579710144927536,70838.0,58841.5,11996.5,0.4954754098360656,emerging growth corridor
111031225,Lambton - New Lambton,1331.0,217.0,0.0912956992935043,0.1492434662998624,49832.18632607062,8115.262737347119,6.1336405529953915,0.4746543778801843,0.0184331797235023,77780.5,59314.0,18466.5,0.5091619384243327,emerging growth corridor
111031226,Maryland - Fletcher - Minmi,997.0,100.0,0.0695403501429866,0.1285347043701799,53268.0516549649,12777.973953911678,9.97,0.49,0.0,78946.0,54102.0,24844.0,0.4944894177313957,large-employer / job-heavy hub
111031227,Mayfield - Warabrook,1083.0,164.0,0.0825834985511666,0.1451327433628318,51823.23868882733,14105.15290264463,6.603658536585366,0.4085365853658536,0.048780487804878,70291.0,58445.5,11845.5,0.4990801861270425,lower digital concentration
111031228,Merewether - The Junction,1396.0,351.0,0.1123179660471478,0.1984171848501978,59407.43839541548,18688.012576765548,3.977207977207977,0.5128205128205128,0.0227920227920227,81894.5,58800.0,23094.5,0.4966267682263329,emerging growth corridor
111031229,Newcastle - Cooks Hill,1476.0,604.0,0.1197274497079818,0.2067785005135227,51762.93089430894,14022.570495217442,2.443708609271523,0.48841059602649,0.0364238410596026,75776.5,62468.0,13308.5,0.4977313974591651,emerging growth corridor
111031231,Shortland - Jesmond,712.0,55.0,0.0628364663313035,0.0783475783475783,33676.82865168539,13051.514292846809,12.945454545454544,0.509090909090909,0.0545454545454545,52275.0,42984.0,9291.0,0.4475200224813826,lower digital concentration
111031233,Wallsend - Elermore Vale,1174.0,141.0,0.0710395740045988,0.1315298507462686,50410.209114139696,13068.174290225865,8.326241134751774,0.425531914893617,0.0212765957446808,71352.5,54375.0,16977.5,0.503140383636055,lower digital concentration
111031234,Waratah - North Lambton,895.0,78.0,0.0799892751809813,0.1295681063122923,50455.53966480447,14485.789597774354,11.474358974358974,0.4871794871794871,0.0384615384615384,68713.5,58447.0,10266.5,0.4887676925074665,large-employer / job-heavy hub
111031235,Wickham - Carrington - Tighes Hill,933.0,177.0,0.1016339869281045,0.1749011857707509,47467.56162915327,8634.662881876582,5.271186440677966,0.4689265536723164,0.03954802259887,75055.0,61512.0,13543.0,0.5084507042253521,emerging growth corridor
112011236,Ballina,665.0,178.0,0.0558870493318766,0.1001688238604389,36231.112781954886,6494.759096771257,3.735955056179775,0.5224719101123596,0.0337078651685393,54253.0,46834.5,7418.5,0.5077681345762348,lower digital concentration
112011237,Ballina Surrounds,887.0,240.0,0.0668425018839487,0.1130475741874705,36954.2266065389,5742.474910985016,3.6958333333333337,0.5333333333333333,0.0125,55468.0,46031.0,9437.0,0.4952847633136095,emerging growth corridor
112011238,Bangalow,604.0,231.0,0.1034246575342465,0.1739457831325301,32082.46357615894,11609.841144652091,2.6147186147186146,0.6147186147186147,0.0,46491.5,35420.0,11071.5,0.5042426813746288,emerging growth corridor
112011239,Brunswick Heads - Ocean Shores,580.0,168.0,0.0869956502174891,0.168,33878.35603448276,10414.47287864055,3.452380952380953,0.625,0.0,49850.5,38578.0,11272.5,0.5334176300578035,emerging growth corridor
112011240,Byron Bay,1142.0,381.0,0.0871290150301365,0.1704697986577181,23869.761821366024,10915.143335060997,2.9973753280839897,0.5748031496062992,0.0078740157480314,42405.0,32505.0,9900.0,0.5292397660818714,emerging growth corridor
112011242,Lennox Head - Skennars Head,716.0,188.0,0.0924825626453113,0.1654929577464788,44019.32122905028,11743.51801282708,3.808510638297872,0.5425531914893617,0.0,61792.5,48462.0,13330.5,0.5195141700404858,digitally specialised
112011243,Mullumbimby,561.0,206.0,0.0901349614395886,0.1596899224806201,28411.13368983957,10076.06725346425,2.7233009708737863,0.587378640776699,0.0,38619.0,29019.0,9600.0,0.5126705653021443,emerging growth corridor
112021248,Lismore,553.0,165.0,0.0538199513381995,0.1073519843851659,36384.23417721519,6716.686050694512,3.3515151515151516,0.5393939393939394,0.0424242424242424,53324.0,47525.0,5799.0,0.4972628898790579,lower digital concentration
112021249,Lismore Surrounds,700.0,196.0,0.0649772579597141,0.0887279311905839,36236.58285714286,5641.106016894086,3.5714285714285716,0.6377551020408163,0.0,45319.0,42212.0,3107.0,0.4886233766233766,emerging growth corridor
112031250,Kingscliff - Fingal Head,934.0,299.0,0.089532208588957,0.1766095688127584,38171.34047109208,7642.801600309871,3.1237458193979935,0.5484949832775919,0.0,61403.0,45632.0,15771.0,0.5135337408007984,emerging growth corridor
112031252,Murwillumbah Surrounds,468.0,130.0,0.0689858490566037,0.1145374449339207,31803.83760683761,5765.251006012135,3.6,0.6615384615384615,0.0,47844.0,35235.0,12609.0,0.4814246762099523,lower digital concentration
112031253,Pottsville,756.0,180.0,0.0775225594749794,0.1458670988654781,36728.5,7198.525174323215,4.2,0.6055555555555555,0.0,59833.0,42058.5,17774.5,0.5145966709346991,emerging growth corridor
112031254,Tweed Heads,1037.0,211.0,0.0691794529686457,0.1247044917257683,34169.051108968175,5860.485698694658,4.914691943127962,0.6113744075829384,0.0,58106.5,44727.5,13379.0,0.5058918050348152,emerging growth corridor
112031550,Banora Point,686.0,116.0,0.0593374275581697,0.1294642857142857,35770.4555393586,3825.929287304276,5.913793103448276,0.6206896551724138,0.0,60982.5,47038.0,13944.5,0.5200316885468538,lower digital concentration
113011256,Griffith (NSW),681.0,165.0,0.0339210998206814,0.0729442970822281,33543.052863436125,2636.2034661458274,4.127272727272727,0.5515151515151515,0.0424242424242424,61439.0,48401.0,13038.0,0.4649361523969018,lower digital concentration
113031267,Wagga Wagga - East,625.0,99.0,0.0450807847663012,0.0646636185499673,41754.7712,6606.822015060592,6.313131313131313,0.6060606060606061,0.0707070707070707,67848.5,53168.0,14680.5,0.4960979946656129,lower digital concentration
113031269,Wagga Wagga - South,768.0,85.0,0.0400793236614132,0.0804924242424242,38032.538411458336,3173.1302338150854,9.03529411764706,0.6,0.0352941176470588,66729.0,53818.5,12910.5,0.4989927628142953,lower digital concentration
113031270,Wagga Wagga - West,441.0,167.0,0.044188376753507,0.0890666666666666,39949.83219954649,8392.793121390176,2.6407185628742513,0.4251497005988024,0.0538922155688622,59742.0,52397.0,7345.0,0.4732681805116412,lower digital concentration
113031271,Wagga Wagga Surrounds,546.0,74.0,0.038712422007941,0.0349881796690307,39223.52380952381,6509.848575547632,7.378378378378378,0.7027027027027027,0.0,66902.5,50946.0,15956.5,0.4848710548366074,lower digital concentration
114011272,Berry - Kangaroo Valley,520.0,158.0,0.0921332388377037,0.1486359360301034,40159.60769230769,9625.562334405497,3.2911392405063293,0.5759493670886076,0.0189873417721519,60173.0,41952.5,18220.5,0.4979296066252588,lower digital concentration
114011277,North Nowra - Bomaderry,674.0,105.0,0.0600713012477718,0.1035502958579881,46038.913946587534,11808.711896676656,6.419047619047619,0.5619047619047619,0.0285714285714285,63678.0,46356.0,17322.0,0.4907890163364616,lower digital concentration
114011278,Nowra,684.0,143.0,0.0435169868940068,0.0839694656488549,41933.241228070176,9170.832906400752,4.783216783216783,0.4195804195804196,0.0629370629370629,62707.5,47277.0,15430.5,0.4898417913028443,lower digital concentration
114011282,Ulladulla,606.0,154.0,0.0580293019247342,0.102461743180306,35852.5,8386.129177439434,3.935064935064935,0.5064935064935064,0.0,51734.5,38670.0,13064.5,0.505607476635514,lower digital concentration
114021284,Bowral,985.0,403.0,0.1185746960394847,0.2135665076841547,42473.60659898477,9358.600700345072,2.444168734491315,0.4813895781637717,0.0173697270471464,67521.0,46609.0,20912.0,0.5024689510698788,emerging growth corridor
114021286,Mittagong,702.0,182.0,0.0862619808306709,0.1443298969072164,44828.22934472934,10741.835943402237,3.857142857142857,0.5604395604395604,0.0,68172.0,48618.0,19554.0,0.4959232613908872,lower digital concentration
114021287,Moss Vale - Berrima,687.0,151.0,0.0863499245852187,0.1289496157130657,41080.96069868996,6990.161490545164,4.549668874172186,0.5562913907284768,0.0,66785.0,48693.5,18091.5,0.4932258064516129,emerging growth corridor
114021289,Southern Highlands,461.0,163.0,0.0988421955403087,0.1580989330746847,40785.95444685467,7347.357534333227,2.8282208588957056,0.5276073619631901,0.0,60464.0,40328.0,20136.0,0.5021415973796927,digitally specialised
115011290,Baulkham Hills - East,2806.0,406.0,0.1504799699683595,0.1940726577437858,78482.37687099073,26675.29020825678,6.911330049261084,0.4556650246305418,0.0073891625615763,88713.0,65304.0,23409.0,0.4920449869702373,major digital hub
115011291,Baulkham Hills (West) - Bella Vista,2481.0,1090.0,0.1459755236526241,0.1800165152766308,71338.89560661025,19457.248660269943,2.276146788990826,0.3990825688073394,0.0238532110091743,90901.0,65973.0,24928.0,0.4946085672082718,major digital hub
115011294,Glenhaven,646.0,134.0,0.1445190156599552,0.2048929663608562,60183.17647058824,13083.173786024485,4.82089552238806,0.5223880597014925,0.0,89949.5,57413.5,32536.0,0.4859135285913528,digitally specialised
115011296,West Pennant Hills,1711.0,355.0,0.1817119796091758,0.2466990965948575,68074.49678550556,15619.27036239596,4.819718309859155,0.5183098591549296,0.0084507042253521,88226.5,65227.0,22999.5,0.4919793014230271,digitally specialised
115011553,Castle Hill - Central,887.0,277.0,0.1480801335559265,0.1532079646017699,78710.68207440812,28749.466882421475,3.2021660649819497,0.447653429602888,0.0252707581227436,86290.0,62400.0,23890.0,0.4944664856963875,high-income specialist
115011554,Castle Hill - East,553.0,113.0,0.1719527363184079,0.261574074074074,75162.58951175406,23449.110966977947,4.893805309734513,0.5132743362831859,0.0,88623.0,60565.0,28058.0,0.4914546145081656,digitally specialised
115011555,Castle Hill - North,1418.0,272.0,0.1485438927299392,0.2004421518054532,72741.69534555712,26124.493742791565,5.213235294117647,0.5698529411764706,0.0,81994.5,59600.5,22394.0,0.4842576735607957,high-income specialist
115011556,Castle Hill - South,1306.0,267.0,0.1624378109452736,0.2255067567567567,73735.48315467076,25479.32594074041,4.891385767790262,0.5318352059925093,0.0112359550561797,85435.5,61357.0,24078.5,0.4911128903122498,high-income specialist
115011557,Castle Hill - West,643.0,145.0,0.1567145990738484,0.2650822669104204,71566.4634525661,18903.170618054763,4.43448275862069,0.5241379310344828,0.0,93282.5,63960.5,29322.0,0.5010660980810234,emerging growth corridor
115011558,Cherrybrook,2676.0,434.0,0.1851390618513906,0.2942372881355932,85129.76121076233,31062.07150549043,6.1658986175115205,0.4907834101382488,0.0,95099.5,66766.0,28333.5,0.4847640605955076,major digital hub
115011621,Kellyville - East,2010.0,378.0,0.1376618039860283,0.2342007434944238,70928.27313432835,21391.917610734075,5.317460317460317,0.5370370370370371,0.0,90942.0,61905.5,29036.5,0.4999558888398764,major digital hub
115011622,Kellyville - West,1542.0,218.0,0.1598590089156127,0.2039289055191768,80837.2140077821,27147.581828640483,7.073394495412844,0.463302752293578,0.0,97551.0,68615.0,28936.0,0.4909041542221015,high-income specialist
115021297,Dural - Kenthurst - Wisemans Ferry,1850.0,504.0,0.1143598936762069,0.1315240083507307,60879.34162162162,18121.60183674185,3.670634920634921,0.5297619047619048,0.0119047619047619,73221.0,52165.0,21056.0,0.4820191599115696,major digital hub
115021298,Galston - Laughtondale,495.0,144.0,0.1317540590896992,0.1758241758241758,54536.818181818184,14546.070776973896,3.4375,0.6041666666666666,0.0,71484.5,54576.5,16908.0,0.490732013823437,digitally specialised
115031300,Kurrajong Heights - Ebenezer,1202.0,244.0,0.0694356189705967,0.0919366993217784,41799.334442595675,496.6690564250312,4.926229508196721,0.5614754098360656,0.0122950819672131,74300.0,52007.0,22293.0,0.4826540685375828,lower digital concentration
115041301,Pitt Town - McGraths Hill,647.0,140.0,0.0752938438263703,0.0762942779291553,44417.37171561051,1789.1240721798094,4.621428571428571,0.4571428571428571,0.0214285714285714,75965.0,53586.0,22379.0,0.4733551229216995,lower digital concentration
115041623,Box Hill - Nelson,1781.0,192.0,0.1353754940711462,0.1819905213270142,82017.63868613138,27497.309520731564,9.276041666666666,0.4322916666666667,0.0,102290.5,69689.5,32601.0,0.4957431531439122,high-income specialist
115041624,North Kellyville,2153.0,303.0,0.1493583073187651,0.2108559498956158,80299.79400836043,25659.48984602953,7.105610561056106,0.4323432343234323,0.0,100775.0,69768.0,31007.0,0.497438202247191,high-income specialist
115041625,Rouse Hill - Beaumont Hills,2081.0,359.0,0.1338866370713504,0.2056128293241695,73766.98822681404,24539.887248881845,5.796657381615599,0.5571030640668524,0.0083565459610027,92095.0,62801.5,29293.5,0.4938028891358236,major digital hub
116011303,Blacktown (East) - Kings Park,1349.0,252.0,0.082760736196319,0.0869565217391304,47111.305411415866,16519.282804053903,5.353174603174603,0.4246031746031746,0.0357142857142857,62313.0,51711.5,10601.5,0.4534106107891217,emerging growth corridor
116011304,Blacktown (North) - Marayong,1426.0,135.0,0.081211914118116,0.0872093023255814,50231.14621318373,17125.59390382671,10.562962962962963,0.5777777777777777,0.0,64773.0,51968.0,12805.0,0.4706492263518902,large-employer / job-heavy hub
116011306,Doonside - Woodcroft,1569.0,174.0,0.0765664649619363,0.1233167965981573,52488.270873167625,15993.380745312854,9.017241379310343,0.5459770114942529,0.0,66662.5,55731.5,10931.0,0.4686204036494332,emerging growth corridor
116011307,Lalor Park - Kings Langley,1913.0,327.0,0.0967627718765806,0.1158342189160467,62049.40825927862,20457.892047847163,5.850152905198777,0.5565749235474006,0.0244648318042813,73279.0,57564.5,15714.5,0.4745934273567717,major digital hub
116011560,Blacktown - South,786.0,98.0,0.0742069486404833,0.1079295154185022,44863.12213740458,10694.893757495214,8.020408163265307,0.5612244897959183,0.0,64600.5,52004.0,12596.5,0.4649673202614379,lower digital concentration
116011561,Blacktown - West,1076.0,99.0,0.0718722864204128,0.0804878048780487,48547.06970260223,15984.107609221695,10.868686868686869,0.494949494949495,0.0,62623.0,52397.0,10226.0,0.4565463820139807,large-employer / job-heavy hub
116011626,Seven Hills - Prospect,1204.0,160.0,0.0957150806900389,0.1156069364161849,54955.46511627907,15681.338238148848,7.525,0.55625,0.01875,68219.0,57402.0,10817.0,0.4610494558775994,lower digital concentration
116011627,Toongabbie - West,1169.0,127.0,0.1186802030456852,0.1306584362139917,61742.61762189906,23118.10447469094,9.20472440944882,0.5039370078740157,0.0,71120.0,56297.0,14823.0,0.4640090153542752,digitally specialised
116021309,Glenwood,1861.0,247.0,0.1359187846917908,0.1711711711711711,65854.04191295002,17624.309806610552,7.534412955465587,0.5303643724696356,0.0,87743.0,64896.0,22847.0,0.4909901181941484,emerging growth corridor
116021563,Quakers Hill,2411.0,241.0,0.1111367198303678,0.145006016847172,71411.12691829116,26906.407917645825,10.00414937759336,0.4771784232365145,0.0,82000.0,60982.5,21017.5,0.4881666140738403,high-income specialist
116021628,Kellyville Ridge - The Ponds,2457.0,347.0,0.1449899681340729,0.206917113893858,81693.17378917379,26827.38522550094,7.0806916426512965,0.4985590778097982,0.0,101037.0,67924.0,33113.0,0.4914118462604945,major digital hub
116021629,Marsden Park - Shanes Park,2186.0,257.0,0.1228365924926949,0.1789693593314763,75245.51852698994,27404.1043608852,8.505836575875486,0.5136186770428015,0.0116731517509727,90000.0,65441.0,24559.0,0.4806893850372111,high-income specialist
116021630,Riverstone,1375.0,165.0,0.101882039122703,0.121234386480529,71824.91527272727,27822.195837339008,8.333333333333334,0.4303030303030303,0.0,82528.0,59574.5,22953.5,0.4770173646578141,high-income specialist
116021631,Schofields (West) - Colebee,1345.0,150.0,0.13577629719362,0.195567144719687,81667.69516728625,28576.1359102703,8.966666666666667,0.4133333333333333,0.0,96463.0,68660.0,27803.0,0.4898907103825136,high-income specialist
116021632,Schofields - East,4330.0,481.0,0.1626291079812206,0.2274231678486997,77436.86374133949,28969.952023029633,9.002079002079002,0.4407484407484408,0.0062370062370062,94419.0,67361.0,27058.0,0.4898379348572031,major digital hub
116021633,Stanhope Gardens - Parklea,1304.0,186.0,0.1323051948051948,0.1848906560636183,76473.78374233129,25143.032169685182,7.010752688172043,0.521505376344086,0.0,91498.0,67366.0,24132.0,0.489421531869309,high-income specialist
116031313,Bidwill - Hebersham - Emerton,604.0,46.0,0.0443335290663534,0.0680473372781065,31451.53642384106,4454.944563888035,13.130434782608695,0.5434782608695652,0.0,59300.0,44838.0,14462.0,0.454823221300742,lower digital concentration
116031315,Hassall Grove - Plumpton,1176.0,91.0,0.063909570132058,0.0794759825327511,51229.142857142855,12482.987784049,12.923076923076923,0.4835164835164835,0.0,69380.0,56589.5,12790.5,0.4690807378288479,large-employer / job-heavy hub
116031316,Lethbridge Park - Tregear,897.0,83.0,0.0540882778581765,0.1133879781420765,42487.942586399105,11640.96311823702,10.80722891566265,0.5542168674698795,0.0,65643.0,49409.5,16233.5,0.4759416111010993,large-employer / job-heavy hub
116031317,Mount Druitt - Whalan,1026.0,133.0,0.0578223624887285,0.0850383631713555,42950.038011695906,15601.233429865428,7.714285714285714,0.5714285714285714,0.0225563909774436,59647.0,45511.5,14135.5,0.4502643754130865,emerging growth corridor
116031319,Rooty Hill - Minchinbury,1251.0,148.0,0.065566037735849,0.0905752753977968,50569.74980015987,14167.657740411443,8.452702702702704,0.527027027027027,0.0202702702702702,67724.5,54944.5,12780.0,0.4701947813303932,emerging growth corridor
117011321,Botany,1387.0,231.0,0.1188212113424141,0.1387387387387387,59057.09228550829,10906.305683949133,6.004329004329004,0.4632034632034632,0.0432900432900432,82924.0,69597.5,13326.5,0.5007932910244787,emerging growth corridor
117011323,Pagewood - Hillsdale - Daceyville,1402.0,213.0,0.1124478665383381,0.1584821428571428,49953.88302425107,12185.357117930886,6.582159624413146,0.5492957746478874,0.028169014084507,68339.5,56873.0,11466.5,0.491893610257497,emerging growth corridor
117011634,Eastlakes,856.0,96.0,0.1146684527796383,0.1153846153846153,49817.95035046729,14986.192815303191,8.916666666666666,0.5729166666666666,0.03125,61999.0,54253.0,7746.0,0.4694389675569098,digitally specialised
117011635,Mascot,3047.0,415.0,0.1295493197278911,0.1626813014504116,55558.71365277322,21790.13875906574,7.3421686746987955,0.5590361445783133,0.0337349397590361,66861.5,56469.0,10392.5,0.4868404717566729,major digital hub
117021327,Petersham - Stanmore,4306.0,553.0,0.2055860587252327,0.2812817904374364,59341.439386902,16194.35187198197,7.786618444846293,0.5985533453887885,0.0126582278481012,80182.0,74508.0,5674.0,0.5002725166916474,major digital hub
117021328,Sydenham - Tempe - St Peters,1534.0,227.0,0.1823802163833075,0.1907563025210084,62030.94263363755,13539.4766961747,6.757709251101321,0.5462555066079295,0.052863436123348,81796.0,76670.0,5126.0,0.4778454949761159,emerging growth corridor
117021636,Marrickville - North,2366.0,351.0,0.2049017060708409,0.1765593561368209,54073.591715976334,9498.613063512494,6.7407407407407405,0.5441595441595442,0.0313390313390313,80021.0,74133.0,5888.0,0.5041671699480613,major digital hub
117021637,Marrickville - South,2456.0,256.0,0.1814957138634348,0.1861818181818181,56299.7088762215,14974.195278822745,9.59375,0.59375,0.0234375,73129.0,68197.0,4932.0,0.506579629053984,large-employer / job-heavy hub
117031329,Darlinghurst,2749.0,635.0,0.2062110869402145,0.2678194854491775,67785.77628228447,27368.50634754589,4.329133858267716,0.494488188976378,0.0346456692913385,82298.5,65013.0,17285.5,0.4153795596450871,major digital hub
117031330,Erskineville - Alexandria,5120.0,844.0,0.2411227277008571,0.2463514302393461,76068.440625,17253.0749849887,6.0663507109004735,0.5319905213270142,0.0390995260663507,105000.0,88194.0,16806.0,0.485263432446531,major digital hub
117031331,Glebe - Forest Lodge,4140.0,599.0,0.2083438176236726,0.2687303723642889,60014.48188405797,20030.31450445956,6.911519198664441,0.6126878130217028,0.011686143572621,79999.5,67706.5,12293.0,0.5114514743773261,major digital hub
117031333,Potts Point - Woolloomooloo,4342.0,838.0,0.2018783708387576,0.2804551539491298,63465.38565177337,25110.638371691544,5.181384248210024,0.5632458233890215,0.0238663484486873,79780.5,70331.0,9449.5,0.4541370014515795,major digital hub
117031336,Surry Hills,4154.0,1779.0,0.2161065445843304,0.3264220183486238,68667.51480500722,26478.314825816706,2.3350196739741427,0.4362001124227094,0.0708263069139966,84067.0,67684.0,16383.0,0.4209486166007905,major digital hub
117031638,Camperdown - Darlington,1843.0,237.0,0.2056919642857143,0.2900856793145654,49211.8133478025,19014.831539766783,7.776371308016878,0.5738396624472574,0.0,71078.5,58533.0,12545.5,0.4934597776324395,digitally specialised
117031639,Chippendale,1670.0,351.0,0.1746496548839155,0.3401162790697674,42650.03353293413,19568.43606378542,4.7578347578347575,0.4188034188034188,0.0655270655270655,55269.5,42312.0,12957.5,0.5022749431264218,digitally specialised
117031640,Newtown (NSW),3450.0,414.0,0.2081196838993786,0.2446808510638297,56153.708695652174,15352.227335936906,8.333333333333334,0.5942028985507246,0.0217391304347826,81410.0,70283.0,11127.0,0.4887277175812653,major digital hub
117031641,Pyrmont,2449.0,714.0,0.1819465081723625,0.2925030725112659,75668.39934667211,34443.608447712235,3.429971988795518,0.4943977591036415,0.0490196078431372,80653.5,58632.0,22021.5,0.4895833333333333,major digital hub
117031642,Redfern,2997.0,571.0,0.2007233273056058,0.3368731563421829,59574.75558892226,21794.151443185197,5.248686514886165,0.5201401050788091,0.0805604203152364,76671.0,64413.0,12258.0,0.4503285279984309,major digital hub
117031643,Rosebery - Beaconsfield,2235.0,382.0,0.1864364364364364,0.2148481439820022,64147.98523489933,18946.5591421399,5.850785340314136,0.5706806282722513,0.031413612565445,84302.0,72877.0,11425.0,0.4955944616088797,major digital hub
117031644,Sydney (North) - Millers Point,2539.0,9462.0,0.1627146885413996,0.2426216056821969,59368.30366285939,30207.82801558946,0.2683365039103783,0.4840414288733883,0.0765165926865356,61292.0,44310.0,16982.0,0.4513457556935817,major digital hub
117031645,Sydney (South) - Haymarket,2607.0,1642.0,0.0787351635408172,0.1941586851129242,47888.76869965478,31082.796545385805,1.5876979293544458,0.466504263093788,0.0523751522533495,44799.0,33487.0,11312.0,0.5116685514547137,major digital hub
117031646,Ultimo,1290.0,372.0,0.1254619723789146,0.2185663924794359,42275.75542635659,23247.761845341225,3.467741935483871,0.4516129032258064,0.0376344086021505,47172.0,36496.0,10676.0,0.4993773349937733,digitally specialised
117031647,Waterloo,3117.0,326.0,0.2033002869814766,0.1906432748538011,65815.79082451075,23812.168074706424,9.561349693251534,0.5950920245398773,0.00920245398773,83733.5,67294.5,16439.0,0.4561860465116279,major digital hub
117031648,Zetland,2459.0,278.0,0.1936068026139674,0.2059259259259259,65166.6886945913,23098.194520904188,8.845323741007194,0.5971223021582733,0.0,83963.0,65355.0,18608.0,0.4914160743575724,digitally specialised
118011339,Bondi - Tamarama - Bronte,4405.0,679.0,0.2246646605804049,0.2765784114052953,64834.28694665153,21643.565775641186,6.487481590574374,0.6804123711340206,0.0044182621502209,92130.0,68315.0,23815.0,0.5116804291057944,major digital hub
118011340,Bondi Beach - North Bondi,5427.0,855.0,0.2223906896693029,0.2931093589304079,63798.873963515754,26011.822125626968,6.347368421052631,0.639766081871345,0.0070175438596491,85640.0,64044.0,21596.0,0.5135957066189625,major digital hub
118011341,Bondi Junction - Waverly,3429.0,884.0,0.1865919355716384,0.1978956794269084,70616.36599591718,29185.836230449473,3.878959276018099,0.5113122171945701,0.0226244343891402,84644.0,65384.0,19260.0,0.5183936235438381,major digital hub
118011344,Dover Heights,1786.0,356.0,0.2074332171893147,0.2271857051691129,62412.27323628219,17825.72933384317,5.01685393258427,0.5926966292134831,0.0,88103.0,60205.0,27898.0,0.5055925244230497,major digital hub
118011345,Paddington - Moore Park,3426.0,793.0,0.2434448944787891,0.3124507486209614,66008.24868651488,14577.41812444567,4.3203026481715,0.5687263556116016,0.030264817150063,100276.0,77069.5,23206.5,0.5122067518596224,major digital hub
118011346,Rose Bay - Vaucluse - Watsons Bay,1614.0,438.0,0.1986706056129985,0.2221095334685598,59488.119888475834,13183.91912530498,3.684931506849315,0.678082191780822,0.0068493150684931,91689.5,57757.5,33932.0,0.4974567650050864,small-business / consultant-heavy
118011347,Woollahra,1364.0,315.0,0.226578073089701,0.2393617021276596,70974.88196480938,16639.033875108384,4.33015873015873,0.6634920634920635,0.019047619047619,102182.0,72677.0,29505.0,0.5258098223615465,high-income specialist
118011649,Bellevue Hill,2481.0,531.0,0.2168516738047373,0.2449261992619926,61229.29866989117,15504.655937612522,4.672316384180791,0.60075329566855,0.0056497175141242,90497.0,63199.0,27298.0,0.5190243902439025,major digital hub
118011650,Double Bay - Darling Point,1911.0,598.0,0.2400150715900527,0.196775255018098,70020.07064364207,13451.206413549133,3.1956521739130435,0.5752508361204013,0.0133779264214046,102498.0,76506.0,25992.0,0.5270079849694692,major digital hub
118021564,Kensington (NSW),1911.0,183.0,0.1630267872376727,0.1878850102669404,45916.16064887493,15460.11035882204,10.442622950819672,0.5683060109289617,0.0,66976.0,55000.0,11976.0,0.4979463638560039,large-employer / job-heavy hub
118021565,Kingsford,1900.0,199.0,0.146142604415045,0.1687871077184054,47262.57684210526,16784.96719669337,9.547738693467336,0.5879396984924623,0.0,59513.5,53866.5,5647.0,0.4822138635142396,emerging growth corridor
118021566,Maroubra - North,1403.0,243.0,0.1677226539151225,0.1934713375796178,64969.9971489665,21594.148314537328,5.773662551440329,0.6378600823045267,0.0,84214.5,61618.0,22596.5,0.5014640160271229,small-business / consultant-heavy
118021567,Maroubra - South,1474.0,202.0,0.1560283687943262,0.204868154158215,56707.02374491181,16490.92493047336,7.297029702970297,0.5544554455445545,0.0,77035.0,61657.0,15378.0,0.5151862464183381,emerging growth corridor
118021568,Maroubra - West,1220.0,185.0,0.1294429708222811,0.1861167002012072,60566.22049180328,23335.700916206464,6.594594594594595,0.6648648648648648,0.0,73284.0,59892.0,13392.0,0.5077954247413667,small-business / consultant-heavy
118021569,Randwick - North,2992.0,381.0,0.1813113561992485,0.2409867172675522,66181.7513368984,21793.797997909176,7.853018372703412,0.6167979002624672,0.0078740157480314,90215.5,72999.0,17216.5,0.5407494538732986,major digital hub
118021570,Randwick - South,2267.0,300.0,0.1612604922464077,0.1974983541803818,59129.70092633437,21636.821213715215,7.556666666666667,0.5766666666666667,0.0133333333333333,80584.5,66381.5,14203.0,0.5315665609331832,emerging growth corridor
118021651,Coogee - Clovelly,4289.0,634.0,0.1971863362604018,0.275054229934924,64715.36313826067,21571.730730555275,6.764984227129338,0.5899053627760252,0.0047318611987381,93897.5,73542.5,20355.0,0.5380529827061338,major digital hub
118021652,Malabar - La Perouse,943.0,186.0,0.1337778408284863,0.1953781512605042,58566.71420996819,11551.924452555788,5.06989247311828,0.5483870967741935,0.0,84000.0,64625.0,19375.0,0.4949079864212971,digitally specialised
118021653,Matraville - Chifley,1213.0,187.0,0.1159877605660738,0.1500802568218298,61571.0395713108,15755.290145034269,6.4866310160427805,0.5454545454545454,0.0160427807486631,78515.0,62284.0,16231.0,0.4957065750736016,digitally specialised
118021654,South Coogee,656.0,124.0,0.1589147286821705,0.2313432835820895,57891.79878048781,15372.519468472305,5.290322580645161,0.5161290322580645,0.0,90000.0,58929.0,31071.0,0.5181674565560821,digitally specialised
119011354,Bass Hill - Georges Hall,992.0,170.0,0.0751970891449363,0.0797747536367902,39790.467741935485,6660.382121862713,5.8352941176470585,0.5764705882352941,0.0176470588235294,55209.5,46898.0,8311.5,0.4582108743570903,emerging growth corridor
119011356,Condell Park,653.0,203.0,0.0831211812627291,0.0727077363896848,41808.17917304747,9308.98505390287,3.2167487684729066,0.4778325123152709,0.0246305418719211,52716.5,45742.0,6974.5,0.4533931055804606,emerging growth corridor
119011358,Padstow,1329.0,198.0,0.1037389743189446,0.1188475390156062,59889.81828442438,17302.745300270137,6.712121212121212,0.494949494949495,0.0151515151515151,69963.0,57353.0,12610.0,0.4813097938652727,emerging growth corridor
119011360,Revesby,1337.0,152.0,0.1018201203259462,0.1103047895500725,52794.62677636499,11712.61786615252,8.796052631578947,0.5789473684210527,0.0,69397.0,56108.0,13289.0,0.4852362204724409,emerging growth corridor
119011361,Yagoona - Birrong,1174.0,163.0,0.0819374651032942,0.0873994638069705,49342.32197614991,17896.91884940508,7.2024539877300615,0.5950920245398773,0.0184049079754601,54158.5,44618.5,9540.0,0.4531332280147446,emerging growth corridor
119011571,Bankstown - North,1044.0,276.0,0.0880938317441566,0.1225033288948069,45928.82950191571,17745.05496812109,3.782608695652174,0.4239130434782608,0.0108695652173913,52958.0,42459.0,10499.0,0.4455654101995565,emerging growth corridor
119011572,Bankstown - South,1083.0,247.0,0.0813796212804328,0.0900802334062727,40742.49307479224,13225.643473048927,4.384615384615385,0.4493927125506073,0.0161943319838056,50853.0,42750.0,8103.0,0.4519192718638702,emerging growth corridor
119011655,Greenacre - North,764.0,161.0,0.0885283893395133,0.0888030888030888,46706.437172774866,15642.72245666826,4.745341614906832,0.577639751552795,0.0,50821.0,42496.0,8325.0,0.4468797989669133,lower digital concentration
119011656,Greenacre - South,638.0,122.0,0.0825569358178053,0.078005115089514,47530.75235109718,17582.02726051747,5.229508196721311,0.4836065573770491,0.0,48115.0,43306.0,4809.0,0.4466615502686109,lower digital concentration
119011657,Panania (North) - Milperra,857.0,103.0,0.1007879571915794,0.1358839050131926,63459.433488914816,18340.1412979234,8.320388349514563,0.5922330097087378,0.0,76259.0,59678.0,16581.0,0.4857400180126088,digitally specialised
119011658,Panania (South) - Picnic Point,1369.0,161.0,0.1136665559614746,0.1320754716981132,56327.03981008035,8946.789021305856,8.503105590062113,0.5652173913043478,0.0,78577.5,60972.5,17605.0,0.5026282590412111,digitally specialised
119021362,Belmore - Belfield,1402.0,176.0,0.0944616628486726,0.0855199222546161,45516.39621968616,11957.220704256972,7.965909090909091,0.5511363636363636,0.0,57905.0,51875.5,6029.5,0.4658320292123109,emerging growth corridor
119021366,Punchbowl,1048.0,212.0,0.0728081144921495,0.0733056708160442,36609.77051526718,10536.433395633998,4.943396226415095,0.6415094339622641,0.0,45000.0,43956.0,1044.0,0.4128360038525523,emerging growth corridor
119021367,Roselands,977.0,155.0,0.0951314508276533,0.1073407202216066,47944.6417604913,10842.967076946996,6.303225806451613,0.632258064516129,0.0,61762.5,52993.0,8769.5,0.4719378315036389,lower digital concentration
119021573,Lakemba,797.0,151.0,0.0725204731574158,0.0615071283095723,33615.129234629865,10255.97987157254,5.2781456953642385,0.5894039735099338,0.0,40786.0,38458.0,2328.0,0.3177719438420271,lower digital concentration
119021574,Wiley Park,558.0,75.0,0.0795324971493728,0.0611745513866231,31826.279569892475,7604.61024264048,7.44,0.6933333333333334,0.0,43175.0,41487.0,1688.0,0.3670114517916513,lower digital concentration
119021659,Campsie - North,749.0,92.0,0.074394119984108,0.0755336617405583,46568.024032042726,19369.094105542925,8.141304347826088,0.6739130434782609,0.0,51984.5,47075.0,4909.5,0.4623776223776223,lower digital concentration
119021660,Campsie - South,617.0,75.0,0.0755109533716803,0.0686813186813186,37806.36466774716,14073.702386508638,8.226666666666667,0.5466666666666666,0.0,50714.0,47188.0,3526.0,0.4651248843663275,lower digital concentration
119021661,Canterbury - South,1152.0,133.0,0.1158604043045358,0.1099173553719008,52525.368055555555,15565.580365723516,8.661654135338345,0.5789473684210527,0.0,66190.5,56539.0,9651.5,0.4884185303514377,digitally specialised
119021662,Earlwood,1880.0,273.0,0.1435224062905565,0.1411582213029989,55804.71382978724,9117.79459931163,6.886446886446887,0.6446886446886447,0.0,74956.0,61219.0,13737.0,0.4961029204620152,digitally specialised
119021663,Kingsgrove - North,454.0,130.0,0.1083273681698878,0.126953125,53059.603524229075,9382.91991649822,3.4923076923076923,0.4692307692307692,0.023076923076923,67661.0,57414.0,10247.0,0.4796888504753673,digitally specialised
119031370,Narwee - Beverly Hills,1118.0,159.0,0.1086597336961803,0.1316225165562914,58081.20035778175,19186.398773565597,7.031446540880503,0.5849056603773585,0.0,63722.0,54661.5,9060.5,0.4835261569416499,digitally specialised
119031371,Oatley - Hurstville Grove,1351.0,234.0,0.1436011904761904,0.1996587030716723,66775.69948186529,16972.243912137397,5.773504273504273,0.5854700854700855,0.0,81879.0,62469.0,19410.0,0.49333157269246,emerging growth corridor
119031372,Peakhurst - Lugarno,1757.0,309.0,0.1203342236833093,0.1292887029288703,58808.20517928287,13527.431567886391,5.686084142394822,0.540453074433657,0.0226537216828478,75423.0,58920.0,16503.0,0.4919292851652574,emerging growth corridor
119031373,Riverwood,815.0,96.0,0.0954779756326148,0.1140142517814726,52652.815950920245,20890.479552138615,8.489583333333334,0.65625,0.0,57029.5,50694.0,6335.5,0.4691514670896114,lower digital concentration
119031374,South Hurstville - Blakehurst,2423.0,401.0,0.1071128597321073,0.1448699421965318,52875.44882377218,19275.88408304454,6.042394014962594,0.5511221945137157,0.0,63705.0,54931.0,8774.0,0.487986234867572,major digital hub
119031664,Hurstville - Central,1133.0,286.0,0.0806520501138952,0.1391050583657587,52381.51809355693,27220.482928408863,3.9615384615384617,0.4965034965034965,0.0,59993.0,52500.0,7493.0,0.4718309859154929,lower digital concentration
119031665,Hurstville - North,981.0,153.0,0.0986722993361496,0.1225961538461538,45725.22935779816,13248.820385760344,6.411764705882353,0.6470588235294118,0.0,56590.0,51919.0,4671.0,0.4731557102691123,lower digital concentration
119031666,Mortdale - Oatley,1538.0,192.0,0.1291785654291953,0.1835564053537285,65976.97236671002,19786.95439257933,8.010416666666666,0.6145833333333334,0.0,78712.0,62461.0,16251.0,0.4973427812223206,digitally specialised
119031667,Penshurst,822.0,101.0,0.0932607215793056,0.1288265306122449,55059.141119221415,20229.870016430403,8.138613861386139,0.6336633663366337,0.0,65681.0,57087.0,8594.0,0.4877968337730871,lower digital concentration
119041377,Kingsgrove (South) - Bardwell Park,1237.0,207.0,0.1305954391891892,0.1458773784355179,60077.23120452708,15195.268577837896,5.975845410628019,0.5265700483091788,0.0144927536231884,72437.0,60255.0,12182.0,0.4918510666489996,digitally specialised
119041378,Kogarah,1580.0,223.0,0.1140464847697416,0.1321090047393364,61001.14430379747,26125.0521282525,7.085201793721973,0.5112107623318386,0.0179372197309417,66970.5,61815.0,5155.5,0.4885878839590443,emerging growth corridor
119041379,Kogarah Bay - Carlton - Allawah,1458.0,192.0,0.1008298755186722,0.1283422459893048,57069.81069958848,19532.045727250996,7.59375,0.6302083333333334,0.015625,68211.5,58625.0,9586.5,0.4820846905537459,digitally specialised
119041380,Monterey - Brighton-le-Sands - Kyeemagh,1230.0,263.0,0.1177596936333173,0.1560830860534124,52530.134146341465,11643.70724351715,4.67680608365019,0.6045627376425855,0.0114068441064638,70452.0,58144.0,12308.0,0.4988574864702345,emerging growth corridor
119041381,Rockdale - Banksia,1969.0,313.0,0.0878077060292543,0.1341620231461637,57432.46749619096,27904.753573608017,6.2907348242811505,0.5335463258785943,0.0095846645367412,61674.0,54615.0,7059.0,0.4639336460670338,emerging growth corridor
119041382,Sans Souci - Ramsgate,1402.0,246.0,0.1174204355108877,0.1297468354430379,55740.339871611985,10715.734134593557,5.699186991869919,0.6016260162601627,0.0,75000.0,60264.0,14736.0,0.5126163391933816,emerging growth corridor
119041668,Arncliffe - Bardwell Valley,1798.0,199.0,0.1261754385964912,0.1154292343387471,58039.20522803115,22461.70870171536,9.035175879396984,0.592964824120603,0.0150753768844221,65613.0,53784.0,11829.0,0.4849617037175415,digitally specialised
119041669,Bexley - North,696.0,114.0,0.1012069216228006,0.1132075471698113,61879.4224137931,19625.377117879187,6.105263157894737,0.6578947368421053,0.0,65270.0,57119.0,8151.0,0.4813499111900532,digitally specialised
119041670,Bexley - South,1386.0,154.0,0.0974820649880433,0.1229050279329608,52834.25252525252,18736.608623156582,9.0,0.5454545454545454,0.0,63207.0,56375.0,6832.0,0.4743780354841907,lower digital concentration
119041671,Wolli Creek,1864.0,158.0,0.1570345408593091,0.1801596351197263,62328.21754291846,27645.015563137495,11.79746835443038,0.6962025316455697,0.0,72000.0,55083.0,16917.0,0.5091654606849976,small-business / consultant-heavy
120011383,Concord - Mortlake - Cabarita,2486.0,474.0,0.1426603925169287,0.1632793661729245,64094.33547868061,14863.338319263648,5.244725738396625,0.6118143459915611,0.0063291139240506,83173.0,65865.0,17308.0,0.5083858944954128,major digital hub
120011385,Drummoyne - Rodd Point,2525.0,498.0,0.1757866889445836,0.1955241460541814,77185.66376237624,21161.63445299166,5.070281124497992,0.5522088353413654,0.0080321285140562,96443.0,74529.0,21914.0,0.5141435306443164,major digital hub
120011386,Five Dock - Abbotsford,2616.0,548.0,0.1636329517733158,0.2064807837226827,70914.75726299694,16878.477035311946,4.773722627737226,0.5291970802919708,0.0054744525547445,91390.0,71635.5,19754.5,0.5157631228975984,major digital hub
120011672,Concord West - North Strathfield,1569.0,280.0,0.1431047063115651,0.1853077432164129,57035.91077119184,13433.842502311869,5.603571428571429,0.525,0.0107142857142857,76883.0,61962.0,14921.0,0.491483886778581,digitally specialised
120011673,Rhodes,2021.0,305.0,0.1908764639214204,0.1652221018418201,66332.6056407719,22756.661836465137,6.6262295081967215,0.5967213114754099,0.0131147540983606,78242.0,59095.0,19147.0,0.5207012308839986,digitally specialised
120021387,Balmain,2838.0,776.0,0.2242060357086427,0.3310580204778157,82754.27378435517,20390.50142695274,3.6572164948453607,0.5914948453608248,0.0103092783505154,109714.0,83683.0,26031.0,0.5118707516500838,major digital hub
120021389,Lilyfield - Rozelle,2524.0,524.0,0.219154293652861,0.2818719741796665,83545.4940570523,19110.143227843306,4.816793893129771,0.566793893129771,0.0114503816793893,110308.0,84268.0,26040.0,0.525063068991993,major digital hub
120021674,Annandale (NSW),1888.0,295.0,0.2217003287928605,0.25,62412.43008474576,10058.211320067508,6.4,0.5627118644067797,0.0101694915254237,91934.0,80708.0,11226.0,0.5231128404669261,digitally specialised
120021675,Leichhardt,3149.0,571.0,0.2101434768101434,0.2580207862629914,77266.88536043189,19808.226768506625,5.5148861646234675,0.553415061295972,0.0122591943957968,95949.5,82315.0,13634.5,0.5171135442710578,major digital hub
120031392,Canterbury (North) - Ashbury,1650.0,178.0,0.1558073654390935,0.1724806201550387,57367.40727272727,15760.156139582796,9.269662921348315,0.6685393258426966,0.0168539325842696,72727.0,61559.0,11168.0,0.5027911697538696,emerging growth corridor
120031393,Croydon Park - Enfield,1767.0,218.0,0.1309956260656831,0.1347342398022249,58489.15138653085,17020.032956699128,8.105504587155963,0.536697247706422,0.018348623853211,70737.0,59000.5,11736.5,0.5037394679541797,emerging growth corridor
120031394,Dulwich Hill - Lewisham,3250.0,327.0,0.1954064454064454,0.2532920216886135,60261.22092307692,12948.015776371773,9.938837920489297,0.6269113149847095,0.0,82812.0,76161.0,6651.0,0.5147046708954609,major digital hub
120031395,Haberfield - Summer Hill,2344.0,350.0,0.1953333333333333,0.2334889926617745,66485.16638225256,19346.57296558589,6.6971428571428575,0.54,0.0171428571428571,82588.0,71939.5,10648.5,0.5099601593625498,major digital hub
120031396,Homebush,3067.0,310.0,0.1279996661241183,0.111390585698886,60711.30991196609,29481.62294147237,9.893548387096772,0.5096774193548387,0.0258064516129032,63566.0,55050.5,8515.5,0.4492496675742417,large-employer / job-heavy hub
120031676,Ashfield - North,1695.0,124.0,0.1372025254978144,0.1789321789321789,50523.42300884956,16146.467690733967,13.669354838709678,0.7258064516129032,0.0,66057.0,64342.5,1714.5,0.4846219826001715,large-employer / job-heavy hub
120031677,Ashfield - South,1626.0,191.0,0.1440212577502214,0.1631084543125533,53505.94895448955,16091.501035977592,8.513089005235603,0.6020942408376964,0.0157068062827225,67607.0,60829.0,6778.0,0.4962088253573648,digitally specialised
120031678,Burwood (NSW),1766.0,419.0,0.107309959287841,0.1437886067261496,48684.200169875425,23117.968566302476,4.214797136038186,0.4940334128878281,0.0071599045346062,52924.0,49650.0,3274.0,0.5006004618937644,digitally specialised
120031679,Croydon,1272.0,175.0,0.1409730688241161,0.1643192488262911,63626.634040880504,22887.96148186466,7.268571428571429,0.64,0.0,66765.0,58364.0,8401.0,0.4967272727272727,digitally specialised
120031680,Strathfield - East,2134.0,297.0,0.0923729547225348,0.135,52526.10121836926,29842.529298189187,7.185185185185185,0.494949494949495,0.0,54069.0,52414.5,1654.5,0.4481062830299471,lower digital concentration
120031681,Strathfield - West,904.0,155.0,0.1307681180384782,0.1061643835616438,59406.90597345133,17102.576955658762,5.832258064516129,0.567741935483871,0.0193548387096774,73846.5,61594.0,12252.5,0.4993843447669305,digitally specialised
121011399,Chatswood (West) - Lane Cove North,3766.0,535.0,0.202592931303459,0.291235710397387,78603.35382368561,26227.78130768152,7.039252336448598,0.5719626168224299,0.011214953271028,91934.0,74081.0,17853.0,0.5122714661734368,major digital hub
121011401,St Leonards - Naremburn,2863.0,807.0,0.2454140236584947,0.2490740740740741,83139.60181627663,21075.980137895007,3.547707558859975,0.4213135068153655,0.0656753407682775,109952.0,82283.0,27669.0,0.5068159148841849,major digital hub
121011682,Artarmon,1638.0,201.0,0.2111096790823559,0.253467843631778,77917.942002442,26318.992202210007,8.149253731343284,0.6169154228855721,0.0,90000.0,71050.0,18950.0,0.5024472573839662,high-income specialist
121011683,Castle Cove - Northbridge,2065.0,491.0,0.2178270042194093,0.2699285321605277,74683.49152542373,20491.988993778155,4.205702647657841,0.5661914460285132,0.0061099796334012,99433.0,64694.0,34739.0,0.4938915754644948,major digital hub
121011684,Chatswood - East,2728.0,1144.0,0.1762729387438614,0.2039215686274509,67245.00293255132,25312.442484115025,2.3846153846153846,0.4746503496503496,0.0349650349650349,74892.0,54809.5,20082.5,0.5056160797229964,major digital hub
121011685,Greenwich - Riverview,2133.0,518.0,0.2039586919104991,0.2858719646799117,77267.53867791842,22777.698220852057,4.117760617760617,0.5733590733590733,0.0115830115830115,100416.0,73645.0,26771.0,0.4919708029197079,major digital hub
121011686,Lane Cove,2733.0,515.0,0.2096341182787451,0.2454718779790276,80607.08507135017,21171.01534672027,5.306796116504854,0.5320388349514563,0.0174757281553398,102564.0,79195.0,23369.0,0.5110934235399462,major digital hub
121011687,Willoughby,1818.0,362.0,0.1896713615023474,0.2484557309540151,81727.09873487349,24687.10749856677,5.0220994475138125,0.5773480662983426,0.0082872928176795,99699.0,69158.0,30541.0,0.5124391207055417,major digital hub
121021403,Asquith - Mount Colah,2823.0,395.0,0.1529832547553243,0.2307242990654205,77787.8182784272,28396.380978259214,7.146835443037975,0.5063291139240507,0.0,87104.0,63819.0,23285.0,0.4947264801012516,major digital hub
121021404,Berowra - Brooklyn - Cowan,1360.0,204.0,0.1436720895837735,0.2475728155339805,81495.79705882353,32190.397840568723,6.666666666666667,0.4754901960784313,0.0,86435.0,60347.0,26088.0,0.4950600801068091,high-income specialist
121021406,Normanhurst - Thornleigh - Westleigh,2519.0,451.0,0.1687998391744287,0.2690930787589499,82109.63973799127,30292.82860752152,5.585365853658536,0.4922394678492239,0.0110864745011086,95000.0,65707.0,29293.0,0.495304557594555,major digital hub
121021577,Hornsby - East,1490.0,259.0,0.1282934389529877,0.161875,70669.3322147651,31518.954653201472,5.7528957528957525,0.5057915057915058,0.0193050193050193,72743.0,61727.0,11016.0,0.489625,high-income specialist
121021578,Hornsby - West,1382.0,188.0,0.1662056524353578,0.2315270935960591,74154.95658465991,26907.071978526423,7.351063829787234,0.5319148936170213,0.0,82615.0,60644.0,21971.0,0.4911114546297727,high-income specialist
121021579,Wahroonga (West) - Waitara,1651.0,240.0,0.1858815582076109,0.2693602693602693,78057.11477892187,28042.492283988293,6.879166666666666,0.625,0.0,88820.0,65570.5,23249.5,0.4982641509433962,high-income specialist
121031407,Gordon - Killara,3068.0,689.0,0.189969040247678,0.2226890756302521,69548.5,22594.84068111455,4.452830188679245,0.5500725689404935,0.0159651669085631,83464.5,61838.5,21626.0,0.4987705547871523,major digital hub
121031408,Lindfield - Roseville,3502.0,770.0,0.1938233340712862,0.2638793694311172,75950.50028555111,24284.829071249587,4.548051948051948,0.5532467532467532,0.0077922077922077,91888.0,64799.0,27089.0,0.5004488640287273,major digital hub
121031409,Pymble,2514.0,617.0,0.1944315545243619,0.2504058441558441,76671.26093874306,23506.867241913977,4.074554294975689,0.539708265802269,0.019448946515397,101240.5,65773.5,35467.0,0.5073429951690821,major digital hub
121031410,St Ives,2871.0,628.0,0.1936071211814687,0.266553480475382,78787.50696621386,25612.780383167126,4.571656050955414,0.5366242038216561,0.0047770700636942,97566.5,62701.0,34865.5,0.5007407407407407,major digital hub
121031411,Turramurra,2694.0,592.0,0.1932984142928894,0.2926347009391992,78892.43207126949,25164.315690412775,4.550675675675675,0.543918918918919,0.0050675675675675,100153.0,65081.0,35072.0,0.5029291674063554,major digital hub
121031412,Wahroonga (East) - Warrawee,2500.0,587.0,0.1923372826588706,0.2741709481550677,77432.4928,26304.226951407916,4.258943781942079,0.565587734241908,0.0051107325383304,94714.0,64701.0,30013.0,0.4938212010040548,major digital hub
121041413,Cremorne - Cammeray,3624.0,676.0,0.2290481607887751,0.2984547461368653,81428.23178807947,20437.076940399027,5.3609467455621305,0.6094674556213018,0.0044378698224852,105707.0,83665.0,22042.0,0.538754661910167,major digital hub
121041414,Crows Nest - Waverton,3859.0,874.0,0.2360533398580866,0.3121428571428571,84698.19486913708,22636.85091268981,4.41533180778032,0.5331807780320366,0.0240274599542334,107468.5,86098.5,21370.0,0.5243559906909557,major digital hub
121041416,Neutral Bay - Kirribilli,3700.0,800.0,0.2410266432154257,0.2722014290575025,71227.98486486486,16205.811032541234,4.625,0.5175,0.0175,96332.0,80786.0,15546.0,0.5240504158449798,major digital hub
121041417,North Sydney - Lavender Bay,2899.0,1952.0,0.2480321697467488,0.294997733111682,79453.5372542256,20637.159259701293,1.4851434426229508,0.4236680327868852,0.1055327868852459,107761.0,80788.5,26972.5,0.4945128034585966,major digital hub
121041688,Mosman - North,2256.0,497.0,0.2183296235362431,0.2568475452196382,74038.49556737588,19452.248204557727,4.5392354124748495,0.5995975855130785,0.0060362173038229,94016.0,71185.0,22831.0,0.517957957957958,major digital hub
121041689,Mosman - South,2522.0,612.0,0.2245570296500756,0.2770484382073336,69855.71371927042,15026.377195363384,4.120915032679738,0.5784313725490197,0.0049019607843137,108341.0,70687.0,37654.0,0.509370441027943,major digital hub
122011418,Balgowlah - Clontarf - Seaforth,3242.0,747.0,0.1972379387966173,0.2939787485242031,76437.8806292412,23601.46425155671,4.340026773761713,0.5582329317269076,0.0080321285140562,100846.0,61594.5,39251.5,0.5032887100518455,major digital hub
122011419,Manly - Fairlight,4876.0,1019.0,0.2262015216181109,0.3148949320148331,77983.35695242001,29733.114050211818,4.785083415112855,0.5309126594700687,0.014720314033366,95479.0,67873.0,27606.0,0.5012759071388561,major digital hub
122021420,Avalon - Palm Beach,1887.0,509.0,0.1993239674659343,0.271321961620469,46689.09167991521,10957.733329857116,3.707269155206286,0.550098231827112,0.005893909626719,70232.0,45923.0,24309.0,0.4949917585900849,major digital hub
122021421,Bayview - Elanora Heights,1304.0,336.0,0.162654359486092,0.2193211488250653,59716.25766871166,18658.78037047042,3.880952380952381,0.5446428571428571,0.0,77006.5,49921.5,27085.0,0.4887387387387387,digitally specialised
122021422,Newport - Bilgola,1889.0,495.0,0.1704412162771812,0.2703440742763517,54367.055584965594,14941.678069852358,3.816161616161616,0.5858585858585859,0.0,76098.0,55212.5,20885.5,0.4949335735194776,major digital hub
122021690,Mona Vale - Warriewood (North),1873.0,472.0,0.1632386264598222,0.1784499054820416,46516.54404698345,6247.555071909366,3.968220338983051,0.4597457627118644,0.010593220338983,79350.0,53317.5,26032.5,0.498065229408513,major digital hub
122021691,North Narrabeen - Warriewood (South),1315.0,236.0,0.1435276140580659,0.194078947368421,62538.37984790874,19804.86625917266,5.572033898305085,0.5042372881355932,0.0127118644067796,78791.0,56747.0,22044.0,0.4990940766550523,digitally specialised
122031424,Beacon Hill - Narraweena,1603.0,260.0,0.1416077738515901,0.2194092827004219,72241.8209606987,29654.881384726963,6.165384615384616,0.5576923076923077,0.0,74018.0,56110.0,17908.0,0.4923007755423176,high-income specialist
122031425,Cromer,844.0,161.0,0.1372357723577235,0.1614844533600802,67542.86611374408,24016.64034138636,5.24223602484472,0.5527950310559007,0.0248447204968944,78348.0,58366.0,19982.0,0.5016556291390728,digitally specialised
122031427,Forestville - Killarney Heights,1796.0,364.0,0.1812676624949535,0.2961757526444263,69742.36636971046,22929.426422193304,4.934065934065934,0.532967032967033,0.0082417582417582,88381.0,58095.0,30286.0,0.5073923018098394,major digital hub
122031429,Freshwater - Brookvale,3636.0,872.0,0.1827503015681544,0.2022732544653212,75458.60478547854,26931.925955562983,4.169724770642202,0.4965596330275229,0.0126146788990825,87124.0,67520.0,19604.0,0.4975333815694271,major digital hub
122031430,Manly Vale - Allambie Heights,2545.0,400.0,0.174350894019319,0.2538071065989847,72551.48762278978,24882.285663483068,6.3625,0.51,0.0075,84314.0,62434.0,21880.0,0.5041314971123945,major digital hub
122031432,Terrey Hills - Duffys Forest,351.0,112.0,0.1292341678939617,0.1836065573770491,68120.07122507122,25470.774465130133,3.1339285714285716,0.5625,0.0,76229.0,55103.0,21126.0,0.4868947134606841,digitally specialised
122031692,Belrose,972.0,296.0,0.1506976744186046,0.2645218945487042,76221.46039094651,29644.125662264338,3.283783783783784,0.4560810810810811,0.0202702702702702,85889.5,58379.0,27510.5,0.4983131573724945,high-income specialist
122031693,Collaroy - Collaroy Plateau,1794.0,304.0,0.1522274077216801,0.2214129643117261,66217.19397993312,23707.684009631885,5.901315789473684,0.5526315789473685,0.0098684210526315,78660.0,58852.0,19808.0,0.496042216358839,digitally specialised
122031694,Dee Why (South) - North Curl Curl,1269.0,253.0,0.1541919805589307,0.2613636363636363,64634.490149724195,23371.64093951763,5.015810276679842,0.5770750988142292,0.0,77888.5,61384.0,16504.5,0.4966453674121405,digitally specialised
122031695,Dee Why - North,2245.0,321.0,0.1193958410891879,0.1891573364761343,65866.69755011136,26840.124157567618,6.993769470404985,0.5451713395638629,0.0124610591900311,74144.0,62764.0,11380.0,0.4945273631840796,major digital hub
122031696,Frenchs Forest - Oxford Falls,2293.0,465.0,0.1680715385179212,0.2459016393442623,75087.7082424771,25701.62684542367,4.931182795698925,0.4645161290322581,0.021505376344086,89067.0,61530.0,27537.0,0.493792847878451,major digital hub
122031697,Narrabeen - Wheeler Heights,1268.0,202.0,0.1516746411483253,0.1854912764003673,60754.96135646688,16824.7225406774,6.2772277227722775,0.4851485148514851,0.0,79685.5,60182.5,19503.0,0.5081842982722037,digitally specialised
123011433,Camden - Ellis Lane,747.0,170.0,0.0761079979623026,0.1232777374909354,49243.548192771086,3903.453388899463,4.394117647058824,0.3647058823529411,0.0235294117647058,81239.0,56013.0,25226.0,0.5000650618087182,lower digital concentration
123011699,Elderslie - Narellan,803.0,161.0,0.0722447143499775,0.1159107271418286,43202.37110834371,-561.0511588627705,4.987577639751553,0.4968944099378882,0.0,82408.0,55718.0,26690.0,0.4885823025689819,lower digital concentration
123011700,Harrington Park,731.0,125.0,0.0766890474192194,0.1361655773420479,52273.57934336525,7189.021118438686,5.848,0.464,0.024,81746.5,57802.0,23944.5,0.4882897603485839,lower digital concentration
123011701,Mount Annan,1166.0,118.0,0.0719708659959261,0.1133525456292026,47208.66552315609,2855.7311363898407,9.88135593220339,0.5338983050847458,0.0,81788.0,57516.0,24272.0,0.4920700139699235,large-employer / job-heavy hub
123011702,Spring Farm,520.0,56.0,0.0612557427258805,0.1111111111111111,53209.57211538462,5707.177722641063,9.285714285714286,0.5714285714285714,0.0,89472.0,60771.0,28701.0,0.5071976967370442,lower digital concentration
123021436,Bradbury - Wedderburn,881.0,92.0,0.0581287938770124,0.1025641025641025,40242.58002270148,4329.230425182344,9.576086956521738,0.6521739130434783,0.0,69712.0,51186.0,18526.0,0.4769357495881384,large-employer / job-heavy hub
123021437,Campbelltown - Woodbine,1342.0,243.0,0.0735020265089275,0.1100045269352648,44059.746274217585,8253.786475773064,5.522633744855967,0.522633744855967,0.0288065843621399,67908.0,54589.0,13319.0,0.4698562374400989,emerging growth corridor
123021438,Claymore - Eagle Vale - Raby,990.0,102.0,0.0624763347216963,0.0954162768942937,45119.41111111111,6626.8768753418335,9.705882352941176,0.5686274509803921,0.0,69265.5,53548.0,15717.5,0.4721272229822161,large-employer / job-heavy hub
123021441,Leumeah - Minto Heights,816.0,84.0,0.0638947615691801,0.1004784688995215,48067.683210784315,10638.436832270498,9.714285714285714,0.6071428571428571,0.0,67694.0,53265.0,14429.0,0.4729021913415286,large-employer / job-heavy hub
123021443,Minto - St Andrews,1176.0,142.0,0.0702718852703914,0.0787576261785912,44788.39413265306,9037.29580579319,8.28169014084507,0.5140845070422535,0.0211267605633802,67000.0,51964.0,15036.0,0.458497375328084,emerging growth corridor
123021444,Rosemeadow - Glen Alpine,974.0,119.0,0.0623240337855131,0.1225540679711637,46726.88706365503,9474.331266368106,8.184873949579831,0.6722689075630253,0.0,68902.0,50564.5,18337.5,0.4728702263694487,lower digital concentration
123021703,Denham Court - Bardia,1360.0,161.0,0.0984009840098401,0.1355218855218855,61162.875,19255.609244989508,8.4472049689441,0.5217391304347826,0.0,80678.0,59813.5,20864.5,0.4806716126513081,lower digital concentration
123021704,Glenfield,827.0,87.0,0.0946224256292906,0.1497418244406196,61327.86577992745,21580.98660372608,9.505747126436782,0.5287356321839081,0.0344827586206896,75024.0,56874.0,18150.0,0.4809355975648831,lower digital concentration
123021705,Ingleburn,1069.0,154.0,0.0767463565223634,0.0821333333333333,52021.09401309635,15499.755726069285,6.941558441558442,0.4805194805194805,0.0584415584415584,69307.0,52979.0,16328.0,0.47007007007007,lower digital concentration
123021706,Macquarie Fields,725.0,69.0,0.067191844300278,0.0995670995670995,42551.191724137934,10941.22726630661,10.507246376811594,0.5942028985507246,0.0,63272.5,48724.0,14548.5,0.4672120332497691,lower digital concentration
123031446,Douglas Park - Appin,652.0,120.0,0.0763644881705317,0.1097895699908508,51648.21472392638,3236.219818796373,5.433333333333334,0.4666666666666667,0.0,88301.0,55638.0,32663.0,0.4786072587784007,emerging growth corridor
123031447,Picton - Tahmoor - Buxton,1008.0,154.0,0.0657877561676021,0.0944785276073619,44688.06349206349,2082.269013535886,6.545454545454546,0.4935064935064935,0.0194805194805194,79570.0,53278.0,26292.0,0.4897298218699394,emerging growth corridor
124011450,Blaxland - Warrimoo - Lapstone,1427.0,252.0,0.0950129835541647,0.2001588562351072,58699.39523475823,11284.29482860602,5.662698412698413,0.5436507936507936,0.0119047619047619,86810.0,62828.0,23982.0,0.4953935246117399,digitally specialised
124011452,Katoomba - Leura,912.0,251.0,0.0976654529877918,0.2047308319738988,43528.89473684211,11348.822772824116,3.633466135458167,0.5537848605577689,0.0119521912350597,58947.0,47134.0,11813.0,0.5031275496328529,digitally specialised
124011453,Lawson - Hazelbrook - Linden,702.0,148.0,0.081391304347826,0.2078651685393258,45379.3717948718,2999.577823857304,4.743243243243243,0.5945945945945946,0.0,74879.0,55296.5,19582.5,0.5035314891112419,digitally specialised
124011454,Springwood - Winmalee,1363.0,278.0,0.0823117338003502,0.1844724618447246,58133.18598679384,12871.222432231363,4.902877697841727,0.5935251798561151,0.0107913669064748,79984.0,57303.0,22681.0,0.4961113703530875,digitally specialised
124011455,Wentworth Falls,457.0,116.0,0.1108954137345304,0.2406639004149377,42275.853391684905,4590.636090059088,3.939655172413793,0.5862068965517241,0.0,70310.0,48250.0,22060.0,0.5043582807333934,digitally specialised
124031457,Cambridge Park,688.0,73.0,0.0543315170180841,0.1097744360902255,47787.93531976744,6918.7994120046715,9.424657534246576,0.6164383561643836,0.0,75915.0,56155.0,19760.0,0.4925534211094323,lower digital concentration
124031459,Emu Plains - Leonay,755.0,127.0,0.0694125218350648,0.1172668513388735,54436.833774834435,7532.109678116591,5.94488188976378,0.5196850393700787,0.0236220472440944,84309.0,61099.5,23209.5,0.4908805411281556,lower digital concentration
124031460,Glenmore Park - Regentville,1137.0,167.0,0.063005652222099,0.1338141025641025,55574.26649076517,8507.410400772926,6.808383233532934,0.5688622754491018,0.0,85431.0,61530.0,23901.0,0.5005164527076877,lower digital concentration
124031461,Jamisontown - South Penrith,851.0,127.0,0.0614529173887926,0.0992963252541047,42747.98942420682,798.7146913934193,6.700787401574803,0.4645669291338583,0.0393700787401574,77000.0,57244.0,19756.0,0.4869624440552637,lower digital concentration
124031462,Kingswood - Werrington,1399.0,136.0,0.0673016789339491,0.0985507246376811,46118.305218012865,8619.140836428218,10.286764705882351,0.6176470588235294,0.0,73015.0,56337.0,16678.0,0.4847170590665014,large-employer / job-heavy hub
124031463,Mulgoa - Luddenham - Orchard Hills,684.0,129.0,0.0704355885078776,0.0927390366642703,49930.94298245614,4783.746813163583,5.3023255813953485,0.4961240310077519,0.0232558139534883,82074.0,58242.5,23831.5,0.482875374397708,lower digital concentration
124031464,Penrith,1147.0,278.0,0.0753613666228646,0.1230633023461708,48158.88317349608,11678.786327241149,4.125899280575539,0.4352517985611511,0.0215827338129496,70379.0,57705.0,12674.0,0.4867755179986632,emerging growth corridor
124031707,Cranebrook - Castlereagh,877.0,88.0,0.0639212827988338,0.0805860805860805,52567.420752565566,9508.258143236118,9.965909090909092,0.5681818181818182,0.0,78973.0,56000.0,22973.0,0.4876828329484218,large-employer / job-heavy hub
124031708,Jordan Springs - Llandilo,840.0,95.0,0.0735744941753525,0.1043956043956044,58335.44761904762,14244.446349011703,8.842105263157896,0.4,0.0,85636.0,60527.0,25109.0,0.4971504789620468,lower digital concentration
124041466,Richmond - Clarendon,773.0,150.0,0.0641015009536445,0.1104565537555228,34443.35834411384,-3646.90863490598,5.153333333333333,0.5266666666666666,0.02,72329.0,52539.0,19790.0,0.4966872791519434,lower digital concentration
124041467,Windsor - Bligh Park,721.0,123.0,0.0580281690140845,0.0876692801140413,40201.01941747573,1409.5335422242206,5.861788617886178,0.4308943089430894,0.0,72852.5,52856.0,19996.5,0.487256371814093,lower digital concentration
124051470,St Clair,938.0,111.0,0.0578512396694214,0.092964824120603,46427.975479744135,5332.37075543181,8.45045045045045,0.5945945945945946,0.0,74669.0,55780.0,18889.0,0.4746471939612733,lower digital concentration
124051580,Colyton - Oxley Park,608.0,56.0,0.0556368960468521,0.0963855421686747,40101.74013157895,6625.155440876166,10.857142857142858,0.5892857142857143,0.0535714285714285,68770.0,53633.0,15137.0,0.4784939032560632,lower digital concentration
124051581,St Marys - North St Marys,883.0,112.0,0.0601089176310415,0.0698254364089775,38000.11155152888,7162.617610072102,7.883928571428571,0.5267857142857143,0.0,65507.0,52021.0,13486.0,0.4531919233122578,emerging growth corridor
125011582,Auburn - Central,1079.0,187.0,0.0602995417458365,0.0708065126845891,38362.93697868397,18582.198490922707,5.770053475935829,0.5454545454545454,0.0,44198.0,43048.5,1149.5,0.3930640691913679,emerging growth corridor
125011583,Auburn - North,643.0,85.0,0.0470510756622274,0.0547327752736638,25814.097200622084,9430.85561566672,7.564705882352941,0.5411764705882353,0.0705882352941176,46161.5,44912.5,1249.0,0.3749527529293184,lower digital concentration
125011585,Berala,523.0,46.0,0.0841783357476259,0.0569306930693069,45737.65200764818,16773.412187915364,11.369565217391305,0.717391304347826,0.0,52728.0,47725.0,5003.0,0.4395304967512052,lower digital concentration
125011586,Lidcombe,1706.0,246.0,0.0813232910668319,0.0827447023208879,50897.140973036345,23491.38634914465,6.934959349593496,0.5447154471544715,0.0,50769.0,48431.5,2337.5,0.4609507066062614,emerging growth corridor
125011709,Silverwater - Newington,741.0,244.0,0.1212170783575985,0.1201970443349753,69598.16801619434,22309.322359397345,3.0368852459016393,0.4672131147540984,0.0655737704918032,75884.0,60474.0,15410.0,0.4779100262255396,digitally specialised
125011710,Wentworth Point - Sydney Olympic Park,3291.0,380.0,0.1662457062032734,0.1461538461538461,63780.583713157095,20369.517639202764,8.660526315789474,0.6105263157894737,0.0184210526315789,79498.0,64126.0,15372.0,0.503229754538655,major digital hub
125021477,Ermington - Rydalmere,2226.0,332.0,0.1165323002826929,0.1212563915266618,61425.03459119497,17370.023362004307,6.704819277108434,0.5632530120481928,0.0,73519.0,59153.0,14366.0,0.4816869402486298,major digital hub
125021478,Oatlands - Dundas Valley,1658.0,271.0,0.1268262831790713,0.1447649572649572,59537.62484921592,18594.376245222957,6.118081180811808,0.5645756457564576,0.011070110701107,67947.0,56473.5,11473.5,0.488403041825095,emerging growth corridor
125021711,Carlingford - East,1218.0,177.0,0.1503889369057908,0.1612021857923497,65288.120689655174,22418.097229968793,6.88135593220339,0.536723163841808,0.0,75333.0,55226.0,20107.0,0.4904849600982198,digitally specialised
125021712,Carlingford - West,1968.0,310.0,0.1422684883973107,0.1526341703594288,65226.38821138212,22957.741063258065,6.348387096774194,0.5645161290322581,0.0,70896.0,56757.5,14138.5,0.4818091541030965,digitally specialised
125031479,Chester Hill - Sefton,939.0,150.0,0.0769672131147541,0.0678426051560379,42763.74973375931,12314.456209169151,6.26,0.5733333333333334,0.02,49999.0,45500.0,4499.0,0.4389301332248551,emerging growth corridor
125031480,Fairfield - East,691.0,86.0,0.0693357415211719,0.0525351252290775,38677.437047756874,11857.720812557196,8.034883720930232,0.5232558139534884,0.0,48102.5,44961.0,3141.5,0.4269811820832229,lower digital concentration
125031481,Granville - Clyde,1608.0,237.0,0.0699221637604905,0.0818935729094678,41107.82089552239,17739.68763901067,6.784810126582278,0.5316455696202531,0.0126582278481012,50599.0,49140.5,1458.5,0.4276415280426063,emerging growth corridor
125031483,Guildford - South Granville,900.0,169.0,0.0701590271281571,0.0661707126076742,35424.02222222222,10278.684757301737,5.325443786982248,0.6035502958579881,0.0177514792899408,44521.0,40627.5,3893.5,0.4165612532840323,emerging growth corridor
125031484,Guildford West - Merrylands West,1125.0,172.0,0.0729619300862572,0.0802613159122725,43864.46044444444,13441.612464679216,6.540697674418604,0.6453488372093024,0.0,54050.0,48523.0,5527.0,0.4406580493537015,emerging growth corridor
125031713,Greystanes - South,983.0,149.0,0.0856271777003484,0.1090775988286969,52688.21566632757,11718.494847512236,6.597315436241611,0.5570469798657718,0.0201342281879194,70000.0,54770.0,15230.0,0.4837209302325581,lower digital concentration
125031714,Merrylands - Holroyd,1526.0,257.0,0.0817222728002999,0.0872369314324507,50306.366972477066,21718.878191884767,5.937743190661479,0.603112840466926,0.0116731517509727,52505.0,49532.0,2973.0,0.4286130323989807,lower digital concentration
125031715,Pemulwuy - Greystanes (North),805.0,142.0,0.0979437887820902,0.1473029045643153,65461.078881987574,18767.04305037789,5.669014084507042,0.4507042253521127,0.0211267605633802,80000.0,62027.5,17972.5,0.4896518530402695,lower digital concentration
125031716,South Wentworthville,549.0,71.0,0.0993845039826212,0.0942895086321381,44919.4116575592,11298.687816139936,7.732394366197183,0.5774647887323944,0.0,65109.5,53354.0,11755.5,0.46385981990752,digitally specialised
125041489,North Parramatta,3123.0,449.0,0.1484386140025666,0.1618018018018018,65949.69164265129,25823.586599635935,6.955456570155902,0.4944320712694877,0.0200445434298441,74899.5,61562.5,13337.0,0.477563670664331,major digital hub
125041490,North Rocks,848.0,164.0,0.1380433013185739,0.1606268364348677,69195.28891509434,20710.257090253057,5.170731707317073,0.5426829268292683,0.0182926829268292,83257.0,61972.0,21285.0,0.5007057874571487,high-income specialist
125041491,Northmead,2815.0,274.0,0.145485554809034,0.135845314823996,69615.6376554174,28306.333376126488,10.273722627737229,0.5328467153284672,0.0,79519.5,64119.5,15400.0,0.4809577254021698,high-income specialist
125041493,Toongabbie - Constitution Hill,2102.0,255.0,0.1104571728849185,0.131919296430419,60426.53044719315,20786.223353131143,8.24313725490196,0.5254901960784314,0.0,72164.5,59416.0,12748.5,0.468652605638907,emerging growth corridor
125041494,Winston Hills,973.0,147.0,0.1156268568033273,0.1676168757126568,73656.97122302158,22150.29493068647,6.619047619047619,0.4693877551020408,0.0204081632653061,87594.5,64403.0,23191.5,0.4941016333938294,high-income specialist
125041588,Pendle Hill - Girraween,1589.0,189.0,0.1379819381729767,0.1155963302752293,71434.49496538704,30136.84569480698,8.407407407407407,0.4444444444444444,0.0158730158730158,74798.0,59476.0,15322.0,0.4373865698729582,high-income specialist
125041589,Wentworthville - Westmead,3559.0,297.0,0.1781013861782515,0.1576433121019108,68834.43087946052,29194.536919594633,11.983164983164984,0.4814814814814814,0.0,74621.0,59438.0,15183.0,0.439349430393351,high-income specialist
125041717,Parramatta - North,3500.0,806.0,0.2245605030155267,0.2227750138197899,73737.66057142857,34886.13471489065,4.3424317617866,0.4193548387096774,0.0260545905707196,77453.0,59517.0,17936.0,0.4326357411515093,major digital hub
125041718,Parramatta - South,1856.0,125.0,0.1587545975536737,0.1231527093596059,69115.4073275862,39129.89146068004,14.848,0.52,0.0,63510.0,55128.5,8381.5,0.4127665280944079,high-income specialist
125041719,Rosehill - Harris Park,1350.0,162.0,0.1286817271947383,0.1234756097560975,58093.24185185185,31917.09553596204,8.333333333333334,0.4938271604938271,0.0,59210.5,50789.0,8421.5,0.4129596678529063,digitally specialised
126011496,Pennant Hills - Cheltenham,2851.0,555.0,0.1778207447140273,0.2589827344843677,78116.48281304806,26068.58706677475,5.136936936936937,0.554954954954955,0.0054054054054054,93543.0,65133.0,28410.0,0.5024569066375477,major digital hub
126011720,Epping (East) - North Epping,2425.0,312.0,0.1989988511406532,0.2464454976303317,73588.17319587628,26041.64394099363,7.772435897435898,0.5897435897435898,0.0,83411.5,63278.5,20133.0,0.4979825865364196,high-income specialist
126011721,Epping (NSW) - West,2489.0,396.0,0.1709595439247201,0.2037037037037037,69603.04479710727,25006.129864763017,6.2853535353535355,0.5858585858585859,0.0,77723.0,58582.5,19140.5,0.4933426769446391,major digital hub
126021498,Gladesville - Huntleys Point,2265.0,407.0,0.1757176105508145,0.1919811320754717,67196.73730684326,15175.53075137391,5.565110565110565,0.5626535626535627,0.027027027027027,90698.0,72162.5,18535.5,0.5151606729122595,major digital hub
126021499,Hunters Hill - Woolwich,1208.0,288.0,0.1787246634117473,0.2019635343618513,62191.5244205298,13361.113782861505,4.194444444444445,0.5833333333333334,0.0,90628.5,64388.0,26240.5,0.4921124206708975,digitally specialised
126021500,Macquarie Park - Marsfield,4362.0,634.0,0.1879524301964839,0.234727878563495,64660.185236130215,25614.411989835833,6.8801261829652995,0.5504731861198738,0.0899053627760252,73479.5,58892.0,14587.5,0.4940826642878382,major digital hub
126021501,North Ryde - East Ryde,2520.0,405.0,0.1972139614963218,0.2299829642248722,73160.39880952382,22676.93023071649,6.222222222222222,0.4962962962962963,0.0320987654320987,86751.0,66001.0,20750.0,0.5025206694898164,major digital hub
126021503,West Ryde - Meadowbank,2812.0,337.0,0.1580752150205183,0.1647921760391198,68661.31009957325,24793.89321273307,8.344213649851632,0.516320474777448,0.0237388724035608,75776.5,63010.0,12766.5,0.4982709367012479,major digital hub
126021590,Putney,473.0,124.0,0.1516998075689544,0.18562874251497,66420.4334038055,16088.561210091577,3.814516129032258,0.5725806451612904,0.0,82201.0,63944.0,18257.0,0.5,digitally specialised
126021722,Denistone,877.0,137.0,0.1693050193050193,0.2202572347266881,65831.97035347777,16382.83155038896,6.401459854014599,0.5182481751824818,0.0,78676.0,65307.0,13369.0,0.484149855907781,digitally specialised
126021723,Eastwood,2230.0,394.0,0.1540374386958624,0.1618069815195071,63683.23094170404,23976.81027443872,5.659898477157361,0.5406091370558376,0.0,64883.0,53530.0,11353.0,0.4917491749174917,major digital hub
126021724,Ryde - North,2499.0,348.0,0.1507510405984194,0.1773700305810397,59245.97599039616,15586.854647571769,7.181034482758621,0.5804597701149425,0.0,74412.0,60818.0,13594.0,0.4951723055184865,major digital hub
126021725,Ryde - South,1762.0,192.0,0.1805512859924172,0.1764705882352941,69775.70828603859,21380.52015200846,9.177083333333334,0.6145833333333334,0.0,83538.0,66371.0,17167.0,0.5082053996823717,high-income specialist
127011505,Austral - Greendale,907.0,145.0,0.0785825680124761,0.0775401069518716,49238.941014332966,11696.329508528075,6.255172413793104,0.593103448275862,0.0275862068965517,69702.5,53081.5,16621.0,0.4590330215259777,emerging growth corridor
127011594,Green Valley,578.0,66.0,0.0649876321115358,0.0782918149466192,42957.294117647056,7858.266346115684,8.757575757575758,0.5454545454545454,0.0,60164.5,49999.0,10165.5,0.4622131267358573,lower digital concentration
127011595,Hinchinbrook,625.0,74.0,0.0682761634258247,0.0792291220556745,44463.5024,6377.391628752455,8.445945945945946,0.6081081081081081,0.0,65024.0,53922.0,11102.0,0.4728245564629681,lower digital concentration
127011596,Hoxton Park - Carnes Hill - Horningsea Park,704.0,96.0,0.0703577853288027,0.1028938906752411,46529.21590909091,6701.452017425909,7.333333333333333,0.65625,0.0,69511.5,55214.5,14297.0,0.4799162632474159,lower digital concentration
127011597,West Hoxton - Middleton Grange,868.0,116.0,0.0685949107001738,0.0878787878787878,53111.44700460829,11665.08779013066,7.482758620689655,0.5344827586206896,0.0258620689655172,71956.0,54611.5,17344.5,0.4808610011168646,lower digital concentration
127011727,Gledswood Hills - Gregory Hills,1026.0,157.0,0.0788260602335587,0.1344178082191781,66855.61647173489,18774.352066387622,6.535031847133758,0.445859872611465,0.0,89182.0,61974.0,27208.0,0.4897348602083978,lower digital concentration
127011728,Leppington - Catherine Field,1097.0,141.0,0.0869599682917162,0.1035242290748898,62821.391066545126,19313.18139551857,7.780141843971631,0.5602836879432624,0.0212765957446808,80086.0,60059.0,20027.0,0.4808402829093212,lower digital concentration
127011729,Oran Park,1248.0,187.0,0.0779756326148078,0.1422053231939163,56691.4046474359,15319.365222256269,6.67379679144385,0.481283422459893,0.0,83766.0,59550.5,24215.5,0.4883372942522665,lower digital concentration
127021509,Bonnyrigg Heights - Bonnyrigg,758.0,80.0,0.0677753934191702,0.072992700729927,40510.63192612137,5329.150166464722,9.475,0.625,0.0,61284.5,48523.5,12761.0,0.461846929422548,lower digital concentration
127021510,Bossley Park - Abbotsbury,907.0,136.0,0.0760650788326065,0.0903054448871182,50714.583241455344,12756.165847963224,6.669117647058823,0.5808823529411765,0.0,61572.5,51516.0,10056.5,0.4587527238767251,lower digital concentration
127021511,Cabramatta - Lansvale,1002.0,185.0,0.060485331401666,0.0827740492170022,35704.52744510978,8031.860144614791,5.416216216216216,0.4,0.0216216216216216,52237.5,39713.0,12524.5,0.4696252307198459,lower digital concentration
127021512,Cabramatta West - Mount Pritchard,734.0,65.0,0.0605810498514361,0.058717253839205,37076.92779291553,7854.080194698294,11.292307692307691,0.5846153846153846,0.0461538461538461,55617.5,42896.0,12721.5,0.4713958810068649,lower digital concentration
127021513,Canley Vale - Canley Heights,971.0,93.0,0.0661399087255636,0.0704545454545454,44228.2245108136,13492.41009081496,10.440860215053764,0.4946236559139785,0.0,56080.0,44373.0,11707.0,0.4709711941496477,large-employer / job-heavy hub
127021515,Fairfield,581.0,164.0,0.05893690403733,0.1036007580543272,40604.43373493976,13149.475325526088,3.542682926829268,0.4939024390243902,0.0,50514.5,43297.0,7217.5,0.4380636604774536,lower digital concentration
127021516,Fairfield - West,766.0,68.0,0.065025466893039,0.0537124802527646,41088.55221932115,12089.369239694664,11.264705882352942,0.5441176470588235,0.0,50620.0,45100.0,5520.0,0.4506172839506173,large-employer / job-heavy hub
127021519,Smithfield - Wetherill Park,765.0,111.0,0.0671170380768556,0.0651408450704225,43933.50588235294,10379.440476141324,6.891891891891892,0.5855855855855856,0.0,56307.5,48518.0,7789.5,0.4489300683873815,lower digital concentration
127021520,St Johns Park - Wakeley,527.0,57.0,0.0786684579788028,0.0756972111553784,49927.45161290323,14134.976094169093,9.24561403508772,0.5789473684210527,0.0,59496.5,48289.0,11207.5,0.4784394250513347,lower digital concentration
127021521,Wetherill Park Industrial,6.0,109.0,0.0416666666666666,0.0600882028665931,71136.0,26276.62152777778,0.055045871559633,0.3853211009174312,0.0458715596330275,49492.5,43072.0,6420.5,0.2554744525547445,lower digital concentration
127031522,Casula,873.0,134.0,0.0747559513615345,0.1015921152388172,44793.85452462772,8928.449917674472,6.514925373134329,0.6044776119402985,0.0,63733.0,51992.5,11740.5,0.4739993347377758,lower digital concentration
127031523,Chipping Norton - Moorebank,1298.0,271.0,0.0860628563850948,0.0950543668888109,55418.21186440678,12047.740706735383,4.789667896678967,0.5313653136531366,0.011070110701107,72956.0,57266.0,15690.0,0.4791631658544782,emerging growth corridor
127031524,Holsworthy - Wattle Grove,1620.0,198.0,0.099649381804761,0.1486486486486486,60669.88611111111,10130.185120768489,8.181818181818182,0.5606060606060606,0.0,87600.0,62784.0,24816.0,0.482484076433121,digitally specialised
127031730,Edmondson Park,1184.0,141.0,0.1041428445773594,0.1509635974304068,62155.59881756757,18412.575420610927,8.397163120567376,0.4609929078014184,0.0,83505.0,64013.0,19492.0,0.4903669161860352,digitally specialised
127031731,Liverpool - East,977.0,250.0,0.0657115953726123,0.1126633618747183,38402.34595701126,9802.112906163802,3.908,0.448,0.012,61645.0,52826.0,8819.0,0.4485316227322842,lower digital concentration
127031732,Liverpool - West,545.0,88.0,0.0625502123264088,0.0912863070539419,45198.96513761468,16202.664380125869,6.193181818181818,0.5795454545454546,0.0681818181818181,55504.5,44331.0,11173.5,0.4495299738018184,lower digital concentration
127031733,Prestons,966.0,149.0,0.0801593228777694,0.0800644814615798,45578.96894409938,5578.405090477274,6.483221476510067,0.5704697986577181,0.0335570469798657,68298.5,55990.0,12308.5,0.4766710069444444,lower digital concentration
128011529,Gymea - Grays Point,1764.0,284.0,0.1220254565578306,0.1949210706932052,67332.625,17329.35071942446,6.211267605633803,0.5492957746478874,0.0105633802816901,90955.0,62000.0,28955.0,0.5045710267229254,emerging growth corridor
128011530,Miranda - Yowie Bay,1903.0,412.0,0.1161002989445427,0.1602489303772851,62324.23620599054,15186.664855859372,4.618932038834951,0.5169902912621359,0.0097087378640776,84770.0,61411.0,23359.0,0.5054823696458153,major digital hub
128011531,Sylvania - Taren Point,1306.0,299.0,0.1188353048225659,0.1315442146942367,53163.52067381317,9506.778726588418,4.367892976588629,0.5183946488294314,0.0100334448160535,74540.5,56121.0,18419.5,0.4962083745466534,emerging growth corridor
128011602,Caringbah,1107.0,310.0,0.107444433660099,0.1406533575317604,65641.07588075881,17396.371522804817,3.5709677419354837,0.432258064516129,0.0193548387096774,84850.0,64608.0,20242.0,0.5057992939989914,emerging growth corridor
128011603,Caringbah South,1293.0,233.0,0.1287720346579026,0.1861022364217252,65534.35576179428,16063.173060868074,5.549356223175966,0.5665236051502146,0.0,91051.0,60081.5,30969.5,0.5028785982478098,emerging growth corridor
128011604,Cronulla - Kurnell - Bundeena,2469.0,527.0,0.1261882858019012,0.1826689774696707,56874.794653705954,10704.717760115032,4.685009487666034,0.5521821631878557,0.0094876660341555,82887.0,61811.0,21076.0,0.5000977899471934,major digital hub
128011606,Woolooware - Burraneer,987.0,181.0,0.1306765523632993,0.175217812197483,57103.36879432624,11124.6364363228,5.45303867403315,0.5359116022099447,0.0,88181.0,61047.0,27134.0,0.5053671835065598,digitally specialised
128021534,Illawong - Alfords Point,923.0,166.0,0.1174300254452926,0.1538461538461538,57328.9826652221,9062.4649171305,5.5602409638554215,0.463855421686747,0.0,82828.0,59558.0,23270.0,0.4932610379550736,digitally specialised
128021535,Menai - Lucas Heights - Woronora,1748.0,270.0,0.1031694505105353,0.1704545454545454,61604.40675057208,11572.409377025484,6.474074074074074,0.4851851851851851,0.0,89836.0,60024.5,29811.5,0.5013145046195449,digitally specialised
128021536,Oyster Bay - Como - Jannali,2417.0,346.0,0.1435273159144893,0.2226512226512226,75205.87174182871,20695.924324964108,6.985549132947977,0.5260115606936416,0.0,95579.5,64669.0,30910.5,0.496790565756083,major digital hub
128021538,Sutherland - Kirrawee,2434.0,346.0,0.1271483048633965,0.1541889483065953,68656.20870994248,19649.910036798257,7.034682080924855,0.476878612716763,0.0433526011560693,85111.5,65898.5,19213.0,0.5070988295588337,major digital hub
128021607,Engadine,1389.0,166.0,0.1031027315914489,0.1532779316712834,66330.07343412527,16322.132816548074,8.367469879518072,0.5,0.0,90617.0,59891.5,30725.5,0.5065739329268293,digitally specialised
128021608,Loftus - Yarrawarrah,725.0,80.0,0.123699027469715,0.19559902200489,68971.80620689655,19194.28138178138,9.0625,0.5375,0.0,90918.0,61979.0,28939.0,0.5045184042318713,digitally specialised
201011001,Alfredton,931.0,129.0,0.0605725439167208,0.105911330049261,57525.10418904404,20663.001066077224,7.217054263565892,0.6511627906976745,0.0,73846.0,54398.0,19448.0,0.5058198148657318,emerging growth corridor
201011002,Ballarat,720.0,366.0,0.0765306122448979,0.1353049907578558,53739.8,17788.607344812925,1.9672131147540983,0.4672131147540984,0.0300546448087431,67110.5,54601.0,12509.5,0.5077772932112226,emerging growth corridor
201011006,Delacombe,549.0,64.0,0.0502471169686985,0.0691891891891891,48849.333333333336,17423.876853377267,8.578125,0.484375,0.046875,65892.5,50154.0,15738.5,0.5007944915254238,lower digital concentration
201011482,Ballarat North - Invermay,849.0,152.0,0.0743823374802873,0.1322889469103568,52653.68551236749,14059.670968824474,5.5855263157894735,0.6973684210526315,0.0,70452.0,53872.0,16580.0,0.5025641025641026,lower digital concentration
201011483,Canadian - Mount Clear,680.0,83.0,0.0689305625950329,0.1129251700680272,54033.875,21807.855739989864,8.19277108433735,0.5783132530120482,0.0,63370.0,50259.5,13110.5,0.5049762007788836,lower digital concentration
201021011,Daylesford,553.0,186.0,0.0888496143958868,0.154356846473029,44394.8417721519,13136.072732948816,2.9731182795698925,0.6559139784946236,0.0,53760.0,40419.5,13340.5,0.5064329666231587,emerging growth corridor
202011018,Bendigo,619.0,204.0,0.0514504197489818,0.1076517150395778,38643.78675282714,7472.293277638044,3.034313725490196,0.4264705882352941,0.0490196078431372,58777.5,50436.0,8341.5,0.4941315945465323,lower digital concentration
202011020,East Bendigo - Kennington,632.0,138.0,0.0593204430260934,0.1104,39035.06408227848,5213.38344589778,4.579710144927536,0.6304347826086957,0.0,63589.0,51938.5,11650.5,0.5116492146596858,lower digital concentration
202011022,Kangaroo Flat - Golden Square,744.0,106.0,0.0473855168460607,0.0869565217391304,36738.16935483871,3629.607861940167,7.018867924528302,0.5754716981132075,0.0377358490566037,61370.0,48603.5,12766.5,0.5066607851786502,lower digital concentration
202011024,Strathfieldsaye,490.0,116.0,0.0550561797752809,0.1645390070921985,53386.0,14045.855898876403,4.224137931034483,0.6293103448275862,0.0,78919.5,54999.0,23920.5,0.5035581683168316,digitally specialised
202011025,White Hills - Ascot,523.0,60.0,0.0433521220159151,0.0782268578878748,39297.00669216061,2060.350732279978,8.716666666666667,0.6,0.0,69308.5,51868.0,17440.5,0.5045313754732133,lower digital concentration
202021027,Castlemaine,622.0,139.0,0.0865812917594654,0.162004662004662,38721.6077170418,7750.195968712178,4.474820143884892,0.6474820143884892,0.0215827338129496,57227.0,46403.0,10824.0,0.5111876075731497,digitally specialised
202021028,Castlemaine Surrounds,424.0,128.0,0.0677424508707461,0.1350210970464135,38274.91273584906,7511.452278907054,3.3125,0.625,0.0,52200.0,42658.0,9542.0,0.4841300191204589,lower digital concentration
202021030,Kyneton,678.0,167.0,0.0894341115947764,0.131496062992126,51543.53097345133,14400.817808961154,4.059880239520958,0.6167664670658682,0.0,64806.0,49212.0,15594.0,0.4880718954248366,lower digital concentration
202021031,Woodend,682.0,157.0,0.11846447802675,0.206578947368421,67600.90909090909,24630.57402055995,4.343949044585988,0.5859872611464968,0.019108280254777,80560.0,52339.0,28221.0,0.4963965931426075,digitally specialised
203021037,Belmont,912.0,128.0,0.0732059720661422,0.120640904806786,50084.52631578947,16501.300918454428,7.125,0.65625,0.0,67362.0,55316.5,12045.5,0.4943652253909844,emerging growth corridor
203021039,Geelong,1035.0,452.0,0.0856859011507575,0.1380574221136224,51162.506763285026,17587.42956318568,2.2898230088495577,0.4623893805309734,0.0331858407079646,66684.0,54715.5,11968.5,0.5042106511683074,emerging growth corridor
203021040,Geelong West - Hamlyn Heights,1519.0,283.0,0.0825139877233961,0.1629245826137018,55649.44865042791,16342.760644561218,5.3674911660777385,0.6360424028268551,0.0,77533.0,57984.5,19548.5,0.5142533081285444,emerging growth corridor
203021042,Highton,1708.0,273.0,0.0849286460146188,0.1541501976284585,50122.62441451991,14611.676500443034,6.256410256410256,0.6483516483516484,0.0109890109890109,74333.0,52979.0,21354.0,0.4959112959112959,emerging growth corridor
203021043,Lara,1172.0,135.0,0.0692630459192719,0.097543352601156,49597.55631399318,9114.941959049618,8.681481481481482,0.674074074074074,0.0222222222222222,77556.0,52295.0,25261.0,0.4872122762148337,emerging growth corridor
203021044,Leopold,601.0,55.0,0.0583155443431011,0.0757575757575757,47609.53660565724,10680.120149224094,10.927272727272728,0.7636363636363637,0.0,68414.0,50267.0,18147.0,0.5068813295247988,lower digital concentration
203021045,Newcomb - Moolap,539.0,74.0,0.0465096211925101,0.075050709939148,38538.62987012987,8303.318367843221,7.283783783783784,0.6621621621621622,0.0405405405405405,59227.5,47179.5,12048.0,0.4869712762089443,lower digital concentration
203021046,Newtown (Vic.),756.0,261.0,0.0885038632638726,0.179381443298969,53483.25,16917.891887145866,2.896551724137931,0.6130268199233716,0.0153256704980842,75194.0,56556.0,18638.0,0.5044766400781378,emerging growth corridor
203021047,North Geelong - Bell Park,818.0,178.0,0.0659571036929527,0.1050767414403778,43167.69682151589,10167.935089537184,4.595505617977528,0.5786516853932584,0.0393258426966292,66773.0,51669.5,15103.5,0.4829753199268738,emerging growth corridor
203021485,Charlemont,662.0,66.0,0.060650480989464,0.1143847487001733,44791.77039274925,10252.400122478975,10.030303030303031,0.696969696969697,0.0,73722.0,56551.0,17171.0,0.5146517650265776,lower digital concentration
203021486,Corio - Lovely Banks,565.0,46.0,0.0405075996558646,0.0449657869012707,30183.46017699115,1464.9646579203145,12.282608695652174,0.6304347826086957,0.0,60043.0,44306.0,15737.0,0.4597807152372169,lower digital concentration
203021487,Grovedale - Mount Duneed,1473.0,153.0,0.065090587715422,0.0985824742268041,48288.00407331975,14104.985381317989,9.627450980392156,0.6470588235294118,0.0196078431372549,70191.0,51623.0,18568.0,0.4937606891746373,large-employer / job-heavy hub
203031048,Clifton Springs,720.0,126.0,0.0587851077726975,0.1297631307929969,45276.80625,10245.953131123451,5.714285714285714,0.6904761904761905,0.0,68762.0,49180.5,19581.5,0.5142113256671729,lower digital concentration
203031052,Point Lonsdale - Queenscliff,310.0,101.0,0.0950045969966288,0.1873840445269016,45716.66129032258,10293.262117781976,3.06930693069307,0.5841584158415841,0.0,63011.0,47446.0,15565.0,0.5279433681073026,digitally specialised
203031053,Torquay,1740.0,448.0,0.0909708788623411,0.1696969696969697,52992.152586206896,16116.963690927972,3.883928571428571,0.59375,0.0133928571428571,79249.5,51966.0,27283.5,0.506848372221075,emerging growth corridor
203031489,Barwon Heads - Armstrong Creek,791.0,121.0,0.0722704431247144,0.1302475780409042,49113.518331226296,13732.026919622826,6.537190082644628,0.6115702479338843,0.0,74942.0,54797.0,20145.0,0.5091471270291162,lower digital concentration
203031490,Ocean Grove,1156.0,267.0,0.0821139366387271,0.1586452762923351,54407.847750865054,17893.08205261246,4.329588014981273,0.5880149812734082,0.0,76419.5,50626.0,25793.5,0.5187389565702595,digitally specialised
204011056,Kilmore - Broadford,595.0,114.0,0.0507592560996417,0.0863636363636363,46375.56050420168,7725.93859667737,5.219298245614035,0.6052631578947368,0.0263157894736842,71636.0,49786.0,21850.0,0.4879767363829549,lower digital concentration
204011057,Mansfield (Vic.),492.0,115.0,0.0628432750031932,0.0776502363268062,24383.878048780487,1049.0730289823005,4.278260869565218,0.5217391304347826,0.0,48407.5,39684.5,8723.0,0.4880279348187562,lower digital concentration
204021066,Wangaratta,671.0,128.0,0.0436792084364015,0.0783353733170134,37956.239195231,5353.273761042743,5.2421875,0.546875,0.0,60560.0,49676.5,10883.5,0.5057024135797011,lower digital concentration
204031069,Bright - Mount Beauty,382.0,123.0,0.0513164965072541,0.1012345679012345,46525.26178010471,25000.202269089124,3.105691056910569,0.6504065040650406,0.024390243902439,51716.0,40994.0,10722.0,0.4965205943201053,lower digital concentration
204031073,West Wodonga,633.0,79.0,0.0496665358964299,0.0871003307607497,32055.65876777251,-2902.595998802615,8.012658227848101,0.6075949367088608,0.0,67998.5,50159.0,17839.5,0.4930024054231358,lower digital concentration
204031491,Baranduda - Leneva,525.0,76.0,0.0471994965387035,0.0926829268292682,41426.154285714285,3076.906420929605,6.907894736842105,0.6842105263157895,0.0,73786.5,54478.5,19308.0,0.4871220604703247,lower digital concentration
204031492,Wodonga,606.0,151.0,0.0484916379931183,0.1012064343163538,27226.691419141913,-3087.970539728216,4.013245033112582,0.4966887417218543,0.0397350993377483,61642.0,49065.0,12577.0,0.4863148169534588,lower digital concentration
205011076,Drouin,855.0,138.0,0.0566262666401748,0.0859277708592777,43796.26900584796,8870.2544353466,6.195652173913044,0.6304347826086957,0.0,68029.0,46795.0,21234.0,0.4964196359244241,emerging growth corridor
205011079,Warragul,1098.0,246.0,0.0621181262729124,0.0985576923076923,43877.2131147541,7992.610942316896,4.463414634146342,0.4959349593495935,0.040650406504065,67202.0,48079.5,19122.5,0.5028884826325412,emerging growth corridor
205021081,Bairnsdale,469.0,116.0,0.0424472802968594,0.0776439089692101,28806.70575692964,-2228.3836176744007,4.043103448275862,0.4741379310344827,0.0258620689655172,56338.5,44999.0,11339.5,0.4946660482374768,lower digital concentration
205031091,Phillip Island,601.0,109.0,0.0680480072463768,0.0900826446280991,40229.7462562396,14192.172830062069,5.513761467889908,0.5688073394495413,0.0,52031.0,40811.0,11220.0,0.5058261968271796,lower digital concentration
205031093,Wonthaggi - Inverloch,1023.0,244.0,0.0591158624674949,0.1030405405405405,36734.90224828934,6466.9229937386335,4.192622950819672,0.5860655737704918,0.0,55670.0,42475.0,13195.0,0.5040833568009011,emerging growth corridor
205041094,Churchill,515.0,78.0,0.0605454972960263,0.098984771573604,53197.508737864075,14287.722528129772,6.602564102564102,0.6282051282051282,0.0,71706.0,45849.0,25857.0,0.489739663093415,lower digital concentration
205041095,Moe - Newborough,646.0,63.0,0.0549834028427951,0.0815006468305304,44386.400154798765,10961.366151904898,10.253968253968257,0.4603174603174603,0.0476190476190476,64119.0,44281.0,19838.0,0.486574074074074,lower digital concentration
205041493,Traralgon - East,570.0,104.0,0.0619094167481264,0.0908296943231441,49462.17192982456,12579.24144215214,5.480769230769231,0.4423076923076923,0.0673076923076923,72144.0,49597.5,22546.5,0.4990944763054633,lower digital concentration
205041494,Traralgon - West,880.0,93.0,0.0648919696187596,0.1072664359861591,51645.59886363636,11059.559707231963,9.46236559139785,0.6021505376344086,0.032258064516129,78920.0,52961.0,25959.0,0.5035638992069069,lower digital concentration
206011106,Brunswick East,2699.0,317.0,0.1857408299497625,0.2654941373534338,55607.57984438681,15211.10888574666,8.514195583596214,0.6593059936908517,0.0094637223974763,79109.0,71752.0,7357.0,0.5406300160513644,small-business / consultant-heavy
206011107,Brunswick West,2069.0,236.0,0.1404711793061307,0.2302439024390244,58259.28854519092,21667.179915956076,8.766949152542374,0.6991525423728814,0.0,70332.5,65049.0,5283.5,0.5209646752726909,small-business / consultant-heavy
206011109,Pascoe Vale South,1083.0,129.0,0.1259302325581395,0.1614518147684605,65632.5189289012,20261.688405645393,8.395348837209303,0.5736434108527132,0.0,82097.0,62084.5,20012.5,0.5027161260282477,digitally specialised
206011495,Brunswick - North,2331.0,301.0,0.1614936954413191,0.2209985315712188,56803.46675246675,19401.951857080858,7.744186046511628,0.6411960132890365,0.0099667774086378,71922.0,66547.0,5375.0,0.5116635972989564,small-business / consultant-heavy
206011496,Brunswick - South,2618.0,362.0,0.1749883029209277,0.2034851039910062,57605.583651642475,19848.97262965197,7.232044198895028,0.6049723756906077,0.0303867403314917,76295.0,68455.5,7839.5,0.51631135349529,major digital hub
206011497,Coburg - East,1714.0,230.0,0.1348438360475179,0.1527224435590969,52119.32322053675,16719.794426578766,7.452173913043478,0.6217391304347826,0.0130434782608695,68121.5,61823.0,6298.5,0.5113312834529097,digitally specialised
206011498,Coburg - West,1639.0,188.0,0.1340695296523517,0.20958751393534,60075.04209884076,18769.266843217032,8.71808510638298,0.675531914893617,0.0,76845.0,63094.0,13751.0,0.5089275560104629,small-business / consultant-heavy
206021110,Alphington - Fairfield,1178.0,194.0,0.1440626146508499,0.1688424717145343,64828.133276740235,21250.18207214197,6.072164948453608,0.634020618556701,0.0154639175257731,80991.0,68251.0,12740.0,0.5274800068061937,digitally specialised
206021112,Thornbury,2560.0,333.0,0.1495414451778725,0.2001201923076923,63903.19375,21474.134663604767,7.687687687687688,0.6336336336336337,0.012012012012012,76330.0,68077.5,8252.5,0.5233697853381936,major digital hub
206021499,Northcote - East,2258.0,342.0,0.1640034863451481,0.2630769230769231,68411.81975199291,23748.16511805915,6.60233918128655,0.6695906432748538,0.0087719298245614,85304.0,68008.0,17296.0,0.5288835677940736,major digital hub
206021500,Northcote - West,1808.0,250.0,0.1786561264822134,0.2390057361376673,61437.43860619469,17661.764742558327,7.232,0.656,0.0,82421.5,72636.5,9785.0,0.5355660116246886,small-business / consultant-heavy
206031113,Ascot Vale,1881.0,273.0,0.1354211663066954,0.1941678520625889,69006.81499202552,26244.95883651797,6.8901098901098905,0.6556776556776557,0.0,81251.0,65775.0,15476.0,0.5069640694388373,high-income specialist
206031115,Flemington,1264.0,157.0,0.1298274445357436,0.1866825208085612,59885.76542721519,28914.111616615355,8.050955414012739,0.6687898089171974,0.0,64885.0,60031.0,4854.0,0.4956699732325618,small-business / consultant-heavy
206031116,Moonee Ponds,2268.0,351.0,0.1442014242115971,0.1778115501519757,65537.08818342151,21856.504924265864,6.461538461538462,0.5811965811965812,0.0085470085470085,84751.0,67768.0,16983.0,0.511117088040165,major digital hub
206031501,Essendon (West) - Aberfeldie,1728.0,312.0,0.1240221057920046,0.1758737316798196,62821.104166666664,20823.247028936097,5.538461538461538,0.5993589743589743,0.0,80000.0,60561.5,19438.5,0.5076339589613926,digitally specialised
206031502,Essendon - East,1531.0,288.0,0.1311798474852197,0.1743341404358353,62838.89941214892,20992.65251813813,5.315972222222222,0.5347222222222222,0.0208333333333333,77182.0,66070.5,11111.5,0.5092558983666061,digitally specialised
206041117,Carlton,3032.0,514.0,0.1241452728984973,0.1915765933656354,35169.795514511876,20100.748816727,5.898832684824903,0.5603112840466926,0.0428015564202334,36266.0,30546.5,5719.5,0.5162672379167225,major digital hub
206041118,Docklands,3870.0,703.0,0.2165640738668159,0.2187305538270068,67483.7488372093,29005.379866867952,5.5049786628734,0.4978662873399715,0.0611664295874822,77280.5,56297.0,20983.5,0.4770012911555842,major digital hub
206041119,East Melbourne,905.0,311.0,0.1847692935892201,0.2034009156311314,62683.96132596685,19489.16018264304,2.909967845659164,0.5434083601286174,0.067524115755627,83993.0,71842.0,12151.0,0.5063437139561707,digitally specialised
206041121,Kensington (Vic.),1888.0,266.0,0.1691907877049915,0.2502351834430856,70667.37023305085,25447.985655579752,7.097744360902255,0.6466165413533834,0.0300751879699248,84462.0,75577.0,8885.0,0.5078513478147082,high-income specialist
206041124,Parkville,980.0,146.0,0.1439060205580029,0.2019363762102351,36948.45306122449,16246.62501423477,6.712328767123288,0.684931506849315,0.0205479452054794,53122.5,42613.5,10509.0,0.504720239465807,small-business / consultant-heavy
206041125,South Yarra - West,1196.0,255.0,0.2021978021978022,0.1783216783216783,65046.05434782607,22400.340400235204,4.690196078431373,0.6627450980392157,0.0274509803921568,84524.0,70009.0,14515.0,0.5174377224199288,digitally specialised
206041503,Melbourne CBD - East,2143.0,1260.0,0.1311104313245641,0.1686521215366082,51630.66028931405,32130.26184942417,1.7007936507936507,0.4373015873015873,0.0873015873015873,49115.0,37365.0,11750.0,0.4952665157439802,major digital hub
206041504,Melbourne CBD - North,3227.0,468.0,0.1083904339647991,0.1954887218045112,41373.91509141617,27490.79729617232,6.895299145299146,0.5064102564102564,0.0598290598290598,34399.0,27098.5,7300.5,0.5393346819510002,major digital hub
206041505,Melbourne CBD - West,3640.0,4584.0,0.1220861982223713,0.3055592587654979,53461.34134615384,35468.246595189565,0.794066317626527,0.5580279232111692,0.075043630017452,46933.5,33804.0,13129.5,0.5182151449192347,major digital hub
206041506,North Melbourne,2677.0,488.0,0.1434850190277107,0.2170818505338078,51330.7775494957,23631.894154523303,5.485655737704918,0.5389344262295082,0.0245901639344262,60175.0,51262.0,8913.0,0.514661528150134,major digital hub
206041508,Southbank (West) - South Wharf,1448.0,404.0,0.171037089534609,0.2324510932105868,69596.36049723758,34203.56088703205,3.584158415841584,0.5470297029702971,0.0717821782178217,74015.0,57130.0,16885.0,0.4856332032635686,high-income specialist
206041509,Southbank - East,4109.0,433.0,0.1677142857142857,0.2242361470740549,62501.49038695546,32976.144550220764,9.48960739030023,0.6189376443418014,0.0392609699769053,69358.0,55675.0,13683.0,0.4907486106570775,major digital hub
206041510,West Melbourne - Residential,1639.0,248.0,0.1530631303698169,0.2264840182648402,58234.63300793167,29700.713461797935,6.608870967741935,0.5604838709677419,0.0282258064516129,62666.0,50055.0,12611.0,0.4983870967741935,digitally specialised
206051128,Albert Park,2850.0,1235.0,0.1921261965754348,0.2277337267195279,57986.08824561403,14646.391265703016,2.3076923076923075,0.5530364372469636,0.0388663967611336,86166.0,65222.0,20944.0,0.5093976345466215,major digital hub
206051129,Elwood,2612.0,504.0,0.1712450009834131,0.3045317220543806,60998.44372128637,21276.37599690428,5.182539682539683,0.7083333333333334,0.0059523809523809,80853.5,70308.5,10545.0,0.5411786577430749,major digital hub
206051130,Port Melbourne,2313.0,593.0,0.1724317876845087,0.2614638447971781,75932.69498486814,21014.60146317439,3.900505902192243,0.6391231028667791,0.0118043844856661,99857.0,77541.0,22316.0,0.5147854657904909,major digital hub
206051134,St Kilda East,2736.0,356.0,0.1469624536713756,0.2261753494282083,56616.69152046784,23121.64701813126,7.685393258426966,0.6910112359550562,0.0084269662921348,70523.5,64621.5,5902.0,0.5051956486442605,major digital hub
206051511,Port Melbourne Industrial,533.0,421.0,0.1619568520206624,0.1753436068304873,54874.21763602251,21991.60171381042,1.2660332541567696,0.3562945368171021,0.1187648456057007,72590.0,62216.0,10374.0,0.4808052434456928,digitally specialised
206051512,South Melbourne,2196.0,1249.0,0.1843673914868608,0.2574726860441146,71530.89207650273,29699.387920680383,1.758206565252202,0.4971977582065652,0.0464371497197758,83252.0,66763.0,16489.0,0.4998823529411764,major digital hub
206051513,St Kilda - Central,2173.0,434.0,0.1380208333333333,0.214745175655616,60366.071790151866,28901.192280497395,5.006912442396313,0.5506912442396313,0.032258064516129,69022.0,61898.5,7123.5,0.5007366663392594,major digital hub
206051514,St Kilda - West,2520.0,525.0,0.1416128125878055,0.2382032667876588,56029.59087301587,26034.347180967543,4.8,0.6171428571428571,0.0228571428571428,65574.0,60360.5,5213.5,0.4938239159001314,major digital hub
206061135,Armadale,1522.0,319.0,0.1849781234807972,0.1736526946107784,74104.01971090671,26658.766733269375,4.77115987460815,0.5956112852664577,0.018808777429467,90995.0,70854.0,20141.0,0.5372817751672377,high-income specialist
206061136,Prahran - Windsor,3867.0,756.0,0.1769632070291049,0.2349285270354257,63917.327902767,22329.847443312487,5.115079365079365,0.5674603174603174,0.0449735449735449,82529.5,71338.0,11191.5,0.4995617288112737,major digital hub
206061138,Toorak,1751.0,481.0,0.1784731423911935,0.1687719298245614,60315.11336379211,19687.88953339766,3.64033264033264,0.6735966735966736,0.0062370062370062,84010.0,60883.0,23127.0,0.5128676470588235,digitally specialised
206061515,South Yarra - North,2725.0,577.0,0.1970924345436134,0.196793997271487,64104.08110091743,25455.35934480576,4.722703639514731,0.5580589254766031,0.0398613518197573,78673.0,66301.5,12371.5,0.5104642515669818,major digital hub
206061516,South Yarra - South,1880.0,427.0,0.1896116994452849,0.2341008771929824,65607.87765957447,24680.59278816751,4.402810304449648,0.5831381733021077,0.0562060889929742,81815.5,69588.5,12227.0,0.5065251685070988,major digital hub
206071139,Abbotsford,1939.0,386.0,0.1816053198463988,0.2223502304147465,64965.38576585869,23081.74766526864,5.023316062176166,0.5259067357512953,0.0595854922279792,81700.0,70279.0,11421.0,0.4839064649243466,major digital hub
206071140,Carlton North - Princes Hill,1528.0,246.0,0.1894371435655839,0.2721238938053097,55006.10013089005,18577.471628534484,6.211382113821138,0.6666666666666666,0.0,74052.0,67446.5,6605.5,0.5283018867924528,small-business / consultant-heavy
206071141,Collingwood,2062.0,845.0,0.1953576504026527,0.3226422298587247,71137.93501454899,27349.6387094803,2.4402366863905325,0.3964497041420118,0.0674556213017751,84854.0,73315.0,11539.0,0.465798492117889,major digital hub
206071142,Fitzroy,1987.0,583.0,0.1774582477449316,0.2544740288083806,68379.44942123805,29895.670283969142,3.408233276157804,0.5180102915951973,0.0428816466552315,77495.0,65477.0,12018.0,0.4965273227624164,major digital hub
206071143,Fitzroy North,2276.0,369.0,0.1867563797489127,0.2695398100803506,64292.80799648506,23351.599905896728,6.168021680216802,0.6883468834688347,0.0,79988.0,70870.0,9118.0,0.5280573874811987,major digital hub
206071145,Clifton Hill - Alphington,1694.0,244.0,0.1824055130828039,0.2271880819366853,68265.0295159386,21780.19700813199,6.942622950819672,0.680327868852459,0.0204918032786885,90036.5,76700.0,13336.5,0.5175490779298036,small-business / consultant-heavy
206071517,Richmond (South) - Cremorne,3520.0,1186.0,0.1931095018652622,0.257490230134607,72405.73323863637,22141.34183530085,2.9679595278246205,0.4654300168634064,0.0758853288364249,92574.5,79037.0,13537.5,0.4996195982958004,major digital hub
206071518,Richmond - North,2538.0,438.0,0.1727823541425556,0.2017503454629203,64782.400906225375,22420.052073765713,5.794520547945205,0.5662100456621004,0.0365296803652968,80680.0,70749.5,9930.5,0.4961975308641975,major digital hub
207011146,Ashburton (Vic.),1012.0,200.0,0.1657386177530298,0.244798041615667,80704.31422924901,32273.931654732143,5.06,0.58,0.0,91957.0,62761.0,29196.0,0.5056587657484518,high-income specialist
207011147,Balwyn,1603.0,401.0,0.1432913202824707,0.1487940630797773,61868.66625077979,22255.950688073077,3.997506234413965,0.6059850374064838,0.0074812967581047,69821.5,52450.5,17371.0,0.509636218496978,digitally specialised
207011148,Balwyn North,2300.0,464.0,0.1516850227527534,0.1538461538461538,58775.34782608696,20007.253649472834,4.956896551724138,0.5775862068965517,0.0,72028.5,53518.5,18510.0,0.5015713921685212,major digital hub
207011149,Camberwell,2719.0,678.0,0.1639235545909447,0.2127392532161907,66688.99963221773,23680.3797491768,4.010324483775811,0.612094395280236,0.0117994100294985,84522.0,60665.5,23856.5,0.5084516026152129,major digital hub
207011150,Glen Iris - East,2237.0,507.0,0.1662578966926793,0.2340720221606648,71959.49687080912,25023.319427479502,4.412228796844182,0.6074950690335306,0.019723865877712,94409.0,64832.5,29576.5,0.5042901716068643,major digital hub
207011152,Hawthorn East,2482.0,670.0,0.1724329581770182,0.2153648344583735,63511.370265914586,21244.684007751464,3.7044776119402982,0.5208955223880597,0.0388059701492537,80448.0,67708.0,12740.0,0.5128548217528434,major digital hub
207011154,Kew East,725.0,210.0,0.1371288065065254,0.2028985507246377,60538.49310344827,19558.961989394935,3.452380952380953,0.6,0.0142857142857142,78541.5,60327.0,18214.5,0.5064507968631419,digitally specialised
207011155,Surrey Hills (West) - Canterbury,1915.0,500.0,0.1566334042205136,0.2030869212022745,65324.64490861619,21868.151738323373,3.83,0.582,0.024,86031.5,57981.0,28050.5,0.5136547898442501,major digital hub
207011519,Hawthorn - North,1479.0,387.0,0.1519572588102332,0.2306317044100119,63607.89046653144,25318.645372521372,3.8217054263565897,0.5762273901808785,0.0284237726098191,78561.0,64095.0,14466.0,0.5146147032772365,digitally specialised
207011520,Hawthorn - South,2005.0,435.0,0.1596973317403424,0.2078356426182513,64985.37157107232,28089.597258049616,4.609195402298851,0.5885057471264368,0.0597701149425287,73717.0,63774.0,9943.0,0.5051982177539129,major digital hub
207011521,Kew - South,1395.0,395.0,0.1523092040615787,0.1971057884231536,58468.5,19716.79823124795,3.5316455696202533,0.6151898734177215,0.0151898734177215,79431.5,57944.0,21487.5,0.5063328424153166,digitally specialised
207011522,Kew - West,1592.0,406.0,0.1535493827160493,0.2092783505154639,65378.306532663315,23653.424877570724,3.921182266009852,0.6083743842364532,0.0073891625615763,80004.0,63577.0,16427.0,0.5037699680511182,digitally specialised
207021156,Bulleen,1045.0,182.0,0.1273458445040214,0.1386138613861386,65884.74162679426,25114.47286003823,5.741758241758242,0.6153846153846154,0.0,70335.0,55956.0,14379.0,0.4913860003104144,digitally specialised
207021157,Doncaster,2377.0,400.0,0.1260874177806068,0.1311905542800918,59097.87063525452,24246.960068736375,5.9425,0.6225,0.015,63599.0,50717.0,12882.0,0.5044180059834412,major digital hub
207021159,Templestowe,1568.0,358.0,0.1361229273374425,0.1515664690939881,59857.9980867347,18557.655522275974,4.379888268156424,0.6145251396648045,0.0,72634.5,53452.0,19182.5,0.5009640102827764,emerging growth corridor
207021160,Templestowe Lower,1317.0,219.0,0.1326283987915407,0.1588107324147933,67680.95140470767,26798.405030085312,6.013698630136986,0.6484018264840182,0.0,76197.0,54010.0,22187.0,0.4941573617242275,digitally specialised
207021424,Doncaster East - North,1459.0,285.0,0.1325761017719218,0.1749539594843462,65607.45167923236,26005.864128119225,5.1192982456140355,0.6596491228070176,0.0,68713.0,51970.0,16743.0,0.4942437022683232,emerging growth corridor
207021425,Doncaster East - South,1428.0,271.0,0.1352657004830917,0.1482494529540481,64925.57983193277,24929.355715232952,5.269372693726937,0.6273062730627307,0.018450184501845,70691.5,51702.0,18989.5,0.498609599806553,emerging growth corridor
207031161,Blackburn,2667.0,517.0,0.1463615409944023,0.2010890704006223,65757.45219347581,24734.286212793115,5.158607350096712,0.5261121856866537,0.0193423597678916,75174.5,57986.5,17188.0,0.4996319199057715,major digital hub
207031162,Blackburn South,1018.0,165.0,0.1261149653121903,0.175531914893617,67696.93123772102,28548.254144063932,6.16969696969697,0.703030303030303,0.0,70057.5,56628.5,13429.0,0.506232799093411,digitally specialised
207031163,Box Hill,2304.0,483.0,0.1119533527696793,0.1361714124612348,54441.51388888889,26121.784078393262,4.770186335403727,0.5693581780538303,0.0269151138716356,54916.0,47096.0,7820.0,0.5126770293609672,major digital hub
207031164,Box Hill North,1848.0,316.0,0.1318493150684931,0.1723949809056192,66310.5551948052,27766.84967967963,5.848101265822785,0.6044303797468354,0.0,68130.0,54121.0,14009.0,0.5021515434985968,emerging growth corridor
207031165,Burwood (Vic.),1323.0,185.0,0.1101398601398601,0.1378539493293591,45835.3253968254,20664.40556665557,7.151351351351352,0.6756756756756757,0.0324324324324324,52000.0,44637.0,7363.0,0.4936055090998525,emerging growth corridor
207031166,Burwood East,1145.0,165.0,0.1299954586739327,0.1448639157155399,60994.74672489083,26204.587437879025,6.9393939393939394,0.5393939393939394,0.0242424242424242,62605.0,53605.0,9000.0,0.4853479853479853,digitally specialised
207031167,Surrey Hills (East) - Mont Albert,1257.0,278.0,0.1568113772455089,0.2513562386980108,70974.4431185362,25011.244266240792,4.5215827338129495,0.6834532374100719,0.0107913669064748,84568.0,62832.5,21735.5,0.514636140637776,high-income specialist
208011168,Beaumaris,1546.0,391.0,0.1480701082271813,0.2647257955314827,69917.02457956015,24494.16695098051,3.9539641943734014,0.6342710997442456,0.0,90000.0,55271.0,34729.0,0.5065725413826679,high-income specialist
208011169,Brighton (Vic.),2907.0,957.0,0.1769755266041641,0.2247534053546266,64930.80460956312,21414.50678903469,3.0376175548589344,0.6248693834900731,0.0073145245559038,87491.0,56334.0,31157.0,0.5059963099630996,major digital hub
208011170,Brighton East,2078.0,459.0,0.1715937241948802,0.2455858747993579,71550.57362848893,26261.89939232047,4.52723311546841,0.6187363834422658,0.0,84872.5,59233.0,25639.5,0.5031920460491889,major digital hub
208011171,Highett (West) - Cheltenham,1467.0,347.0,0.1469939879759519,0.2060570071258907,73670.8773006135,24572.815727467212,4.227665706051873,0.547550432276657,0.031700288184438,92061.0,63900.0,28161.0,0.5086864964464333,high-income specialist
208011172,Hampton,2301.0,524.0,0.1636324847105675,0.2547399124939232,77676.17992177315,29945.750786515004,4.391221374045801,0.6202290076335878,0.0076335877862595,90383.0,58551.0,31832.0,0.5058426145700201,major digital hub
208011173,Sandringham - Black Rock,2104.0,546.0,0.1605616605616605,0.267515923566879,69307.57129277567,25588.45472531535,3.8534798534798536,0.6172161172161172,0.0054945054945054,87355.5,58724.5,28631.0,0.5101517839542677,major digital hub
208021174,Bentleigh - McKinnon,3073.0,558.0,0.1523927597322092,0.2093808630393996,72272.07419459811,26622.04042321205,5.507168458781362,0.6075268817204301,0.0053763440860215,81877.0,62409.0,19468.0,0.5089086859688196,major digital hub
208021176,Carnegie,2716.0,351.0,0.1508637449314003,0.2057444314185228,67434.2811119293,28020.989216134156,7.737891737891738,0.6524216524216524,0.0,74604.0,62560.5,12043.5,0.5034326728038696,major digital hub
208021177,Caulfield - North,3008.0,645.0,0.1540194572452637,0.1777349131992284,58730.62832446808,25509.89806333137,4.663565891472868,0.6697674418604651,0.0062015503875968,69382.0,52883.5,16498.5,0.5034260942525521,major digital hub
208021178,Caulfield - South,2318.0,473.0,0.1677886355410785,0.1942505133470226,65179.12726488352,24274.07424280607,4.900634249471459,0.6342494714587738,0.014799154334038,76368.0,57183.0,19185.0,0.5028790786948176,major digital hub
208021179,Elsternwick,1763.0,391.0,0.1686758515116724,0.240319606637984,61377.30969937606,20001.413124557846,4.508951406649617,0.6112531969309463,0.0153452685421994,79205.0,64418.0,14787.0,0.5202659506456975,emerging growth corridor
208021180,Hughesdale,932.0,108.0,0.1439604572134692,0.1717011128775834,71057.40557939914,26751.096728611377,8.62962962962963,0.5370370370370371,0.0,77264.5,62150.0,15114.5,0.499375,high-income specialist
208021181,Murrumbeena,1246.0,178.0,0.147665323536383,0.2119047619047619,67763.50561797753,25007.71947197137,7.0,0.6685393258426966,0.0337078651685393,77324.0,64568.0,12756.0,0.4993517017828201,small-business / consultant-heavy
208021182,Ormond - Glen Huntly,1920.0,247.0,0.1498946053556093,0.1919191919191919,68059.03802083334,29638.155594414413,7.77327935222672,0.6558704453441295,0.0,73789.5,60663.0,13126.5,0.4961874240247541,small-business / consultant-heavy
208021426,Bentleigh East - North,1843.0,332.0,0.1428682170542635,0.2088050314465409,72163.99294628324,28846.951124577812,5.551204819277109,0.641566265060241,0.0,79791.0,60677.0,19114.0,0.5047302737520128,major digital hub
208021427,Bentleigh East - South,1481.0,228.0,0.1382690691812155,0.1903171953255425,70630.2785280216,23919.05189185318,6.495614035087719,0.6622807017543859,0.0,82001.5,62883.0,19118.5,0.4997019907021099,high-income specialist
208031183,Aspendale Gardens - Waterways,709.0,127.0,0.1012567837760639,0.1814285714285714,61302.37376586742,18493.411612197044,5.582677165354331,0.5118110236220472,0.0,75848.5,55668.5,20180.0,0.4964266080263881,digitally specialised
208031184,Braeside,13.0,113.0,0.0866666666666666,0.0812949640287769,21805.0,-12929.03,0.1150442477876106,0.3451327433628318,0.1061946902654867,59500.0,38362.0,21138.0,0.3157894736842105,lower digital concentration
208031185,Carrum - Patterson Lakes,853.0,135.0,0.0928586980187241,0.1227272727272727,57799.704572098475,13974.357413378682,6.318518518518519,0.6296296296296297,0.0,79444.5,56530.5,22914.0,0.5060756697045016,lower digital concentration
208031186,Chelsea - Bonbeach,1246.0,159.0,0.1063775292410142,0.1704180064308681,68942.35674157302,22341.12592965464,7.836477987421383,0.6415094339622641,0.0,83748.0,61282.0,22466.0,0.5182913227749275,high-income specialist
208031188,Highett (East) - Cheltenham,2509.0,451.0,0.1309430614268566,0.1492389146260754,69402.91988840175,24030.866681366628,5.5631929046563195,0.5964523281596452,0.0088691796008869,81634.5,61695.0,19939.5,0.5128398274327193,major digital hub
208031189,Edithvale - Aspendale,1294.0,187.0,0.1193176579068695,0.1925849639546858,71181.03438948996,24128.358271463218,6.919786096256685,0.5775401069518716,0.0,85874.0,60063.0,25811.0,0.5110289734112317,high-income specialist
208031190,Mentone,1407.0,225.0,0.1313112459169388,0.1795690343176376,68910.46481876333,23407.276391325155,6.253333333333333,0.5422222222222223,0.0,80666.0,62036.0,18630.0,0.517822265625,high-income specialist
208031191,Moorabbin - Heatherton,959.0,253.0,0.1282428456806632,0.1006364359586316,66801.0,23179.773134527943,3.7905138339920943,0.5375494071146245,0.0395256916996047,78200.0,59956.0,18244.0,0.4986894985147649,digitally specialised
208031193,Mordialloc - Parkdale,2104.0,371.0,0.1214640341761921,0.1704963235294117,67973.94961977187,22896.503106667144,5.671159029649596,0.5444743935309974,0.0107816711590296,82735.5,61268.5,21467.0,0.5128458498023716,major digital hub
208041194,Malvern - Glen Iris,2877.0,732.0,0.1618838622552329,0.2123585726718886,63430.448905109486,20553.073511231472,3.930327868852459,0.6461748633879781,0.0136612021857923,83732.0,64778.0,18954.0,0.5158343483556638,major digital hub
208041195,Malvern East,2962.0,642.0,0.1524525194297184,0.2295316410439757,66389.36664415935,26422.318648894543,4.613707165109035,0.6370716510903427,0.014018691588785,78405.0,60000.0,18405.0,0.4973844196239219,major digital hub
209011196,Bundoora - East,679.0,91.0,0.089601477962523,0.0993449781659388,58870.57290132548,22809.64165297499,7.461538461538462,0.5824175824175825,0.0,64712.0,52252.0,12460.0,0.4740753848876305,lower digital concentration
209011197,Greensborough,1789.0,263.0,0.1140071373948508,0.1642723297938788,68738.17998882057,20401.29912596052,6.802281368821292,0.5893536121673004,0.0114068441064638,86825.0,60579.5,26245.5,0.5004503398018505,digitally specialised
209011198,Heidelberg - Rosanna,1805.0,297.0,0.1395438732122149,0.1888111888111888,72870.80332409972,25933.41557767529,6.077441077441078,0.531986531986532,0.0101010101010101,87454.0,67383.0,20071.0,0.5093310966659677,high-income specialist
209011199,Heidelberg West,1383.0,196.0,0.1069522852060938,0.109313998884551,57751.8546637744,19986.25413017298,7.0561224489795915,0.5459183673469388,0.0204081632653061,68809.0,59818.0,8991.0,0.4840153452685422,emerging growth corridor
209011200,Ivanhoe,1552.0,295.0,0.1512670565302144,0.2203136669156086,70666.35051546391,24669.687455035066,5.261016949152542,0.6372881355932203,0.0169491525423728,87108.0,65099.0,22009.0,0.5182321865738951,high-income specialist
209011201,Ivanhoe East - Eaglemont,1015.0,246.0,0.1644523655217109,0.2196428571428571,57496.979310344825,13088.372537823763,4.126016260162602,0.6260162601626016,0.0,83123.0,63767.0,19356.0,0.5008333333333334,small-business / consultant-heavy
209011202,Montmorency - Briar Hill,1454.0,226.0,0.1184521384928716,0.1610833927298645,68342.13686382394,22113.31975588096,6.433628318584071,0.6504424778761062,0.0,85605.0,60152.0,25453.0,0.516997608899054,digitally specialised
209011203,Viewbank - Yallambie,1665.0,211.0,0.1207221577726218,0.1992445703493862,72244.26666666666,24832.55016434647,7.890995260663507,0.6729857819905213,0.0,84115.0,60233.5,23881.5,0.5003270722362396,high-income specialist
209011204,Watsonia,783.0,84.0,0.1134618171279524,0.1489361702127659,72653.01149425287,24406.570978385607,9.321428571428571,0.5833333333333334,0.0,83169.0,62969.0,20200.0,0.4956912701386287,high-income specialist
209021205,Kingsbury,999.0,91.0,0.1059048022898335,0.109903381642512,51076.21171171171,20223.324560222256,10.978021978021978,0.7032967032967034,0.0,60577.5,49668.0,10909.5,0.4886567164179105,large-employer / job-heavy hub
209021428,Preston - East,2394.0,372.0,0.1234784402723334,0.1333811401936178,55976.15079365079,18681.081601366903,6.435483870967742,0.553763440860215,0.010752688172043,68770.0,61216.5,7553.5,0.5028808985486106,major digital hub
209021429,Preston - West,1480.0,141.0,0.1336463789055445,0.1552863436123348,62214.01722972973,21853.918981580915,10.49645390070922,0.6595744680851063,0.0,74185.0,61133.0,13052.0,0.5091606833374598,large-employer / job-heavy hub
209021523,Reservoir - North East,1350.0,107.0,0.1051319990654933,0.1065737051792828,55390.78074074074,18909.99680646771,12.61682242990654,0.719626168224299,0.0,66892.0,58875.0,8017.0,0.4891616898916169,large-employer / job-heavy hub
209021524,Reservoir - North West,623.0,68.0,0.0926394052044609,0.0846824408468244,48976.73595505618,12516.698036840571,9.161764705882351,0.7058823529411765,0.0,64799.0,51501.0,13298.0,0.4689816621147093,lower digital concentration
209021525,Reservoir - South East,1075.0,100.0,0.1009484458634613,0.1089324618736383,51758.266976744184,18056.42882292692,10.75,0.62,0.0,64272.0,56146.0,8126.0,0.4906914893617021,large-employer / job-heavy hub
209021526,Reservoir - South West,1321.0,160.0,0.1072240259740259,0.1202103681442524,57257.82361847086,18445.08323697735,8.25625,0.7,0.0,71036.0,61246.0,9790.0,0.4952553095345685,digitally specialised
209031209,Eltham,2230.0,490.0,0.1245323058022002,0.2154793315743184,68141.22780269058,21701.224703343963,4.551020408163265,0.6244897959183674,0.0061224489795918,87441.5,57120.0,30321.5,0.4975661375661375,major digital hub
209031213,Plenty - Yarrambat,791.0,142.0,0.1052141527001862,0.1329588014981273,62398.238938053095,19593.483218446818,5.570422535211268,0.5563380281690141,0.0,82666.0,54832.0,27834.0,0.4903203700531094,digitally specialised
209031214,Research - North Warrandyte,671.0,191.0,0.1293868106440416,0.2255017709563164,62817.89344262295,19563.95100143514,3.513089005235602,0.581151832460733,0.0,83452.0,51720.0,31732.0,0.498197548666186,digitally specialised
209031215,Wattle Glen - Diamond Creek,1080.0,160.0,0.0898502495840266,0.1351351351351351,59436.998148148145,14236.20717477044,6.75,0.66875,0.0,87118.0,56226.0,30892.0,0.4975709813235452,lower digital concentration
209041216,Bundoora - North,592.0,165.0,0.0957464014232573,0.1731374606505771,51936.32094594595,16055.396152156522,3.587878787878788,0.4787878787878787,0.0242424242424242,67445.0,51767.0,15678.0,0.4945030782761653,emerging growth corridor
209041220,Mill Park - North,1218.0,150.0,0.0862361937128292,0.1031636863823934,53537.161740558295,14511.675086635893,8.12,0.66,0.0,69212.5,52976.0,16236.5,0.4857737026183949,lower digital concentration
209041221,Mill Park - South,667.0,84.0,0.0769941128939166,0.1155433287482806,49982.503748125935,12200.701831930624,7.940476190476191,0.6785714285714286,0.0357142857142857,67481.0,51892.0,15589.0,0.487905695039804,lower digital concentration
209041223,Thomastown,955.0,206.0,0.0666155133928571,0.0617505995203836,46566.46230366492,15946.395548642598,4.635922330097087,0.4854368932038835,0.0339805825242718,58325.5,47948.0,10377.5,0.4528067323324089,emerging growth corridor
209041224,Wallan,1104.0,131.0,0.054014384265375,0.0669391926417986,48570.54347826087,10931.582961601547,8.427480916030534,0.6259541984732825,0.0229007633587786,73520.0,51887.0,21633.0,0.4688247806434459,emerging growth corridor
209041225,Whittlesea,710.0,107.0,0.0669621805149486,0.0875613747954173,47613.144366197186,11026.28192160603,6.635514018691588,0.5607476635514018,0.0,72176.0,51579.5,20596.5,0.477892030848329,emerging growth corridor
209041431,Epping - East,615.0,56.0,0.0603059423416356,0.0658823529411764,42790.6674796748,9396.504114309042,10.982142857142858,0.7142857142857143,0.0,65230.0,49591.0,15639.0,0.4700366897676314,lower digital concentration
209041433,Epping (Vic.) - West,712.0,109.0,0.0719991910203256,0.0778015703069236,49440.91221910113,15524.886180067855,6.532110091743119,0.5779816513761468,0.0275229357798165,66311.0,51848.5,14462.5,0.4760288502333474,emerging growth corridor
209041435,South Morang - North,933.0,97.0,0.0847796456156292,0.1002066115702479,60244.7459807074,19814.940528640152,9.618556701030927,0.6494845360824743,0.0309278350515463,77316.0,52436.5,24879.5,0.4993860510805501,large-employer / job-heavy hub
209041436,South Morang - South,864.0,66.0,0.0804993943911301,0.0737430167597765,52086.666666666664,14828.55174073729,13.090909090909092,0.6666666666666666,0.0,71360.0,55426.0,15934.0,0.4854969704782776,large-employer / job-heavy hub
209041437,Wollert,1618.0,180.0,0.071164672765658,0.066691367173027,56511.141223733,22811.224747659813,8.988888888888889,0.7111111111111111,0.0,65930.0,53239.0,12691.0,0.4694154681809764,emerging growth corridor
209041527,Doreen - North,976.0,137.0,0.0745550378122374,0.1323671497584541,61321.36680327869,19446.609756452628,7.124087591240876,0.5985401459854015,0.0,84108.0,51980.0,32128.0,0.5050937245313774,lower digital concentration
209041528,Doreen - South,724.0,76.0,0.0802127188123199,0.119309262166405,62641.914364640885,20841.189237231178,9.526315789473683,0.5789473684210527,0.0,82809.0,54659.5,28149.5,0.507922136713445,lower digital concentration
209041530,Lalor - West,660.0,78.0,0.0693277310924369,0.0671256454388984,47841.29696969697,15697.698440285203,8.461538461538462,0.5897435897435898,0.0,61099.0,49965.0,11134.0,0.463691159586682,lower digital concentration
209041531,Mernda - North,809.0,83.0,0.0833676834295136,0.1118598382749326,52083.86897404203,15211.885307512764,9.74698795180723,0.5903614457831325,0.0,74594.0,54300.5,20293.5,0.5014710208884966,large-employer / job-heavy hub
209041532,Mernda - South,783.0,87.0,0.0751583797273948,0.1022326674500587,61227.5632183908,23374.113563946572,9.0,0.6781609195402298,0.0,75282.0,53776.0,21506.0,0.4925533342278277,lower digital concentration
210011226,Airport West,561.0,90.0,0.0854401462077368,0.093071354705274,58626.594474153295,13746.97903096109,6.233333333333333,0.5555555555555556,0.0333333333333333,80538.0,63166.0,17372.0,0.495228426395939,lower digital concentration
210011228,Keilor,601.0,194.0,0.0951702296120348,0.0723340790454884,58645.51081530782,16558.72459202991,3.097938144329897,0.4536082474226804,0.0463917525773195,75135.0,56625.0,18510.0,0.4885325756038157,lower digital concentration
210011230,Niddrie - Essendon West,692.0,122.0,0.1114511193428893,0.143698468786808,68323.51156069365,22127.119065927986,5.672131147540983,0.5983606557377049,0.0245901639344262,85246.5,61857.0,23389.5,0.5121121971950702,digitally specialised
210011231,Strathmore,948.0,173.0,0.113383566559024,0.1868250539956803,73042.5,27782.04221983016,5.479768786127168,0.5838150289017341,0.0,81316.0,62023.5,19292.5,0.5012718600953895,high-income specialist
210011533,Avondale Heights,853.0,131.0,0.1019481295565913,0.1364583333333333,60338.61664712778,17455.600512312434,6.511450381679389,0.7022900763358778,0.0,75706.0,55797.0,19909.0,0.4914622787954051,digitally specialised
210011534,Keilor East,1099.0,144.0,0.0992056327857014,0.1244598098530682,69188.2092811647,25419.100191076235,7.631944444444445,0.6388888888888888,0.0,80220.5,57600.0,22620.5,0.4936453260482242,high-income specialist
210021232,Gisborne,942.0,216.0,0.0862953462806889,0.1478439425051334,65170.53343949045,19301.434181520497,4.361111111111111,0.5833333333333334,0.0138888888888888,88941.0,53755.0,35186.0,0.4982995191743872,lower digital concentration
210021235,Romsey,546.0,96.0,0.0667644900953778,0.0845070422535211,52614.07692307692,11910.754961717175,5.6875,0.59375,0.0,77241.0,48924.5,28316.5,0.481578947368421,lower digital concentration
210031236,Coburg North,945.0,156.0,0.1306331213713021,0.1142020497803806,59006.07407407407,19149.48885151394,6.0576923076923075,0.6089743589743589,0.0256410256410256,72898.0,62533.0,10365.0,0.4893901739629134,emerging growth corridor
210031237,Fawkner,900.0,93.0,0.0873871249635886,0.0648535564853556,52351.16,22339.59285755899,9.67741935483871,0.6129032258064516,0.0,57980.5,48817.0,9163.5,0.415089309517462,large-employer / job-heavy hub
210031535,Glenroy - East,1141.0,107.0,0.0887178290957157,0.0819923371647509,57409.1560035057,26313.926511242265,10.663551401869158,0.6728971962616822,0.0,62172.0,53529.0,8643.0,0.4590739273180119,large-employer / job-heavy hub
210031536,Glenroy - West,715.0,65.0,0.0788486987207763,0.0849673202614379,61535.03776223776,29940.41573974107,11.0,0.6307692307692307,0.0,66110.0,60337.5,5772.5,0.473428273706148,lower digital concentration
210031537,Oak Park,988.0,69.0,0.1233766233766233,0.1268382352941176,69305.89170040486,28862.322269835426,14.318840579710145,0.5652173913043478,0.0,79203.0,64080.5,15122.5,0.4884952520087655,high-income specialist
210031538,Pascoe Vale,1810.0,186.0,0.1203137463440574,0.1431870669745958,66121.90828729281,23465.04538513913,9.731182795698924,0.6236559139784946,0.0,80324.0,64345.0,15979.0,0.4995360920393394,large-employer / job-heavy hub
210041240,Sunbury,773.0,92.0,0.06930870617771,0.1009879253567508,56142.64553686934,14452.288951197326,8.402173913043478,0.5760869565217391,0.0,77879.0,54228.0,23651.0,0.4884496308644915,lower digital concentration
210041540,Sunbury - South,910.0,109.0,0.0746023938350549,0.0930034129692832,58812.25,17573.759796687984,8.34862385321101,0.5596330275229358,0.0275229357798165,78676.0,54899.5,23776.5,0.501935626589979,lower digital concentration
210041541,Sunbury - West,645.0,64.0,0.069994574064026,0.1030595813204508,56020.121705426354,14433.05415252348,10.078125,0.6875,0.0,79860.0,53202.0,26658.0,0.4914393499709808,lower digital concentration
210051242,Broadmeadows,587.0,81.0,0.0561239124199254,0.0506566604127579,34889.38160136286,13291.422284028507,7.246913580246914,0.691358024691358,0.037037037037037,48651.0,41352.0,7299.0,0.3993533876862524,lower digital concentration
210051243,Campbellfield - Coolaroo,512.0,183.0,0.0537871625170711,0.0544157002676181,29311.779296875,6107.521969424637,2.797814207650273,0.5027322404371585,0.0327868852459016,46062.0,38483.0,7579.0,0.3912740451630889,emerging growth corridor
210051245,Gladstone Park - Westmeadows,952.0,117.0,0.0703621581670362,0.0883018867924528,53708.86554621849,15059.348916506737,8.136752136752136,0.6495726495726496,0.0,70834.0,53915.0,16919.0,0.4811283664242186,lower digital concentration
210051246,Greenvale - Bulla,1512.0,192.0,0.0866277071158473,0.0845814977973568,59875.33366402117,19797.7670603773,7.875,0.6666666666666666,0.0,74393.5,51411.0,22982.5,0.4847269811183203,emerging growth corridor
210051442,Craigieburn - North,662.0,89.0,0.0672149456797644,0.0820276497695852,51272.64350453172,17676.689651348657,7.438202247191011,0.6067415730337079,0.0,65121.0,50723.5,14397.5,0.4691983122362869,emerging growth corridor
210051443,Craigieburn - South,1146.0,133.0,0.0706883789785344,0.0597484276729559,53254.16404886562,19720.439307932975,8.61654135338346,0.6466165413533834,0.0225563909774436,61810.0,48815.0,12995.0,0.454891574242675,emerging growth corridor
210051445,Mickleham - Yuroke,1529.0,164.0,0.0643599781117144,0.0554616165032127,50749.42380640942,18332.82381482799,9.323170731707316,0.7195121951219512,0.0,67050.0,51316.0,15734.0,0.4624163479923518,emerging growth corridor
210051542,Craigieburn - North West,546.0,64.0,0.0708630759247242,0.0586080586080586,55845.47802197802,24858.928119317417,8.53125,0.703125,0.0,63937.0,48922.0,15015.0,0.4567474048442906,lower digital concentration
210051543,Craigieburn - West,771.0,85.0,0.0772932330827067,0.0615496017378711,55389.77042801557,23529.847871624588,9.070588235294116,0.6705882352941176,0.0,62060.5,49325.5,12735.0,0.4650159966615663,lower digital concentration
210051545,Roxburgh Park - North,568.0,68.0,0.0637342908438061,0.0571909167367535,39837.898767605635,13411.022084481756,8.352941176470589,0.7205882352941176,0.0,50025.5,38689.0,11336.5,0.4467034562881208,lower digital concentration
211011251,Bayswater,962.0,166.0,0.0897053338306602,0.079236276849642,61265.017151767155,23675.05300592605,5.795180722891566,0.536144578313253,0.0240963855421686,69259.0,54039.0,15220.0,0.476897478561372,lower digital concentration
211011254,Knoxfield - Scoresby,1443.0,305.0,0.1088645794039984,0.1452380952380952,61682.716909216906,21533.34108877179,4.731147540983606,0.5147540983606558,0.0426229508196721,72327.0,54220.5,18106.5,0.4858937294387399,emerging growth corridor
211011255,Lysterfield,515.0,90.0,0.0956715586104402,0.1404056162246489,58474.71359223301,14517.991411293013,5.722222222222222,0.6444444444444445,0.0,81712.5,54235.0,27477.5,0.49154532644434,lower digital concentration
211011256,Rowville - Central,1211.0,196.0,0.0964940239043824,0.1462686567164179,62987.25433526011,20882.712303387605,6.178571428571429,0.6632653061224489,0.0153061224489795,76264.0,54954.5,21309.5,0.4921165291845045,lower digital concentration
211011257,Rowville - North,647.0,111.0,0.1021148989898989,0.1472148541114058,63358.47217928903,19383.061983581953,5.828828828828829,0.4954954954954955,0.027027027027027,80156.5,56528.0,23628.5,0.4910585817060637,digitally specialised
211011258,Rowville - South,908.0,122.0,0.1027614305115436,0.1394285714285714,57472.095814977976,15515.33268686571,7.442622950819672,0.5819672131147541,0.0,76145.5,55619.0,20526.5,0.4895725484395799,digitally specialised
211011259,Wantirna,1147.0,156.0,0.1060956433262417,0.1422060164083865,64406.24760244115,24768.059229487677,7.352564102564102,0.6025641025641025,0.0,73837.0,52093.0,21744.0,0.4957389822254687,digitally specialised
211011260,Wantirna South,1598.0,264.0,0.1168897666593519,0.1603888213851761,55215.863579474346,16915.94499268479,6.053030303030303,0.5909090909090909,0.0,69852.0,52662.5,17189.5,0.4932070417145044,digitally specialised
211011446,Boronia,1785.0,220.0,0.095260967018892,0.1282798833819242,61299.10140056023,21656.10655052287,8.113636363636363,0.5909090909090909,0.0227272727272727,71120.0,54496.0,16624.0,0.4959007628145719,emerging growth corridor
211011447,Ferntree Gully - North,996.0,110.0,0.0919922416181767,0.1162790697674418,60015.43975903615,19774.75203390453,9.054545454545456,0.5363636363636364,0.0,72192.0,53883.0,18309.0,0.4904288829658347,lower digital concentration
211011448,Ferntree Gully (South) - Upper Ferntree Gully,1141.0,172.0,0.0911997442250819,0.1300075585789871,57835.88957055215,18018.821990023014,6.633720930232558,0.5697674418604651,0.0,72893.0,52492.0,20401.0,0.4897351345601531,lower digital concentration
211021261,Donvale - Park Orchards,1625.0,313.0,0.1348659639804133,0.1658717541070482,62961.17723076923,22958.247734545475,5.1916932907348246,0.5814696485623003,0.0095846645367412,73883.0,53132.5,20750.5,0.4911945682155739,digitally specialised
211021262,Warrandyte - Wonga Park,898.0,234.0,0.1144678138942001,0.1746268656716418,54093.351893095765,16285.507533631137,3.8376068376068377,0.6068376068376068,0.0128205128205128,76081.0,49749.0,26332.0,0.4959428756897111,digitally specialised
211031263,Bayswater North,798.0,141.0,0.0835164835164835,0.094758064516129,58791.15413533834,17580.90771984907,5.659574468085107,0.5886524822695035,0.0212765957446808,74770.0,54949.0,19821.0,0.4874586549062844,lower digital concentration
211031265,Croydon Hills - Warranwood,1543.0,241.0,0.1036265950302216,0.1835491241431835,65905.17433570966,22797.730950887628,6.402489626556017,0.5643153526970954,0.0124481327800829,82000.0,55254.0,26746.0,0.499388859786974,digitally specialised
211031266,Ringwood,1794.0,340.0,0.1167816690535086,0.1579191825359963,65107.25529542921,26174.654364560833,5.276470588235294,0.5352941176470588,0.0176470588235294,71013.0,55734.5,15278.5,0.4947479918792479,major digital hub
211031267,Ringwood East,1959.0,256.0,0.1178062421071621,0.1775312066574202,69263.79275140377,26106.35580390242,7.65234375,0.57421875,0.0,78366.0,59181.5,19184.5,0.4971905602825494,high-income specialist
211031268,Ringwood North,921.0,181.0,0.1250339397230518,0.232051282051282,69905.86536373507,25607.033772640847,5.088397790055248,0.6795580110497238,0.0,83008.0,55406.0,27602.0,0.4986858244261433,high-income specialist
211031450,Croydon - East,1154.0,161.0,0.0912902460248398,0.1379605826906598,61830.27079722704,21981.153994758875,7.167701863354037,0.6211180124223602,0.0,72004.0,56833.0,15171.0,0.5115437812533248,lower digital concentration
211031451,Croydon - West,1087.0,170.0,0.1050749154180763,0.1683168316831683,61920.14811407544,21395.949080725994,6.394117647058824,0.611764705882353,0.0,76154.0,53840.0,22314.0,0.511085772203218,digitally specialised
211041269,Forest Hill,1005.0,162.0,0.1265424326366154,0.1830508474576271,63097.702985074626,23790.010527255436,6.203703703703703,0.6358024691358025,0.0246913580246913,69151.0,52980.0,16171.0,0.4981069958847736,small-business / consultant-heavy
211041270,Mitcham (Vic.),2092.0,318.0,0.1467658201206678,0.1837088388214904,66973.43212237094,25155.891081259673,6.578616352201258,0.5880503144654088,0.0125786163522012,78759.0,60166.0,18593.0,0.4945388925823915,emerging growth corridor
211041271,Nunawading,1301.0,257.0,0.1317068232435715,0.159528243327126,67115.55649500384,26017.925851148808,5.062256809338521,0.5447470817120622,0.0194552529182879,74251.5,58484.0,15767.5,0.4896333928326239,emerging growth corridor
211041272,Vermont,1091.0,199.0,0.132274490785645,0.1762621789193977,69453.10265811182,27093.533732311625,5.482412060301508,0.542713567839196,0.0150753768844221,78850.0,55887.5,22962.5,0.4989680901730433,high-income specialist
211041273,Vermont South,1113.0,180.0,0.1328479350680353,0.1662049861495844,65233.2628032345,25453.6768638695,6.183333333333334,0.6055555555555555,0.0,70896.5,51527.0,19369.5,0.4935995123437976,digitally specialised
211051274,Belgrave - Selby,819.0,149.0,0.1041057582305834,0.1631982475355969,55877.81318681319,14661.717915426389,5.496644295302014,0.6174496644295302,0.0,75351.0,52524.5,22826.5,0.4902055234425176,digitally specialised
211051275,Chirnside Park,822.0,122.0,0.0884441575209812,0.1198428290766208,58373.655717761554,17782.462152020213,6.737704918032787,0.6147540983606558,0.0245901639344262,79783.0,51211.0,28572.0,0.4943995462923579,lower digital concentration
211051276,Healesville - Yarra Glen,686.0,183.0,0.0669333593521319,0.125,47417.74635568513,13705.517065022628,3.748633879781421,0.6065573770491803,0.0163934426229508,66820.5,46293.0,20527.5,0.501717791411043,lower digital concentration
211051277,Kilsyth,568.0,66.0,0.0731487443657437,0.0819875776397515,55817.03257042253,15080.921817041975,8.606060606060606,0.5757575757575758,0.0,75000.0,54304.0,20696.0,0.504250255015301,lower digital concentration
211051278,Lilydale - Coldstream,1142.0,215.0,0.0721916682470446,0.1099182004089979,59924.81085814361,21135.327673365813,5.311627906976744,0.5906976744186047,0.0186046511627906,74506.0,50619.0,23887.0,0.4986662220740246,lower digital concentration
211051281,Mooroolbark,1514.0,164.0,0.0817406327610409,0.1116405718175629,58715.83355350066,18754.792683184285,9.231707317073171,0.5609756097560976,0.0,74982.0,52270.5,22711.5,0.4935603892386949,lower digital concentration
211051282,Mount Dandenong - Olinda,823.0,195.0,0.1134546457127102,0.2092274678111588,52659.37970838396,11257.823670335987,4.220512820512821,0.6564102564102564,0.0,75660.0,52356.0,23304.0,0.4939160239931448,small-business / consultant-heavy
211051283,Mount Evelyn,552.0,105.0,0.0703095147115017,0.1229508196721311,55419.440217391304,18873.870926855067,5.257142857142857,0.6285714285714286,0.0,75288.0,47126.0,28162.0,0.4939818631492168,lower digital concentration
211051284,Upwey - Tecoma,913.0,139.0,0.1150163769211388,0.2,63445.40197152246,19238.82506298126,6.568345323741007,0.60431654676259,0.0,77832.0,54092.0,23740.0,0.4908915041109141,digitally specialised
211051286,Yarra Valley,616.0,120.0,0.0524612502129109,0.0835654596100278,46523.65422077922,12534.681856616386,5.133333333333334,0.6666666666666666,0.0,64178.0,42485.0,21693.0,0.4818076963405683,lower digital concentration
212011289,Emerald - Cockatoo,1081.0,208.0,0.0756314279717344,0.1121898597626753,56100.68316373728,17237.869268823684,5.197115384615385,0.5769230769230769,0.0,73384.5,48433.0,24951.5,0.4843144166372929,lower digital concentration
212011546,Beaconsfield - Officer,1852.0,228.0,0.0819034141163983,0.1089866156787763,57183.13390928726,18574.58820346734,8.12280701754386,0.5964912280701754,0.0131578947368421,76573.5,54553.0,22020.5,0.4971414520194258,lower digital concentration
212011547,Bunyip - Garfield,511.0,76.0,0.0710116731517509,0.0617384240454914,44132.18590998043,8210.453419708057,6.723684210526316,0.618421052631579,0.0394736842105263,67727.0,45128.0,22599.0,0.4812068965517241,lower digital concentration
212011549,Pakenham - North East,782.0,83.0,0.060084517864003,0.0867293625914315,48652.0358056266,14083.661737243963,9.421686746987952,0.6867469879518072,0.036144578313253,70152.0,49287.0,20865.0,0.4749380187560634,lower digital concentration
212011552,Pakenham - South West,1298.0,176.0,0.0570900774102744,0.0751173708920187,48074.96302003082,15484.70090268388,7.375,0.5625,0.0170454545454545,67214.5,49064.0,18150.5,0.4820282813181337,lower digital concentration
212021293,Berwick - North,1632.0,338.0,0.0949333953813041,0.1483757682177348,55538.009803921566,15030.2227060215,4.828402366863905,0.5384615384615384,0.0,75134.0,53718.0,21416.0,0.499546553808948,lower digital concentration
212021297,Hallam,521.0,156.0,0.0634514675435391,0.0740037950664136,44764.95201535509,14686.374375603533,3.33974358974359,0.4935897435897436,0.0384615384615384,55921.0,48236.5,7684.5,0.4398774983881366,lower digital concentration
212021299,Narre Warren North,514.0,127.0,0.0878932968536251,0.1082693947144075,50716.7607003891,13023.647499294711,4.047244094488189,0.6141732283464567,0.0236220472440944,66585.0,46891.5,19693.5,0.487190168714851,lower digital concentration
212021453,Endeavour Hills - North,741.0,102.0,0.083795092163293,0.1059190031152648,55848.71659919028,18833.73293979867,7.264705882352941,0.5784313725490197,0.0,63804.0,51763.0,12041.0,0.4707091469681397,lower digital concentration
212021454,Endeavour Hills - South,825.0,107.0,0.0856253243383497,0.0976277372262773,52796.24,15964.796357031655,7.710280373831775,0.7009345794392523,0.0,64407.0,50906.0,13501.0,0.4599284673466684,lower digital concentration
212021455,Narre Warren - North East,785.0,83.0,0.0727188513200555,0.0928411633109619,54266.270700636946,16812.683669604063,9.457831325301203,0.6506024096385542,0.0,68007.0,50368.0,17639.0,0.4691989286583881,lower digital concentration
212021456,Narre Warren - South West,807.0,153.0,0.0667935772223141,0.0982658959537572,49755.14250309789,16188.439639333614,5.2745098039215685,0.5163398692810458,0.0196078431372549,63734.0,49417.5,14316.5,0.4648252536640361,lower digital concentration
212021553,Berwick - South East,1607.0,207.0,0.0991057662658032,0.1507647487254187,63642.742999377726,23780.095543318523,7.763285024154589,0.6280193236714976,0.0,78139.5,54760.0,23379.5,0.4869269949066214,digitally specialised
212021554,Berwick - South West,936.0,126.0,0.0937030733807187,0.1475409836065573,58331.92307692308,20553.18296279754,7.428571428571429,0.5952380952380952,0.0,74082.0,53185.5,20896.5,0.4833147942157953,lower digital concentration
212031300,Cranbourne,949.0,140.0,0.0518692610406646,0.078125,39110.61854583772,8231.145163677687,6.7785714285714285,0.6714285714285714,0.0214285714285714,62758.5,48229.0,14529.5,0.4620598317232783,emerging growth corridor
212031303,Cranbourne South,1133.0,135.0,0.064258166969147,0.0720384204909285,56851.42321270962,19267.858557537205,8.392592592592592,0.6666666666666666,0.0,76286.0,54541.0,21745.0,0.4901466183194072,emerging growth corridor
212031304,Cranbourne West,1058.0,133.0,0.0558311345646438,0.0673076923076923,52915.65642722117,17913.38518711563,7.954887218045113,0.6691729323308271,0.0225563909774436,67619.0,53662.0,13957.0,0.4763942165830628,emerging growth corridor
212031306,Lynbrook - Lyndhurst,1290.0,172.0,0.0832311762049164,0.0993071593533487,57541.4,20732.5846893348,7.5,0.5872093023255814,0.0,70010.0,53999.0,16011.0,0.4744712857269268,emerging growth corridor
212031457,Narre Warren South - East,752.0,106.0,0.0709701774254435,0.1032132424537487,52334.442819148935,14807.709098877138,7.09433962264151,0.5566037735849056,0.0283018867924528,69784.0,50499.0,19285.0,0.4802084625884105,lower digital concentration
212031458,Narre Warren South - West,784.0,126.0,0.0589473684210526,0.09684857801691,47394.39094387755,14339.537297261011,6.222222222222222,0.7063492063492064,0.0,62716.0,47949.5,14766.5,0.4599758648431215,lower digital concentration
212031555,Clyde North - North,903.0,110.0,0.0904628330995792,0.112589559877175,63658.33554817275,26054.89134861355,8.209090909090909,0.6454545454545455,0.0,77058.5,56194.0,20864.5,0.49265764468759,lower digital concentration
212031556,Clyde North - South,1189.0,152.0,0.0632211410644972,0.0733590733590733,51894.02565180824,20183.194551685945,7.822368421052632,0.5855263157894737,0.0,69230.0,54103.0,15127.0,0.4733127131414069,lower digital concentration
212031557,Cranbourne East - North,1140.0,131.0,0.0570313672519885,0.0631325301204819,47055.60833333333,16042.80086422532,8.702290076335878,0.7099236641221374,0.0229007633587786,64864.0,50544.0,14320.0,0.4741729541497388,lower digital concentration
212031558,Cranbourne East - South,750.0,70.0,0.063651022659764,0.0693756194251734,47589.404,15289.316288890775,10.714285714285714,0.6714285714285714,0.0,68560.5,52620.0,15940.5,0.4845682868924153,lower digital concentration
212031559,Cranbourne North - East,793.0,115.0,0.0751160367528653,0.1062846580406654,60531.43379571248,25987.674347005464,6.895652173913043,0.6869565217391305,0.0,68596.0,52144.0,16452.0,0.4789971996266169,lower digital concentration
212031560,Cranbourne North - West,551.0,65.0,0.0557861698896426,0.0786924939467312,50074.035390199635,16843.97894593518,8.476923076923077,0.6153846153846154,0.0,64563.5,48409.5,16154.0,0.4609494640122512,lower digital concentration
212031561,Hampton Park - East,592.0,37.0,0.0604389994895354,0.04630788485607,45196.36486486487,12202.171194624949,16.0,0.7027027027027027,0.0,60111.0,49102.0,11009.0,0.4394106306802534,lower digital concentration
212031562,Hampton Park - West,545.0,56.0,0.0523535062439961,0.0590094836670179,37953.73119266055,7634.611836272459,9.732142857142858,0.6607142857142857,0.0535714285714285,58876.0,47229.5,11646.5,0.4303595206391478,lower digital concentration
212041309,Clarinda - Oakleigh South,924.0,116.0,0.1104470475735118,0.1148514851485148,65749.01190476191,24863.672256184334,7.9655172413793105,0.6810344827586207,0.0258620689655172,67551.0,54716.0,12835.0,0.4759391493325054,digitally specialised
212041310,Clayton South,1201.0,150.0,0.09187576499388,0.0785340314136125,58690.97085761865,29100.063383628443,8.006666666666666,0.6466666666666666,0.0266666666666666,56891.0,51915.0,4976.0,0.4536985693689697,emerging growth corridor
212041312,Dandenong North,1178.0,126.0,0.0709083248058749,0.0713881019830028,44292.35059422751,13913.055343520233,9.34920634920635,0.6349206349206349,0.0,58648.0,47876.0,10772.0,0.4531764318630678,lower digital concentration
212041313,Dingley Village,761.0,119.0,0.0952559769683314,0.1467324290998767,57441.20893561104,16857.483876154285,6.394957983193278,0.6386554621848739,0.0,73836.0,53915.0,19921.0,0.494707702328611,lower digital concentration
212041317,Springvale,1288.0,172.0,0.067247950712682,0.0598052851182197,41930.683229813665,16836.967388953224,7.488372093023256,0.4709302325581395,0.0174418604651162,52161.0,43140.0,9021.0,0.4480240873165224,emerging growth corridor
212041318,Springvale South,621.0,55.0,0.0595454981302138,0.0801749271137026,46213.0692431562,16392.468514419023,11.290909090909093,0.7636363636363637,0.0,57064.0,45631.0,11433.0,0.4799035369774919,lower digital concentration
212041459,Noble Park - East,766.0,67.0,0.064975824921537,0.0573139435414884,43672.71997389034,16315.27358318714,11.432835820895525,0.6865671641791045,0.0,58477.0,49775.0,8702.0,0.4530534351145038,large-employer / job-heavy hub
212041460,Noble Park - West,1016.0,83.0,0.0594673690371671,0.0620792819745699,43821.63976377953,17038.893699980876,12.240963855421686,0.6265060240963856,0.0,56514.5,45573.0,10941.5,0.461756373937677,large-employer / job-heavy hub
212041563,Dandenong - North,936.0,218.0,0.0547144443794937,0.0676808444582427,39951.732905982906,16605.986047971564,4.293577981651376,0.5137614678899083,0.0321100917431192,52669.0,43766.0,8903.0,0.4126524000341035,lower digital concentration
212041564,Dandenong - South,335.0,244.0,0.0517374517374517,0.0487902419516096,41998.7776119403,14524.787032789718,1.3729508196721312,0.4139344262295082,0.1229508196721311,53191.0,43619.5,9571.5,0.3853042947282719,lower digital concentration
212041565,Keysborough - North,722.0,97.0,0.0639673961194294,0.0706482155863073,44851.08587257618,11877.193429943063,7.443298969072165,0.5670103092783505,0.0309278350515463,58998.5,47991.5,11007.0,0.4662721893491124,lower digital concentration
212041566,Keysborough - South,1291.0,194.0,0.1007020280811232,0.1114942528735632,60761.63206816422,19844.624579864685,6.654639175257732,0.6288659793814433,0.0154639175257731,72331.0,56934.5,15396.5,0.489033726463894,digitally specialised
212051319,Ashwood - Chadstone,2201.0,327.0,0.1356464932823863,0.1680369989722507,68119.53839164016,27590.276620408804,6.730886850152905,0.6207951070336392,0.0091743119266055,73819.0,59807.0,14012.0,0.4924438507138682,major digital hub
212051321,Glen Waverley - East,2194.0,353.0,0.1406590588536992,0.1481947942905122,66075.87625341842,28869.427958765264,6.215297450424929,0.6402266288951841,0.0,65337.5,50618.0,14719.5,0.484350483111735,major digital hub
212051322,Glen Waverley - West,2203.0,413.0,0.1391046284018438,0.1466619318181818,65936.24239673173,29098.05252491257,5.3341404358353515,0.6198547215496368,0.0072639225181598,66738.5,51739.5,14999.0,0.4860627177700348,major digital hub
212051323,Mount Waverley - North,1887.0,386.0,0.154748236837789,0.2086486486486486,66167.68097509274,25611.96947763497,4.88860103626943,0.5414507772020726,0.0,69748.0,57187.0,12561.0,0.4911537239114313,major digital hub
212051324,Mount Waverley - South,2328.0,500.0,0.1533394809642998,0.1583280557314756,67725.57731958762,26791.853897113644,4.656,0.486,0.018,72349.0,57897.0,14452.0,0.4866017052375152,major digital hub
212051325,Mulgrave,1687.0,342.0,0.1073496659242761,0.1409727947238252,62978.32928275044,24243.308410971884,4.932748538011696,0.52046783625731,0.067251461988304,70611.0,55000.0,15611.0,0.482521051288594,digitally specialised
212051326,Oakleigh - Huntingdale,2480.0,423.0,0.1221614698783311,0.1323529411764706,66375.41774193548,27066.8582621069,5.862884160756501,0.5791962174940898,0.0330969267139479,69011.0,58804.0,10207.0,0.4827329864161654,major digital hub
212051327,Wheelers Hill,1775.0,378.0,0.1306395819533377,0.1575,59344.30028169014,19859.047208899978,4.695767195767195,0.6137566137566137,0.0132275132275132,66825.0,53917.0,12908.0,0.4896399300119716,major digital hub
212051567,Clayton (North) - Notting Hill,1109.0,254.0,0.1017151242777217,0.1417410714285714,32431.00901713255,16289.814712812638,4.366141732283465,0.3779527559055118,0.1141732283464567,40280.5,30062.0,10218.5,0.4580196873190503,digitally specialised
212051568,Clayton - Central,1344.0,119.0,0.0943290286355979,0.0732758620689655,46798.68452380953,24027.34668692014,11.294117647058824,0.5966386554621849,0.0336134453781512,52086.0,46301.5,5784.5,0.4413098794114393,large-employer / job-heavy hub
213011328,Ardeer - Albion,515.0,42.0,0.0737716659504369,0.0625,37724.4572815534,9594.58512856672,12.261904761904765,0.5476190476190477,0.0714285714285714,59434.0,52468.0,6966.0,0.4350355526826115,lower digital concentration
213011329,Cairnlea,546.0,75.0,0.0698477676858129,0.0944584382871536,47038.97619047619,11954.42252538728,7.28,0.6,0.0,62649.5,49326.0,13323.5,0.4866274179983179,lower digital concentration
213011332,Keilor Downs,773.0,70.0,0.0834773218142548,0.0755939524838013,50033.027166882275,12817.015665802362,11.042857142857144,0.6,0.0,68059.0,51822.5,16236.5,0.4879130310399084,large-employer / job-heavy hub
213011334,St Albans - North,816.0,76.0,0.0524758842443729,0.0413268080478521,40909.26470588235,16332.82927179875,10.736842105263158,0.5394736842105263,0.0,51507.0,42724.0,8783.0,0.4524704372536438,large-employer / job-heavy hub
213011335,St Albans - South,737.0,58.0,0.0544957113280094,0.0464371497197758,38871.05970149254,14048.621443580676,12.70689655172414,0.6896551724137931,0.0,52748.0,41453.0,11295.0,0.4594336621062679,lower digital concentration
213011336,Sunshine,743.0,120.0,0.0784003376595969,0.0922367409684857,53058.77187079408,24470.417908569747,6.191666666666666,0.575,0.0,58783.0,50839.0,7944.0,0.4488151658767773,lower digital concentration
213011337,Sunshine North,641.0,79.0,0.0662669285640442,0.0566308243727598,46875.513260530424,17276.31575200153,8.113924050632912,0.7088607594936709,0.0,55006.0,47292.0,7714.0,0.4553096105351639,lower digital concentration
213011338,Sunshine West,1020.0,101.0,0.0703885170105582,0.0503238664673642,45830.68627450981,14390.319460625324,10.0990099009901,0.594059405940594,0.0297029702970297,58998.0,47470.5,11527.5,0.4351181402439024,large-employer / job-heavy hub
213011339,Sydenham,709.0,72.0,0.0733271279346364,0.0831408775981524,57747.901269393515,21912.894133185015,9.84722222222222,0.6111111111111112,0.0,68527.0,52434.0,16093.0,0.4876668601276843,lower digital concentration
213011340,Taylors Lakes,1152.0,135.0,0.0841428675772405,0.0912162162162162,57105.5546875,15682.42069436582,8.533333333333333,0.6222222222222222,0.0,75118.0,53325.5,21792.5,0.4832426238900029,lower digital concentration
213011569,Deer Park,864.0,68.0,0.0619443647834815,0.0517110266159695,47656.307291666664,17614.89554804751,12.705882352941176,0.6323529411764706,0.0,59401.0,47291.0,12110.0,0.449128496149169,large-employer / job-heavy hub
213011570,Derrimut,506.0,104.0,0.0729527104959631,0.0789074355083459,62922.739130434784,24731.290024321752,4.865384615384615,0.5384615384615384,0.048076923076923,70403.5,53486.5,16917.0,0.4767327704692715,lower digital concentration
213021341,Altona,1279.0,184.0,0.1195215400429866,0.1485068603712671,67877.39718530102,20080.473112784428,6.951086956521739,0.592391304347826,0.0,90451.0,62478.0,27973.0,0.5039930122285999,digitally specialised
213021342,Altona Meadows,1209.0,100.0,0.085671768707483,0.0988142292490118,57191.764267990075,15899.111950813203,12.09,0.69,0.0,73267.5,55374.0,17893.5,0.4891438323693941,large-employer / job-heavy hub
213021343,Altona North,1207.0,169.0,0.1054332634521313,0.0979710144927536,61248.37448218724,17914.62090077564,7.1420118343195265,0.6272189349112426,0.0177514792899408,76845.0,60497.0,16348.0,0.4729729729729729,emerging growth corridor
213021344,Newport,2338.0,351.0,0.1459061407888167,0.2228571428571428,78145.60136869119,24965.827217418097,6.660968660968661,0.6837606837606838,0.0085470085470085,95916.5,72753.0,23163.5,0.5049644216448784,major digital hub
213021346,Williamstown,1808.0,452.0,0.1398731239362525,0.206110351117191,69423.30807522124,20970.974986872177,4.0,0.6261061946902655,0.0110619469026548,88529.0,64234.0,24295.0,0.4994976893711071,major digital hub
213031347,Braybrook,1623.0,166.0,0.0874225693509291,0.0855670103092783,58652.60012322859,26019.389673457517,9.77710843373494,0.7108433734939759,0.0,60560.0,54971.5,5588.5,0.4649831385773665,large-employer / job-heavy hub
213031348,Footscray,2488.0,369.0,0.1136643976426515,0.1565549427238014,55663.514469453374,25189.301097440035,6.742547425474255,0.5582655826558266,0.029810298102981,64001.0,56686.5,7314.5,0.477190235570422,major digital hub
213031349,Maribyrnong,1446.0,175.0,0.1149717738729426,0.1244665718349928,61018.91078838174,23455.87806992742,8.262857142857143,0.6685714285714286,0.0,72009.0,59296.0,12713.0,0.4933078393881453,emerging growth corridor
213031350,Seddon - Kingsville,1325.0,182.0,0.1573634204275534,0.2506887052341597,66599.82188679246,16410.44623358581,7.28021978021978,0.7087912087912088,0.0,87999.0,76447.0,11552.0,0.4881928501147917,small-business / consultant-heavy
213031351,West Footscray - Tottenham,1412.0,173.0,0.1221030785195434,0.1438071487946799,65030.01947592068,26306.53629536032,8.16184971098266,0.6936416184971098,0.0173410404624277,71627.5,65194.5,6433.0,0.4792528519493544,emerging growth corridor
213031352,Yarraville,2273.0,328.0,0.1604659371690787,0.2219215155615697,65925.17047954246,15818.303624618347,6.929878048780488,0.6189024390243902,0.0121951219512195,92432.5,74821.5,17611.0,0.5072477962781586,major digital hub
213041353,Bacchus Marsh,1335.0,171.0,0.0672408582653369,0.0868020304568528,56463.81123595506,15897.329141666756,7.807017543859649,0.5555555555555556,0.0175438596491228,76881.0,52602.0,24279.0,0.4887385864051403,emerging growth corridor
213041358,Melton West,888.0,79.0,0.0532087003415423,0.0612403100775193,42473.60135135135,9182.018632195024,11.240506329113924,0.6329113924050633,0.0,68279.5,46891.5,21388.0,0.482598411893901,large-employer / job-heavy hub
213041359,Rockbank - Mount Cottrell,1809.0,199.0,0.084453781512605,0.066156914893617,65165.15588723052,31166.87929992893,9.090452261306533,0.5829145728643216,0.0,69286.0,54548.0,14738.0,0.464326695916301,emerging growth corridor
213041360,Taylors Hill,1269.0,142.0,0.0816287147819374,0.0954301075268817,62979.46808510638,23601.716026699076,8.93661971830986,0.6830985915492958,0.0211267605633802,73682.5,52797.5,20885.0,0.4876282438141219,emerging growth corridor
213041463,Caroline Springs,1289.0,208.0,0.0771856287425149,0.1134133042529989,60398.94026377037,21678.248257782347,6.197115384615385,0.5769230769230769,0.0144230769230769,72728.0,54189.0,18539.0,0.4859345526121545,emerging growth corridor
213041572,Cobblebank - Strathtulloh,677.0,53.0,0.0775309207512597,0.0552659019812304,57917.44017725258,27323.3117988742,12.773584905660377,0.6415094339622641,0.0,67638.0,51992.0,15646.0,0.4702216066481994,lower digital concentration
213041574,Fraser Rise - Plumpton,1071.0,70.0,0.08000896458987,0.069238377843719,57697.26470588235,18450.68540661446,15.3,0.5714285714285714,0.0,75844.5,57329.5,18515.0,0.4889596384923487,large-employer / job-heavy hub
213041575,Hillside,1009.0,134.0,0.075029744199881,0.1002994011976047,53958.926660059464,13151.72250330753,7.529850746268656,0.7089552238805971,0.0,74779.5,52700.0,22079.5,0.4879188624838421,lower digital concentration
213041578,Melton South - Weir Views,814.0,73.0,0.0559527082760516,0.0655884995507637,40871.30405405405,13614.823438161837,11.150684931506849,0.7397260273972602,0.0,62661.5,44624.0,18037.5,0.4488334015554646,large-employer / job-heavy hub
213051361,Hoppers Crossing - North,1096.0,143.0,0.0721194972691978,0.0707920792079207,53174.06569343065,18132.714966313462,7.664335664335664,0.5664335664335665,0.0,67106.5,49883.5,17223.0,0.4636511965192168,lower digital concentration
213051362,Hoppers Crossing - South,1136.0,106.0,0.0777124093583253,0.08562197092084,52701.47183098592,19428.96782907047,10.716981132075473,0.6037735849056604,0.0,62062.0,48155.0,13907.0,0.4570721492480487,large-employer / job-heavy hub
213051363,Laverton,1337.0,238.0,0.1114724028681007,0.1053563523683045,62606.81600598354,29590.377411686393,5.617647058823529,0.5714285714285714,0.0252100840336134,65176.5,54215.0,10961.5,0.4410357099030556,emerging growth corridor
213051368,Werribee - South,1302.0,233.0,0.0919102075391783,0.1051918735891647,63713.757296466974,25403.470377082536,5.587982832618025,0.575107296137339,0.0,70103.0,55121.0,14982.0,0.4679713603818616,emerging growth corridor
213051464,Point Cook - East,2125.0,326.0,0.1309787968441814,0.1559062649450024,75110.59764705882,33283.38475258151,6.5184049079754605,0.6288343558282209,0.0,84189.0,54404.5,29784.5,0.4771534946691487,major digital hub
213051466,Point Cook - South,2723.0,344.0,0.1742273977861667,0.2012873025160912,82644.52221814175,35315.074300808585,7.915697674418604,0.5523255813953488,0.0,93674.0,58761.5,34912.5,0.4767329769520638,major digital hub
213051467,Werribee - East,982.0,110.0,0.0673571575553878,0.0988319856244384,50620.99796334012,18232.87370927606,8.927272727272728,0.6090909090909091,0.0,62998.0,48288.5,14709.5,0.4619633685434635,lower digital concentration
213051468,Werribee - West,2244.0,180.0,0.0917041275030649,0.1140684410646387,58337.35160427808,21896.4464959822,12.466666666666669,0.5666666666666667,0.0,75474.0,54516.5,20957.5,0.4782012286038051,large-employer / job-heavy hub
213051579,Manor Lakes - Quandong,1621.0,172.0,0.15998815633636,0.2059880239520958,75605.30444170265,35325.71058066831,9.424418604651162,0.4651162790697674,0.0,83478.0,55805.5,27672.5,0.4731664979025025,high-income specialist
213051580,Point Cook - North East,1328.0,210.0,0.1122569737954353,0.1517341040462427,66474.41152108433,24809.96025312152,6.3238095238095235,0.5857142857142857,0.0,79592.0,54820.5,24771.5,0.4866005245752081,digitally specialised
213051581,Point Cook - North West,1099.0,135.0,0.1323617969408647,0.15807962529274,77617.89990900819,35025.74839750632,8.14074074074074,0.6,0.0,82242.0,58896.0,23346.0,0.4736232842731933,high-income specialist
213051582,Tarneit (West) - Mount Cottrell,1207.0,142.0,0.0921374045801526,0.0926892950391645,62115.887323943665,32280.865797226103,8.5,0.5352112676056338,0.0,65406.0,50362.0,15044.0,0.4486431935411528,lower digital concentration
213051583,Tarneit - Central,2387.0,292.0,0.094820052435052,0.0806852721746338,60180.72140762463,30353.127977895547,8.174657534246576,0.5856164383561644,0.0102739726027397,62744.0,48456.0,14288.0,0.4616229337648826,lower digital concentration
213051584,Tarneit - North,978.0,110.0,0.0934365147606764,0.0802334062727935,66326.21779141104,37853.47407305812,8.89090909090909,0.6181818181818182,0.0,60050.0,50696.0,9354.0,0.437861475525462,lower digital concentration
213051585,Tarneit - South,655.0,84.0,0.0710566283358646,0.073748902546093,57298.50305343512,25192.18026107235,7.797619047619048,0.6547619047619048,0.0,64999.0,48423.5,16575.5,0.4593147751605996,lower digital concentration
213051586,Truganina - North,1103.0,165.0,0.1021107202369931,0.084140744518103,67510.03762466002,34660.66662854819,6.684848484848485,0.5393939393939394,0.0363636363636363,65605.0,53422.0,12183.0,0.4430899695243143,digitally specialised
213051587,Truganina - South East,1044.0,132.0,0.1162842503898418,0.094151212553495,70265.8122605364,35358.20989920871,7.909090909090909,0.5909090909090909,0.0,70010.0,53685.0,16325.0,0.4566334725345326,high-income specialist
213051588,Truganina - South West,1360.0,168.0,0.08615774469433,0.065625,57264.4875,28132.701120525817,8.095238095238095,0.7083333333333334,0.0,59308.5,47681.0,11627.5,0.4453532266762538,lower digital concentration
213051589,Wyndham Vale - North,1195.0,95.0,0.1091523565948118,0.1361031518624642,61844.06276150628,31233.43077392864,12.578947368421051,0.5684210526315789,0.0,71981.0,50378.0,21603.0,0.4809564719358534,large-employer / job-heavy hub
213051590,Wyndham Vale - South,956.0,66.0,0.0875858909757214,0.094017094017094,60709.30125523012,24337.11756306338,14.484848484848484,0.5454545454545454,0.0,70333.0,49234.0,21099.0,0.4684312459651388,large-employer / job-heavy hub
214011370,Carrum Downs,1084.0,221.0,0.057485283979424,0.0878029400079459,53243.280442804426,14635.335382614576,4.904977375565611,0.502262443438914,0.0135746606334841,71116.0,52462.0,18654.0,0.4868250539956803,emerging growth corridor
214011371,Frankston,1352.0,250.0,0.0715533209843874,0.1206563706563706,48429.769230769234,13971.412284487144,5.408,0.54,0.012,67040.5,52932.5,14108.0,0.5044138031662654,lower digital concentration
214011372,Frankston North,973.0,102.0,0.0675319267073847,0.112707182320442,47343.08221993833,13023.073370687918,9.53921568627451,0.6568627450980392,0.0,66211.5,48876.0,17335.5,0.4758882046423496,lower digital concentration
214011373,Frankston South,1226.0,277.0,0.089580593307029,0.1756499682942295,60309.29812398042,18411.73846447436,4.425992779783393,0.5956678700361011,0.0,80916.5,54212.0,26704.5,0.5070091259761031,digitally specialised
214011374,Langwarrin,1392.0,202.0,0.070285281494572,0.1113561190738699,48717.00323275862,7732.284171915402,6.891089108910891,0.599009900990099,0.0,78000.0,51672.0,26328.0,0.5009596928982726,lower digital concentration
214011375,Seaford (Vic.),1084.0,194.0,0.0813813813813813,0.1161676646706586,55989.53828413284,15656.863209057768,5.587628865979381,0.5567010309278351,0.0206185567010309,73001.0,55654.0,17347.0,0.4999003785614664,lower digital concentration
214011376,Skye - Sandhurst,804.0,122.0,0.07319737800437,0.1311827956989247,58818.01119402985,16638.43776904806,6.590163934426229,0.6147540983606558,0.0245901639344262,77103.0,54557.0,22546.0,0.4942734430923407,lower digital concentration
214021377,Dromana,672.0,153.0,0.0764070494599204,0.1137546468401487,38654.82142857143,6502.739791277512,4.392156862745098,0.6209150326797386,0.0,62829.5,44075.5,18754.0,0.4997137950772753,lower digital concentration
214021378,Flinders,360.0,139.0,0.1041064198958935,0.1251125112511251,51957.71805555555,18901.193041096325,2.5899280575539567,0.6546762589928058,0.0,54731.5,39642.0,15089.5,0.4860106884627476,digitally specialised
214021379,Hastings - Somers,953.0,200.0,0.0590714684187689,0.1138952164009111,41553.88667366212,5491.967377808898,4.765,0.62,0.0,66563.5,45677.0,20886.5,0.4968939215223716,lower digital concentration
214021381,Mount Eliza,1590.0,417.0,0.1201360030222893,0.1978178368121442,56058.47924528302,16248.573578490425,3.8129496402877696,0.5995203836930456,0.0071942446043165,83818.0,50137.5,33680.5,0.4995639112317085,digitally specialised
214021382,Mount Martha,1242.0,303.0,0.0890769561787276,0.1641386782231852,52051.78421900161,16551.573575668037,4.099009900990099,0.6501650165016502,0.0,72852.0,47547.0,25305.0,0.5106774668630338,emerging growth corridor
214021383,Point Nepean,1100.0,267.0,0.0919117647058823,0.1283037001441614,43227.40590909091,14444.697060494653,4.119850187265918,0.6217228464419475,0.0,56975.0,41563.5,15411.5,0.4960701330108827,emerging growth corridor
214021384,Rosebud - McCrae,930.0,177.0,0.0650031453134829,0.1059880239520958,34961.56559139785,5093.111303287133,5.254237288135593,0.559322033898305,0.0169491525423728,58308.0,42746.0,15562.0,0.5063008311734739,lower digital concentration
214021385,Somerville,972.0,173.0,0.0672059738643435,0.0816808309726156,43083.148148148146,5801.751238793244,5.618497109826589,0.5722543352601156,0.0173410404624277,70267.0,48585.0,21682.0,0.5014044943820225,lower digital concentration
214021591,Mornington - East,745.0,197.0,0.0698481155072192,0.1166370633510953,45957.23087248322,9522.637022867617,3.781725888324873,0.5025380710659898,0.0,71403.5,49400.0,22003.5,0.5077770973668096,lower digital concentration
214021592,Mornington - West,646.0,209.0,0.0992777009374519,0.1551596139569413,53105.82043343653,15234.995168337402,3.090909090909091,0.5454545454545454,0.0191387559808612,69365.5,50346.0,19019.5,0.5305497031220073,digitally specialised
215011388,Horsham,535.0,101.0,0.0406072106261859,0.0704323570432357,31564.3785046729,-1956.3367894447472,5.297029702970297,0.6237623762376238,0.0,62400.0,48983.0,13417.0,0.4976564092113307,lower digital concentration
215021469,Mildura - North,674.0,184.0,0.0418036345593251,0.0934010152284263,24533.281899109792,245.9554090024903,3.6630434782608696,0.4619565217391304,0.0326086956521739,48765.0,42718.0,6047.0,0.4754906353615915,lower digital concentration
215021470,Mildura - South,585.0,62.0,0.0421682404670943,0.0637204522096608,34391.946153846155,4862.665680985203,9.435483870967742,0.6290322580645161,0.0967741935483871,58461.0,47653.0,10808.0,0.5004438307525397,lower digital concentration
216011406,Echuca,491.0,128.0,0.0385491088953442,0.0723981900452488,29881.76985743381,524.7369611473987,3.8359375,0.6015625,0.046875,60343.0,46729.0,13614.0,0.4986589421735865,lower digital concentration
216031416,Shepparton - North,827.0,237.0,0.0500726568176313,0.1051464063886424,33834.75755743652,1376.320223941726,3.4894514767932487,0.5063291139240507,0.0590717299578059,62145.5,51327.5,10818.0,0.4912562304637999,lower digital concentration
216031594,Shepparton - South East,541.0,110.0,0.0441092539747248,0.0685785536159601,26058.874306839185,2092.3315836430993,4.918181818181818,0.5,0.0272727272727272,49762.0,41555.0,8207.0,0.4779319041614123,lower digital concentration
217041479,Warrnambool - North,908.0,99.0,0.0478801940518877,0.0763888888888889,40202.66740088106,7970.466388436427,9.171717171717171,0.7171717171717171,0.0,64373.5,48865.0,15508.5,0.50530647606671,lower digital concentration
217041480,Warrnambool - South,495.0,126.0,0.0453629032258064,0.0747330960854092,35738.39090909091,3419.369877199413,3.928571428571429,0.3968253968253968,0.0476190476190476,62938.0,48881.0,14057.0,0.4878138847858197,lower digital concentration
301011001,Alexandra Hills,953.0,102.0,0.0696994075916039,0.1103896103896103,46132.82476390346,7014.353433544355,9.34313725490196,0.5784313725490197,0.0,72135.0,54462.0,17673.0,0.4900390625,lower digital concentration
301011002,Belmont - Gumdale,714.0,147.0,0.1182314952806756,0.1487854251012145,54397.91596638656,11106.183063588083,4.857142857142857,0.54421768707483,0.0204081632653061,74329.0,56386.0,17943.0,0.4874403155490969,digitally specialised
301011003,Birkdale,1023.0,141.0,0.0840177398160315,0.1368932038834951,62926.224340175955,20569.81993807346,7.25531914893617,0.6170212765957447,0.0,78516.5,54992.0,23524.5,0.4900260190806591,lower digital concentration
301011004,Capalaba,1031.0,207.0,0.0696668693830664,0.1053435114503816,50748.57807953443,12373.227853167788,4.980676328502415,0.5120772946859904,0.0,72202.0,53759.0,18443.0,0.4948993409767988,lower digital concentration
301011006,Wellington Point,873.0,179.0,0.0886114494518879,0.2078977932636469,57456.05670103093,16258.440277969625,4.877094972067039,0.5642458100558659,0.0,80165.0,54166.0,25999.0,0.5024895707172655,digitally specialised
301021007,Cleveland,994.0,267.0,0.0856453558504222,0.1416445623342175,48226.523138833,11413.136313053234,3.7228464419475658,0.4644194756554307,0.0,69599.0,53019.0,16580.0,0.4952134249352404,lower digital concentration
301021008,Ormiston,571.0,126.0,0.1142,0.2117647058823529,60035.73204903678,19675.54854903678,4.531746031746032,0.5714285714285714,0.0,79827.5,54300.0,25527.5,0.511023622047244,digitally specialised
301021009,Redland Bay,1025.0,196.0,0.069856198459756,0.1434846266471449,44317.72097560976,4722.220634847814,5.229591836734694,0.576530612244898,0.0,77187.5,52548.5,24639.0,0.4907616043262731,emerging growth corridor
301021011,Sheldon - Mount Cotton,609.0,126.0,0.0855697625403962,0.1698113207547169,54092.5369458128,9941.47512201064,4.833333333333333,0.5396825396825397,0.0,85536.0,56549.5,28986.5,0.4834548513740886,digitally specialised
301021012,Thornlands,1257.0,186.0,0.0773633677991137,0.1342960288808664,56136.977326968976,15117.981204369273,6.758064516129032,0.5483870967741935,0.0,78462.5,55042.5,23420.0,0.5068852459016393,emerging growth corridor
301021013,Victoria Point,791.0,139.0,0.0719483354557031,0.1394182547642928,41891.446270543616,5271.638193410632,5.690647482014389,0.5683453237410072,0.0215827338129496,73389.0,50888.0,22501.0,0.4960067763794772,lower digital concentration
301031015,Manly - Lota,687.0,154.0,0.1085994309200126,0.2132963988919667,61802.04730713246,19172.925508207387,4.461038961038961,0.538961038961039,0.0,83482.5,57705.5,25777.0,0.4904871419611122,digitally specialised
301031016,Manly West,960.0,163.0,0.0979591836734693,0.2144736842105263,65439.175,21666.730867346945,5.889570552147239,0.5460122699386503,0.0,80197.5,57943.0,22254.5,0.5055034651447208,digitally specialised
301031017,Murarrie,578.0,196.0,0.1199418966590579,0.1893719806763285,65093.19896193771,21198.5328486362,2.9489795918367347,0.4642857142857143,0.1173469387755102,81952.0,61704.5,20247.5,0.4896253602305475,emerging growth corridor
301031018,Tingalpa,770.0,145.0,0.0999221385933039,0.1823899371069182,58823.77207792208,14802.50150953381,5.310344827586207,0.5103448275862069,0.0206896551724137,79339.0,59893.5,19445.5,0.4998252969951083,digitally specialised
301031019,Wakerley,947.0,185.0,0.1191045151553263,0.2114285714285714,79448.10982048574,27578.611581270547,5.118918918918919,0.5351351351351351,0.0,98821.0,65608.0,33213.0,0.5098853630171125,high-income specialist
301031020,Wynnum,1254.0,272.0,0.1061003468990608,0.2162162162162162,65912.46810207337,21522.34956412599,4.610294117647059,0.5845588235294118,0.0,80596.0,59878.0,20718.0,0.4913281861922345,emerging growth corridor
301031021,Wynnum West - Hemmant,1159.0,166.0,0.0853838220126712,0.1439722463139635,60558.50992234685,18811.795136727284,6.981927710843373,0.6144578313253012,0.036144578313253,75950.0,58971.5,16978.5,0.4900588354635828,emerging growth corridor
302011022,Bald Hills,617.0,70.0,0.0890974729241877,0.1508620689655172,55769.16855753647,16135.7967885834,8.814285714285715,0.6,0.0,72500.0,57204.0,15296.0,0.4877760252365931,digitally specialised
302011023,Bridgeman Downs,1102.0,173.0,0.123514906971531,0.1582799634034766,68743.1497277677,21134.673713421136,6.369942196531792,0.5549132947976878,0.0173410404624277,90532.5,61337.0,29195.5,0.5033304373008978,high-income specialist
302011024,Carseldine,847.0,110.0,0.1058485378655336,0.1594202898550724,61801.70188902007,20733.117722561685,7.7,0.6181818181818182,0.0272727272727272,76358.5,59664.0,16694.5,0.5028990450204639,digitally specialised
302011025,Everton Park,1094.0,130.0,0.1199166940699331,0.1884057971014492,68697.37659963437,22956.91551227276,8.415384615384616,0.5538461538461539,0.0,82577.0,63250.0,19327.0,0.5071280071280071,emerging growth corridor
302011026,McDowall,832.0,111.0,0.1207196749854904,0.1971580817051509,65786.71875,18470.87625145096,7.495495495495495,0.5945945945945946,0.0,86941.0,61696.0,25245.0,0.5011534025374856,digitally specialised
302021027,Aspley,1049.0,176.0,0.1031769450181961,0.1689059500959693,59481.51572926597,17588.76565549789,5.9602272727272725,0.5284090909090909,0.0170454545454545,76206.0,58421.0,17785.0,0.4986873195064321,digitally specialised
302021028,Chermside,982.0,98.0,0.0896148932286913,0.1072210065645514,48091.097759674136,14433.970637936596,10.020408163265309,0.5204081632653061,0.0408163265306122,66542.0,59353.0,7189.0,0.5107767385115901,large-employer / job-heavy hub
302021029,Chermside West,507.0,67.0,0.0902135231316726,0.1505617977528089,54547.98816568047,12319.429535787232,7.567164179104478,0.582089552238806,0.0,75746.0,61333.0,14413.0,0.4990421455938697,digitally specialised
302021031,Kedron - Gordon Park,1670.0,243.0,0.1206821795057089,0.1870669745958429,67036.74850299401,21479.706697819856,6.872427983539095,0.5390946502057613,0.0164609053497942,82312.5,68684.0,13628.5,0.5066413662239089,emerging growth corridor
302021032,Stafford,751.0,145.0,0.1203525641025641,0.177045177045177,59051.20905459388,17175.50801292721,5.179310344827586,0.5103448275862069,0.0275862068965517,78154.0,62130.0,16024.0,0.4998885172798216,digitally specialised
302021033,Stafford Heights,697.0,96.0,0.1213017751479289,0.2222222222222222,62278.791965566714,19898.74958826076,7.260416666666667,0.5208333333333334,0.03125,79999.5,58587.0,21412.5,0.4957627118644068,digitally specialised
302021034,Wavell Heights,1067.0,186.0,0.1194581280788177,0.2092238470191226,71045.57357075914,21369.55896036953,5.736559139784946,0.5752688172043011,0.0161290322580645,91160.0,66595.0,24565.0,0.5003707548568886,high-income specialist
302031035,Boondall,726.0,81.0,0.0876811594202898,0.1377551020408163,51815.47245179064,11413.981992853442,8.962962962962964,0.6666666666666666,0.0,74112.0,58980.0,15132.0,0.4901830282861897,lower digital concentration
302031037,Eagle Farm - Pinkenba,321.0,114.0,0.1319901315789473,0.1191222570532915,62183.69158878505,17512.12949996926,2.8157894736842106,0.4210526315789473,0.0614035087719298,84995.0,66904.0,18091.0,0.4937428896473265,emerging growth corridor
302031038,Northgate - Virginia,774.0,161.0,0.1107137748533829,0.1366723259762309,67843.00129198967,25381.18846120723,4.807453416149069,0.422360248447205,0.0372670807453416,79702.0,63920.0,15782.0,0.4886659979939819,emerging growth corridor
302031039,Nudgee - Banyo,1050.0,175.0,0.1051998797715659,0.1838235294117647,68442.70285714285,22879.74518757067,6.0,0.4628571428571428,0.0285714285714285,82473.0,65059.0,17414.0,0.4848610535047698,emerging growth corridor
302031040,Nundah,1706.0,189.0,0.120395201129146,0.1690518783542039,59726.460726846424,19302.956492548612,9.026455026455029,0.6084656084656085,0.0158730158730158,75945.0,65326.0,10619.0,0.4996922445629873,emerging growth corridor
302041041,Bracken Ridge,1071.0,114.0,0.0725658919981028,0.128668171557562,51191.11484593838,11838.857443675348,9.394736842105264,0.543859649122807,0.0,71720.0,56442.0,15278.0,0.495759587020649,lower digital concentration
302041042,Brighton (Qld),730.0,113.0,0.0929936305732484,0.1955017301038062,58932.99178082192,12778.465793560768,6.460176991150442,0.6194690265486725,0.0,82292.0,60926.0,21366.0,0.5031160518780529,digitally specialised
302041044,Sandgate - Shorncliffe,526.0,123.0,0.1023545436855419,0.2063758389261745,74085.6169201521,29176.056499836857,4.276422764227642,0.5528455284552846,0.024390243902439,81540.0,60836.0,20704.0,0.4990981705745941,digitally specialised
302041045,Taigum - Fitzgibbon,1044.0,98.0,0.08831740123509,0.1131639722863741,60612.416666666664,23877.97685615994,10.653061224489797,0.5918367346938775,0.0306122448979591,68476.0,56869.0,11607.0,0.5127078384798099,large-employer / job-heavy hub
302041046,Zillmere,753.0,54.0,0.0883802816901408,0.0888157894736842,55243.051792828686,20421.14169893197,13.944444444444445,0.6851851851851852,0.0,65041.0,57005.0,8036.0,0.4785787147228834,lower digital concentration
303011047,Camp Hill,1503.0,237.0,0.1383723071257595,0.20844327176781,64470.6753160346,15084.799464441889,6.341772151898734,0.5063291139240507,0.0168776371308016,96635.0,69848.0,26787.0,0.5128141941843273,emerging growth corridor
303011048,Cannon Hill,931.0,126.0,0.1376404494382022,0.196875,66524.68313641247,19314.81286734091,7.388888888888889,0.5317460317460317,0.0,85685.0,64400.0,21285.0,0.4967650626769106,emerging growth corridor
303011049,Carina,1295.0,177.0,0.1229819563152896,0.2185185185185185,67701.07799227799,20817.42908439575,7.31638418079096,0.5875706214689266,0.0,84978.0,67589.0,17389.0,0.5185617860851506,emerging growth corridor
303011050,Carina Heights,698.0,77.0,0.1132014271813169,0.1610878661087866,60567.5787965616,16436.98886792067,9.064935064935066,0.5844155844155844,0.0,77311.5,64876.0,12435.5,0.514578232806588,digitally specialised
303011051,Carindale,1617.0,294.0,0.1258561643835616,0.1875,59689.80643166357,15853.534599471794,5.5,0.5850340136054422,0.0,80386.0,57660.0,22726.0,0.4955253896430367,digitally specialised
303021052,Annerley,1596.0,190.0,0.1236059479553903,0.1950718685831622,54076.65162907268,19957.462154165616,8.4,0.6842105263157895,0.0,66294.0,60859.0,5435.0,0.5,small-business / consultant-heavy
303021053,Coorparoo,2360.0,357.0,0.1320944811373558,0.1921420882669537,58359.60338983051,17691.868614279185,6.610644257703081,0.5350140056022409,0.011204481792717,78972.0,66106.0,12866.0,0.5061748067883037,major digital hub
303021054,Fairfield - Dutton Park,638.0,94.0,0.1219418960244648,0.2315270935960591,45232.27272727273,14169.320223450097,6.787234042553192,0.648936170212766,0.0,62688.0,54560.0,8128.0,0.4959417856143297,small-business / consultant-heavy
303021055,Greenslopes,1439.0,257.0,0.1273902266288951,0.1891096394407652,55677.260250173735,17950.682390754468,5.599221789883268,0.4669260700389105,0.0233463035019455,71758.0,64154.0,7604.0,0.5045114720288735,emerging growth corridor
303021056,Holland Park,929.0,155.0,0.1243641231593038,0.2063914780292942,65214.68460710441,21649.142237626504,5.993548387096774,0.5806451612903226,0.0,81752.0,64027.5,17724.5,0.5125655396854095,digitally specialised
303021057,Holland Park West,731.0,95.0,0.1276632902549773,0.1752767527675277,61663.94801641587,16867.630429968085,7.694736842105264,0.5789473684210527,0.0,82277.0,67874.0,14403.0,0.4948162111215834,digitally specialised
303021058,Woolloongabba,1206.0,223.0,0.1028308321964529,0.1712749615975422,42933.5,18471.362380627557,5.408071748878924,0.4887892376681614,0.0403587443946188,59473.0,47669.0,11804.0,0.5072600161333692,emerging growth corridor
303021059,Yeronga,1227.0,212.0,0.1354005738247627,0.196660482374768,57641.07457212714,18189.622188547357,5.787735849056604,0.5990566037735849,0.0188679245283018,75718.0,63915.0,11803.0,0.5078637959993892,digitally specialised
303031060,Eight Mile Plains,1264.0,383.0,0.0969920196439533,0.1501960784313725,55087.329113924054,22311.029236698763,3.300261096605744,0.5013054830287206,0.0339425587467362,61090.5,49964.5,11126.0,0.4860967005602822,emerging growth corridor
303031061,Macgregor (Qld),510.0,56.0,0.0790697674418604,0.0866873065015479,39149.55392156863,17835.92268125855,9.107142857142858,0.6607142857142857,0.0,48432.0,41201.0,7231.0,0.4702777140234106,lower digital concentration
303031062,Mansfield (Qld),716.0,135.0,0.1015891032917139,0.1498335183129855,56647.52374301676,18336.374977409498,5.303703703703704,0.5481481481481482,0.0,69525.0,55067.0,14458.0,0.4906437125748503,digitally specialised
303031063,Mount Gravatt,1617.0,238.0,0.1149417116860961,0.1809885931558935,58887.62337662338,16907.493862833217,6.794117647058823,0.592436974789916,0.0168067226890756,76273.5,60399.0,15874.5,0.5086114624890532,emerging growth corridor
303031064,Rochedale - Burbank,1033.0,220.0,0.1157552666965486,0.1502732240437158,60948.03291384318,19250.995934909966,4.695454545454545,0.5727272727272728,0.0,73088.0,53943.5,19144.5,0.4990168539325842,emerging growth corridor
303031065,Upper Mount Gravatt,1073.0,216.0,0.1000652802387391,0.1483516483516483,44702.66728797763,14920.072585002716,4.967592592592593,0.4583333333333333,0.0185185185185185,59561.0,50125.0,9436.0,0.4976411915352473,emerging growth corridor
303031066,Wishart,946.0,137.0,0.1084489281210592,0.1585648148148148,56045.327695560256,17488.63320971823,6.905109489051095,0.5401459854014599,0.0218978102189781,68724.0,52765.0,15959.0,0.5083521444695259,digitally specialised
303041068,Moorooka,1196.0,147.0,0.1181351244567364,0.1578947368421052,62472.6856187291,19021.679198341903,8.136054421768707,0.6394557823129252,0.0,76319.0,65895.5,10423.5,0.498295841854124,emerging growth corridor
303041070,Salisbury - Nathan,694.0,127.0,0.097062937062937,0.1398678414096916,53706.359510086455,14982.90419540114,5.464566929133858,0.5511811023622047,0.0236220472440944,68746.0,59012.0,9734.0,0.4781591263650546,emerging growth corridor
303041071,Tarragindi,1230.0,189.0,0.1353582040277319,0.2130777903043968,71471.8569105691,21136.09538311229,6.507936507936508,0.5714285714285714,0.0,92552.5,66254.0,26298.5,0.5051352524229712,high-income specialist
303051072,Algester,585.0,63.0,0.0759148715286789,0.1064189189189189,50644.555555555555,16321.21796147302,9.285714285714286,0.6349206349206349,0.0,66177.5,50620.0,15557.5,0.4896870554765292,lower digital concentration
303051073,Calamvale - Stretton,1721.0,244.0,0.0933600954757513,0.0977955911823647,51553.39976757699,17743.764962325826,7.05327868852459,0.5409836065573771,0.0,61573.0,49606.0,11967.0,0.4963786303334528,lower digital concentration
303051074,Pallara - Willawong,1032.0,116.0,0.0892579138557343,0.1024734982332155,56699.87209302326,19007.78646769892,8.89655172413793,0.5603448275862069,0.0,74338.0,57215.0,17123.0,0.4848009650180941,emerging growth corridor
303051075,Parkinson - Drewvale,1114.0,154.0,0.0870244512147488,0.1173780487804878,52625.32271095153,12814.449263564602,7.233766233766234,0.5844155844155844,0.0,68493.0,55712.0,12781.0,0.4901719901719901,lower digital concentration
303051076,Rocklea - Acacia Ridge,509.0,178.0,0.061876975443715,0.0762966138019717,39863.44106090373,10905.107362873096,2.859550561797753,0.4775280898876404,0.0730337078651685,58267.0,48836.0,9431.0,0.4494949494949495,lower digital concentration
303061077,Kuraby,603.0,97.0,0.0951254141031708,0.1038543897216274,53434.63018242123,16377.203380086474,6.216494845360825,0.6185567010309279,0.0,64225.0,49862.5,14362.5,0.4709754637941352,lower digital concentration
303061078,Runcorn,1101.0,117.0,0.0908940807397011,0.0759740259740259,50180.76430517711,18892.19702209282,9.41025641025641,0.5470085470085471,0.0256410256410256,57169.0,47386.0,9783.0,0.4798231066887783,lower digital concentration
303061079,Sunnybank,654.0,95.0,0.0727798798130425,0.0911708253358925,38163.47094801223,17661.642492637206,6.88421052631579,0.5684210526315789,0.0,46588.0,39343.0,7245.0,0.4704344985298921,lower digital concentration
303061080,Sunnybank Hills,1328.0,197.0,0.0887463245121625,0.099645928174001,42224.25301204819,14145.123868770992,6.741116751269035,0.6243654822335025,0.0,55979.0,45730.5,10248.5,0.477665113729789,lower digital concentration
304011081,Jindalee - Mount Ommaney,662.0,132.0,0.1127384196185286,0.1833333333333333,61205.05438066465,15914.185766904431,5.015151515151516,0.6515151515151515,0.0,83289.0,61846.0,21443.0,0.4888249612746183,small-business / consultant-heavy
304011082,Middle Park - Jamboree Heights,601.0,90.0,0.1076675026872088,0.2036199095022624,64983.32778702163,20424.286224857533,6.677777777777778,0.6888888888888889,0.0,77080.5,57390.0,19690.5,0.4897003745318352,small-business / consultant-heavy
304011084,Seventeen Mile Rocks - Sinnamon Park,963.0,204.0,0.1281948881789137,0.1880184331797235,73412.01869158879,23283.06122353767,4.720588235294118,0.5343137254901961,0.0147058823529411,93400.5,60876.0,32524.5,0.5061601642710473,high-income specialist
304021086,Bellbowrie - Moggill,1024.0,205.0,0.121384542437174,0.2618135376756066,72981.62548828125,27035.47138681136,4.995121951219512,0.624390243902439,0.0,88659.0,58435.0,30224.0,0.5007708911501696,high-income specialist
304021087,Brookfield - Kenmore Hills,926.0,238.0,0.1800855698171917,0.2761020881670533,64675.2181425486,18651.40415966256,3.890756302521008,0.4873949579831932,0.0126050420168067,93187.5,58125.0,35062.5,0.4956500724987916,digitally specialised
304021088,Chapel Hill,1447.0,316.0,0.1760554812020927,0.3237704918032787,74732.18590186593,23758.688882763847,4.579113924050633,0.5632911392405063,0.0,101169.5,63247.0,37922.5,0.4909175593851886,high-income specialist
304021089,Fig Tree Pocket,563.0,124.0,0.1636627906976744,0.25,70284.2513321492,24159.528803079433,4.540322580645161,0.532258064516129,0.0,112486.0,60035.0,52451.0,0.4774464831804281,digitally specialised
304021090,Kenmore,1162.0,237.0,0.1540296924708377,0.2711670480549199,74527.74139414802,24706.028178347384,4.90295358649789,0.5738396624472574,0.0126582278481012,92421.0,62779.0,29642.0,0.4998298162014976,high-income specialist
304021091,Pinjarra Hills - Pullenvale,686.0,205.0,0.1640363462458154,0.3041543026706231,75085.08746355685,24021.68143773188,3.346341463414634,0.5121951219512195,0.0146341463414634,97429.0,62706.0,34723.0,0.4904306220095694,digitally specialised
304031092,Chelmer - Graceville,1095.0,222.0,0.1803953871499176,0.2733990147783251,66012.63561643836,17090.2645291237,4.9324324324324325,0.5495495495495496,0.0135135135135135,97278.5,63648.0,33630.5,0.490271541586487,digitally specialised
304031093,Corinda,603.0,91.0,0.1428909952606635,0.2439678284182305,65250.59867330016,18351.715024011064,6.626373626373627,0.6483516483516484,0.0329670329670329,88152.0,62009.5,26142.5,0.5087329310892347,small-business / consultant-heavy
304031094,Indooroopilly,1848.0,291.0,0.1569693366176845,0.218961625282167,60280.77922077922,22380.60220557494,6.350515463917525,0.5807560137457045,0.0206185567010309,72351.0,52860.0,19491.0,0.4880148941121713,digitally specialised
304031095,Sherwood,807.0,152.0,0.1475050265033814,0.254606365159129,63362.812267657995,17350.505193996876,5.309210526315789,0.5197368421052632,0.0,87247.5,62013.0,25234.5,0.5167686658506732,digitally specialised
304031096,St Lucia,1421.0,167.0,0.1336531226486079,0.2352112676056338,38848.43384940183,17096.180181230273,8.508982035928144,0.6407185628742516,0.0,48050.0,34177.0,13873.0,0.4873789057170146,small-business / consultant-heavy
304031097,Taringa,1334.0,166.0,0.1580194266761431,0.2192866578599736,60211.94452773613,24535.82885609434,8.036144578313253,0.5120481927710844,0.0180722891566265,72369.5,57648.0,14721.5,0.5089151808031994,digitally specialised
304041098,Enoggera,1012.0,143.0,0.1248303934871099,0.2403361344537815,66885.3087944664,20184.57245550008,7.076923076923077,0.5244755244755245,0.0,79603.5,67593.0,12010.5,0.4790549597855228,digitally specialised
304041100,Keperra,636.0,68.0,0.116398243045388,0.2138364779874214,67533.34827044026,25390.955792402183,9.352941176470589,0.5735294117647058,0.0,79318.0,57570.0,21748.0,0.4996288047512991,digitally specialised
304041101,Mitchelton,1008.0,130.0,0.134885588117222,0.2300884955752212,67636.47619047618,18938.995326030847,7.753846153846154,0.6307692307692307,0.0,88498.0,65932.0,22566.0,0.5073188147090325,small-business / consultant-heavy
304041103,The Gap,2134.0,410.0,0.156612358725965,0.3198127925117004,77367.6541705717,27568.25922708131,5.204878048780488,0.6317073170731707,0.0073170731707317,91756.0,63092.0,28664.0,0.5016529706243507,major digital hub
304041104,Upper Kedron - Ferny Grove,1177.0,135.0,0.124077588024457,0.265748031496063,72994.34579439252,21094.344265824104,8.718518518518518,0.5333333333333333,0.0,95977.5,61537.0,34440.5,0.493952721275426,high-income specialist
305011105,Brisbane City,2434.0,2975.0,0.1085347364666012,0.2896786757546251,49753.534511092854,30225.2907538468,0.8181512605042017,0.5126050420168067,0.0655462184873949,45000.0,32693.0,12307.0,0.4809399097919394,major digital hub
305011106,Fortitude Valley,1880.0,718.0,0.126548196015078,0.2354870449327648,53978.15531914894,26300.671373268484,2.618384401114206,0.4401114206128134,0.0835654596100278,65859.0,56193.0,9666.0,0.4677598050077554,major digital hub
305011107,Highgate Hill,914.0,132.0,0.1352271046012723,0.205607476635514,51394.16958424508,21353.807622416407,6.924242424242424,0.5681818181818182,0.0,60987.5,53400.0,7587.5,0.5083870967741936,digitally specialised
305011108,Kangaroo Point,1531.0,239.0,0.1258528565556925,0.2039249146757679,56094.83148269105,21605.65371861378,6.405857740585774,0.6276150627615062,0.0125523012552301,68879.0,60888.5,7990.5,0.4782929528963227,small-business / consultant-heavy
305011109,New Farm,1935.0,385.0,0.159679815151015,0.2378011117974058,64989.04651162791,23410.973562296334,5.025974025974026,0.587012987012987,0.0129870129870129,75856.0,67497.0,8359.0,0.49516797054763,major digital hub
305011110,South Brisbane,2073.0,362.0,0.126649560117302,0.1935828877005347,52088.8174143753,24792.531490621634,5.726519337016574,0.5220994475138122,0.0635359116022099,60484.0,45246.5,15237.5,0.5062753783684016,major digital hub
305011111,Spring Hill,1215.0,413.0,0.1192228436856049,0.2107142857142857,59194.48477366255,36252.61572253901,2.9418886198547214,0.4092009685230024,0.0508474576271186,55607.0,43759.0,11848.0,0.4464601059560122,digitally specialised
305011112,West End,2548.0,480.0,0.1489710009354537,0.2324455205811138,59296.48430141287,25554.63868050548,5.308333333333334,0.5208333333333334,0.0375,70067.0,59360.5,10706.5,0.5039222373806276,major digital hub
305021113,Balmoral,638.0,111.0,0.15568570034163,0.2617924528301887,67723.22413793103,18556.210350717753,5.747747747747748,0.6306306306306306,0.027027027027027,92922.0,70269.0,22653.0,0.5037816507727721,small-business / consultant-heavy
305021114,Bulimba,1033.0,219.0,0.1621664050235478,0.2183449651046859,71315.28509196515,19761.68328662763,4.71689497716895,0.547945205479452,0.0136986301369863,103225.0,68005.0,35220.0,0.5044596556730969,high-income specialist
305021115,East Brisbane,913.0,205.0,0.1319745591211333,0.180140597539543,49070.65498357065,18005.488967380996,4.453658536585366,0.5170731707317073,0.0195121951219512,65230.0,56110.5,9119.5,0.4808684436801376,digitally specialised
305021116,Hawthorne,767.0,164.0,0.1543570134835983,0.2408223201174743,63556.71838331161,18812.64050043779,4.676829268292683,0.5182926829268293,0.0365853658536585,96499.0,62023.0,34476.0,0.5030186608122942,digitally specialised
305021117,Morningside - Seven Hills,2016.0,331.0,0.1417322834645669,0.2154947916666666,68181.40674603175,22402.291201881017,6.090634441087613,0.5619335347432024,0.0151057401812688,85742.0,71073.5,14668.5,0.5124714299910563,major digital hub
305021118,Norman Park,933.0,170.0,0.1422906817141985,0.2384291725105189,70442.35691318328,22179.03649225907,5.488235294117647,0.6235294117647059,0.0,92026.0,69386.0,22640.0,0.508355683928203,high-income specialist
305031119,Albion,644.0,178.0,0.1370504362630346,0.2038946162657502,55574.05745341615,17451.591183997123,3.617977528089888,0.5730337078651685,0.0224719101123595,78312.0,64788.0,13524.0,0.4848297213622291,emerging growth corridor
305031120,Alderley,970.0,146.0,0.1557482337829158,0.2616487455197133,71308.32474226804,24406.72398761165,6.6438356164383565,0.6027397260273972,0.0,85384.0,66500.0,18884.0,0.5072241681260946,high-income specialist
305031121,Ascot,715.0,174.0,0.1441241685144124,0.1990846681922196,57264.116783216785,11756.809889445363,4.109195402298851,0.632183908045977,0.0172413793103448,83444.5,62519.0,20925.5,0.498147167813658,small-business / consultant-heavy
305031122,Clayfield,1427.0,237.0,0.1363853579279365,0.2150635208711434,58341.381219341274,17623.19427487028,6.0210970464135025,0.6244725738396625,0.0,78162.0,64705.0,13457.0,0.5051969365426696,small-business / consultant-heavy
305031123,Grange,593.0,112.0,0.1516624040920716,0.2472406181015452,80918.47554806071,28927.808412510843,5.294642857142857,0.5089285714285714,0.0,100768.0,68896.0,31872.0,0.508327781479014,digitally specialised
305031124,Hamilton (Qld),853.0,163.0,0.1310291858678955,0.165650406504065,51251.262016412664,10225.142047134628,5.233128834355829,0.5705521472392638,0.0184049079754601,80328.0,63580.0,16748.0,0.4740535942152276,digitally specialised
305031125,Hendra,566.0,185.0,0.1345696623870661,0.226161369193154,72939.65371024735,24928.856991274457,3.0594594594594593,0.4810810810810811,0.027027027027027,99779.0,61356.0,38423.0,0.5004659832246039,digitally specialised
305031126,Kelvin Grove - Herston,1440.0,210.0,0.1272646928855501,0.2138492871690427,44470.95416666667,19330.089120268083,6.857142857142857,0.5904761904761905,0.019047619047619,53831.5,44823.0,9008.5,0.5035912725301531,emerging growth corridor
305031127,Newmarket,791.0,108.0,0.1508966043494849,0.2278481012658227,57539.27433628318,20768.83480938505,7.324074074074074,0.6203703703703703,0.0277777777777777,71581.0,63270.0,8311.0,0.4921335909467292,digitally specialised
305031128,Newstead - Bowen Hills,3723.0,869.0,0.173259493670886,0.2464549064095292,61838.69379532635,19470.49724376269,4.284234752589183,0.5086306098964327,0.0391254315304948,84383.0,70490.0,13893.0,0.4992813633563753,major digital hub
305031129,Wilston,583.0,132.0,0.1607389026743865,0.247191011235955,69853.61234991424,21885.277913741094,4.416666666666667,0.5151515151515151,0.0,88525.0,66379.0,22146.0,0.4936201239518775,digitally specialised
305031130,Windsor,1182.0,190.0,0.1407477970945463,0.2386934673366834,64233.32994923858,23498.79595304901,6.221052631578948,0.531578947368421,0.0210526315789473,78100.5,67395.0,10705.5,0.5069313708711278,emerging growth corridor
305031131,Wooloowin - Lutwyche,1519.0,222.0,0.133233926848522,0.2265306122448979,62980.85187623437,23007.149832553987,6.842342342342342,0.5855855855855856,0.0,76526.0,65520.0,11006.0,0.5023059185242121,emerging growth corridor
305041132,Ashgrove,1853.0,384.0,0.1538014608233731,0.2750716332378223,67542.02590393956,22700.793666223755,4.825520833333333,0.5494791666666666,0.0078125,88438.0,64387.0,24051.0,0.5017247134750195,major digital hub
305041133,Auchenflower,924.0,147.0,0.1594753192958232,0.2053072625698324,56909.6920995671,20284.137991869487,6.285714285714286,0.5782312925170068,0.0,71251.5,59791.0,11460.5,0.4974421437271619,digitally specialised
305041134,Bardon,1496.0,294.0,0.1766025262660842,0.2854368932038835,66009.05748663102,15965.142246399642,5.08843537414966,0.5578231292517006,0.0,104000.0,67146.0,36854.0,0.5078379636815148,digitally specialised
305041135,Paddington - Milton,2159.0,763.0,0.167182902276599,0.2424531299650461,59985.97452524317,19014.352177403613,2.8296199213630406,0.4639580602883355,0.0668414154652686,78186.0,64231.0,13955.0,0.4973527465254798,major digital hub
305041136,Red Hill (Qld),1014.0,175.0,0.1646638518999675,0.2539912917271408,59535.67159763313,20211.025527480488,5.7942857142857145,0.5371428571428571,0.0171428571428571,77006.5,62074.0,14932.5,0.5072798705800786,digitally specialised
305041137,Toowong,2004.0,381.0,0.157919621749409,0.2456479690522243,57035.09281437126,23158.43193966677,5.25984251968504,0.5301837270341208,0.0551181102362204,70623.0,55674.5,14948.5,0.5059191422827787,major digital hub
306011139,Clifton Beach - Kewarra Beach,575.0,151.0,0.0577599196383726,0.1493570722057369,40528.078260869566,6688.876854541086,3.80794701986755,0.6026490066225165,0.0198675496688741,66034.0,50852.0,15182.0,0.5132035209389171,lower digital concentration
306011141,Redlynch,710.0,101.0,0.0587797003063167,0.1113561190738699,42003.61830985916,1244.7370696902726,7.02970297029703,0.504950495049505,0.0,75772.0,56967.0,18805.0,0.5083156602299364,lower digital concentration
306011142,Trinity Beach - Smithfield,854.0,164.0,0.0545233990934048,0.1209439528023598,35950.3981264637,346.698835140196,5.2073170731707314,0.6097560975609756,0.0182926829268292,69449.5,54150.0,15299.5,0.5028677314038649,lower digital concentration
306021145,Cairns City,810.0,321.0,0.0430484693877551,0.1273809523809523,16085.433333333332,885.3705144557807,2.5233644859813085,0.4236760124610592,0.043613707165109,44435.0,38050.0,6385.0,0.4971025690554375,lower digital concentration
306021154,Westcourt - Bungalow,293.0,143.0,0.0470229497672925,0.0938936309914642,22400.49146757679,-2262.3031079327593,2.0489510489510487,0.3916083916083916,0.0699300699300699,54238.5,47070.0,7168.5,0.4554102259215219,lower digital concentration
306021156,Whitfield - Edge Hill,482.0,112.0,0.0663820410411789,0.1534246575342465,41206.43153526971,2750.8065524849662,4.303571428571429,0.5803571428571429,0.0,67375.0,58136.0,9239.0,0.5170307293594965,digitally specialised
306051169,Malanda - Yungaburra,360.0,107.0,0.0538760850044896,0.084185680566483,39786.70555555555,10591.835456782734,3.364485981308411,0.6915887850467289,0.0,48747.0,37483.0,11264.0,0.4859978730946473,lower digital concentration
307021183,Wambo,592.0,101.0,0.0447434056382737,0.0437798006068487,30785.175675675677,-1971.0133878871677,5.861386138613861,0.5445544554455446,0.0297029702970297,65304.5,45385.5,19919.0,0.4691988817121373,lower digital concentration
307031189,Warwick,552.0,98.0,0.0483320199632256,0.0715328467153284,23521.976449275364,-6166.0973183456845,5.63265306122449,0.3775510204081632,0.0306122448979591,57897.5,42362.0,15535.5,0.4824050337916569,lower digital concentration
308011192,Emerald,730.0,117.0,0.0504806030011755,0.0865384615384615,33002.77397260274,-7754.754898153085,6.239316239316239,0.3931623931623931,0.0256410256410256,91883.5,47330.5,44553.0,0.4537662599576484,lower digital concentration
308031223,Yeppoon,892.0,165.0,0.0534611926880431,0.1072821846553966,37076.25112107623,-5857.699822885414,5.406060606060606,0.5151515151515151,0.0181818181818181,85466.5,49806.0,35660.5,0.4902151059356299,emerging growth corridor
308051531,Boyne Island - Tannum Sands,617.0,52.0,0.0720037343914109,0.1083333333333333,54035.07779578606,3629.433029769025,11.865384615384617,0.6153846153846154,0.0576923076923076,109667.0,49632.0,60035.0,0.470597609561753,lower digital concentration
308051533,Clinton - New Auckland,734.0,51.0,0.0601097371222668,0.1099137931034482,48221.07220708447,1791.0208189917685,14.392156862745098,0.4509803921568627,0.0,104101.0,47990.0,56111.0,0.4696652719665272,lower digital concentration
308051535,Gladstone Hinterland,530.0,54.0,0.05831224557157,0.0606060606060606,53567.29905660378,809.1767659227335,9.814814814814817,0.4629629629629629,0.0,105018.0,47249.0,57769.0,0.449189345686161,lower digital concentration
309011224,Broadbeach Waters,798.0,203.0,0.1059198301035306,0.1520599250936329,36591.58771929824,9204.603647092245,3.931034482758621,0.7192118226600985,0.0147783251231527,60777.5,46744.5,14033.0,0.4939226519337016,digitally specialised
309011225,Burleigh Heads,964.0,457.0,0.1120148733441784,0.1579675077773937,36822.20591286307,9203.578966546547,2.1094091903719914,0.4923413566739606,0.0415754923413566,62783.0,47339.0,15444.0,0.5144433625446284,emerging growth corridor
309011226,Burleigh Waters,1242.0,265.0,0.1024837032758478,0.1663527934714375,40500.01489533011,7496.668868430199,4.686792452830189,0.5245283018867924,0.0,66724.0,51037.0,15687.0,0.5182029434546863,emerging growth corridor
309011227,Mermaid Beach - Broadbeach,1651.0,463.0,0.1110886825460907,0.1620013995801259,32458.225923682618,6671.958631258985,3.5658747300215983,0.6349892008639308,0.0280777537796976,62065.0,49917.0,12148.0,0.518189884649512,emerging growth corridor
309011228,Mermaid Waters,1211.0,249.0,0.1030199914929817,0.1608527131782945,40264.61890999174,11655.06493296069,4.863453815261044,0.5622489959839357,0.0120481927710843,62668.0,47738.5,14929.5,0.5095079629189446,emerging growth corridor
309011229,Miami,872.0,221.0,0.1137193531559728,0.1928446771378708,36240.1743119266,6821.989452771675,3.945701357466063,0.5248868778280543,0.0,66659.0,52603.0,14056.0,0.5180518992102294,emerging growth corridor
309021230,Coolangatta,505.0,96.0,0.0809684143017476,0.1138790035587188,35911.65049504951,10878.499220398233,5.260416666666667,0.5833333333333334,0.03125,57474.0,45953.0,11521.0,0.5037383177570094,lower digital concentration
309021231,Currumbin - Tugun,1033.0,236.0,0.0904474214166885,0.1691756272401433,33616.1490803485,3535.1384858296296,4.377118644067797,0.6313559322033898,0.0,65434.0,48940.0,16494.0,0.5150738435249603,emerging growth corridor
309021232,Currumbin Waters,643.0,153.0,0.0837021608956001,0.1311053984575835,44018.25972006221,10751.803523759168,4.2026143790849675,0.5359477124183006,0.0,64349.5,45911.0,18438.5,0.5046429174404863,emerging growth corridor
309021233,Elanora,883.0,152.0,0.0869436786136274,0.1468599033816425,40529.49603624009,8104.603165030952,5.809210526315789,0.5592105263157895,0.0197368421052631,64554.5,48659.0,15895.5,0.5090196078431373,lower digital concentration
309021234,Palm Beach,1560.0,296.0,0.1014436207569254,0.1622807017543859,39750.74423076923,9439.398737207,5.27027027027027,0.5135135135135135,0.0101351351351351,67315.0,50672.5,16642.5,0.5230460921843687,emerging growth corridor
309031235,Arundel,819.0,213.0,0.087979374798582,0.1358418367346938,33188.87301587302,1995.859588007512,3.845070422535211,0.5774647887323944,0.0328638497652582,59675.0,50403.5,9271.5,0.4878580776501381,emerging growth corridor
309031236,Biggera Waters,797.0,137.0,0.0883984028393966,0.1222123104371097,26914.741530740277,-285.2122181505838,5.817518248175182,0.6204379562043796,0.0,58565.0,49593.0,8972.0,0.524873257287706,emerging growth corridor
309031237,Coombabah,658.0,86.0,0.0898538850198006,0.1365079365079365,27088.063829787236,-4061.88516652575,7.651162790697675,0.6976744186046512,0.0,61310.0,48641.0,12669.0,0.5101214574898786,lower digital concentration
309031238,Labrador,1404.0,164.0,0.0837009657803743,0.1181556195965417,26954.119658119656,1166.7203794741326,8.560975609756097,0.6707317073170732,0.0,56268.0,47631.0,8637.0,0.5125978158053143,emerging growth corridor
309031239,Paradise Point - Hollywell,712.0,236.0,0.1025050388712928,0.1499364675984752,37531.85112359551,1007.1787222134152,3.016949152542373,0.635593220338983,0.0127118644067796,67462.0,50857.0,16605.0,0.5023457235654998,digitally specialised
309031240,Runaway Bay,656.0,169.0,0.0961172161172161,0.1440750213128729,30391.530487804877,-1928.2246037702137,3.881656804733728,0.6153846153846154,0.0,61609.5,47874.0,13735.5,0.5021992732836106,lower digital concentration
309041242,Tamborine - Canungra,1175.0,275.0,0.1029167031619514,0.1572327044025157,33830.78340425532,988.8629785743178,4.2727272727272725,0.610909090909091,0.0145454545454545,63264.0,43236.5,20027.5,0.5014057093425606,emerging growth corridor
309051243,Currumbin Valley - Tallebudgera,677.0,174.0,0.1162032269138345,0.1636876763875823,38409.25553914328,6266.078144704552,3.8908045977011496,0.6091954022988506,0.0,62526.0,44073.0,18453.0,0.5059196617336152,digitally specialised
309051244,Mudgeeraba - Bonogin,1513.0,318.0,0.0964554379701644,0.1513564969062351,44805.474553866494,10563.8916455406,4.7578616352201255,0.6037735849056604,0.0188679245283018,68278.0,48375.0,19903.0,0.5048608226007478,emerging growth corridor
309051245,Reedy Creek - Andrews,696.0,131.0,0.092911493792551,0.164572864321608,49099.4367816092,12948.932643309903,5.312977099236641,0.6641221374045801,0.0229007633587786,72729.0,50635.5,22093.5,0.5223190467721857,digitally specialised
309061246,Carrara,961.0,219.0,0.090031853100993,0.1438896189224704,40984.93236212279,8628.74400724177,4.3881278538812785,0.634703196347032,0.0,66150.0,48620.0,17530.0,0.5091089354318998,lower digital concentration
309061247,Highland Park,552.0,71.0,0.0815964523281596,0.1177446102819237,37060.64492753623,2624.8310324881895,7.774647887323944,0.7183098591549296,0.0,64375.5,49075.5,15300.0,0.4944252210688197,lower digital concentration
309061248,Nerang - Mount Nathan,1377.0,295.0,0.0786812182161019,0.1222038111019055,36413.777777777774,4694.382571789545,4.667796610169492,0.5491525423728814,0.0169491525423728,62314.5,48860.0,13454.5,0.4981140789777538,emerging growth corridor
309061249,Pacific Pines - Gaven,1394.0,178.0,0.0856686332350049,0.1210061182868796,41222.37804878049,5831.597720609396,7.831460674157303,0.6235955056179775,0.0,67100.5,51076.0,16024.5,0.4967624107587581,emerging growth corridor
309061250,Worongary - Tallai,647.0,186.0,0.0962797619047619,0.1541010770505385,39643.22256568779,8180.846226402078,3.478494623655914,0.6182795698924731,0.0,61543.0,46284.0,15259.0,0.4999035679845708,emerging growth corridor
309071251,Coomera,1694.0,249.0,0.0840236099399831,0.1445993031358885,39502.688016528926,10433.573463679364,6.803212851405623,0.5903614457831325,0.0120481927710843,67018.0,48693.0,18325.0,0.4977861653480438,emerging growth corridor
309071252,Helensvale,1533.0,324.0,0.0930952814720349,0.1407471763683753,37469.97651663405,3284.15848663466,4.731481481481482,0.5895061728395061,0.0277777777777777,67291.0,50324.5,16966.5,0.4968974526453298,emerging growth corridor
309071253,Hope Island,1310.0,389.0,0.1209044762344254,0.1644125105663567,40918.44045801526,6099.56929973192,3.367609254498715,0.5809768637532133,0.0154241645244215,70952.0,49182.5,21769.5,0.5031764705882353,emerging growth corridor
309071256,Oxenford - Maudsland,1412.0,178.0,0.0882720680170042,0.1143224149004495,36912.82790368272,1586.659299031562,7.932584269662922,0.5786516853932584,0.0,69784.0,50361.0,19423.0,0.4994489190334887,emerging growth corridor
309071552,Ormeau (East) - Stapylton,718.0,142.0,0.0734376598138488,0.106766917293233,39715.49582172702,5511.459000616247,5.056338028169014,0.5070422535211268,0.0985915492957746,72689.0,50590.0,22099.0,0.4884947970101128,lower digital concentration
309071553,Ormeau (West) - Yatala,787.0,173.0,0.0737098435890231,0.0966480446927374,41518.529860228715,4321.758529330524,4.5491329479768785,0.5317919075144508,0.0173410404624277,74705.5,51642.0,23063.5,0.4856234096692112,lower digital concentration
309071554,Pimpama - North,814.0,93.0,0.0860465116279069,0.1156716417910447,33975.92199017199,3108.2399077195587,8.75268817204301,0.6451612903225806,0.032258064516129,68041.5,50000.0,18041.5,0.4876832401390358,lower digital concentration
309071555,Pimpama - South,750.0,51.0,0.0692712662787475,0.0905861456483126,32113.76,4658.395032788398,14.705882352941176,0.6666666666666666,0.0,65626.0,49371.0,16255.0,0.4899547255234861,lower digital concentration
309071556,Upper Coomera (South) - Wongawallan,909.0,143.0,0.0935859157829712,0.1415841584158415,37242.09680968097,-529.1572827724449,6.356643356643357,0.6013986013986014,0.0209790209790209,75000.0,51247.0,23753.0,0.4917142080956262,lower digital concentration
309071557,Upper Coomera - North,1455.0,174.0,0.0804045092838196,0.116543871399866,36164.5237113402,4358.156143921991,8.362068965517242,0.5459770114942529,0.0172413793103448,68113.0,48334.0,19779.0,0.4988672759940629,lower digital concentration
309071558,Willow Vale - Pimpama (West),614.0,72.0,0.0869195922989807,0.1224489795918367,30452.00977198697,294.61098942751414,8.527777777777779,0.5972222222222222,0.0,67806.0,48955.5,18850.5,0.5014332514332515,lower digital concentration
309081259,Clear Island Waters,385.0,108.0,0.1298044504383007,0.1664098613251155,42950.181818181816,11641.41917489119,3.564814814814815,0.5740740740740741,0.0,60000.0,46735.0,13265.0,0.5006369426751592,digitally specialised
309081260,Merrimac,508.0,86.0,0.0815278446477291,0.1780538302277432,33456.1968503937,1901.6465374423317,5.906976744186046,0.6976744186046512,0.0,65962.0,50311.5,15650.5,0.5189284923621873,digitally specialised
309081262,Varsity Lakes,1667.0,364.0,0.1065311860940695,0.1833753148614609,32188.260047990403,3849.5417772848814,4.579670329670329,0.5384615384615384,0.0302197802197802,61956.5,47968.0,13988.5,0.5212505663797009,emerging growth corridor
309081559,Robina - East,1446.0,377.0,0.1023137338144767,0.1990496304118268,35105.0622406639,4790.633527722559,3.8355437665782497,0.5464190981432361,0.0212201591511936,62458.0,47627.5,14830.5,0.5083341362366317,digitally specialised
309081560,Robina - West,747.0,212.0,0.097012987012987,0.1801189464740866,37705.87684069612,6811.728658877935,3.5235849056603774,0.5377358490566038,0.0377358490566037,64706.0,51774.0,12932.0,0.5401195435609492,digitally specialised
309091263,Ashmore,993.0,196.0,0.0967270601987142,0.127190136275146,31301.238670694864,1319.181199430495,5.066326530612245,0.6173469387755102,0.0,60170.0,47612.0,12558.0,0.5054132558753631,lower digital concentration
309091264,Molendinar,430.0,136.0,0.0704340704340704,0.0937284631288766,29590.54418604651,2036.7672818696085,3.161764705882353,0.5441176470588235,0.0220588235294117,56665.0,47233.0,9432.0,0.4771151178918169,lower digital concentration
309091265,Parkwood,705.0,94.0,0.085134645574206,0.122875816993464,36055.03617021276,7796.55090273299,7.5,0.5212765957446809,0.0,59560.0,46710.0,12850.0,0.4876814039824502,lower digital concentration
309091540,Southport - North,1482.0,564.0,0.0776810986476569,0.1316526610644257,22133.563765182185,2042.439931446992,2.627659574468085,0.50177304964539,0.0301418439716312,52255.0,43102.0,9153.0,0.5121951219512195,emerging growth corridor
309091541,Southport - South,1614.0,294.0,0.0842379958246346,0.1288343558282208,30159.418525402725,8386.133113085398,5.489795918367347,0.6054421768707483,0.0136054421768707,52395.0,43138.5,9256.5,0.5058567993173532,emerging growth corridor
309101267,Benowa,781.0,220.0,0.1063453159041394,0.145791915175613,35679.81690140845,4483.99875053699,3.55,0.6227272727272727,0.0136363636363636,61092.0,47067.0,14025.0,0.5125592833304058,emerging growth corridor
309101268,Bundall,488.0,370.0,0.1102824858757062,0.1813725490196078,35306.082991803276,7113.695195193108,1.318918918918919,0.4567567567567567,0.0405405405405405,58893.0,48080.0,10813.0,0.4890093345377898,emerging growth corridor
309101269,Main Beach,387.0,114.0,0.1227402473834443,0.1583333333333333,27932.099483204136,2661.6992294775264,3.3947368421052633,0.6140350877192983,0.0263157894736842,56204.0,45867.0,10337.0,0.4967377120487168,digitally specialised
309101561,Surfers Paradise - North,1055.0,365.0,0.0786726323639075,0.1513266998341625,26333.090047393365,7851.694857236765,2.8904109589041096,0.5534246575342465,0.0273972602739726,50069.0,42819.0,7250.0,0.4949918471931051,digitally specialised
309101562,Surfers Paradise - South,1318.0,263.0,0.0786959636971578,0.1413218699623858,27723.996965098635,10770.880921391925,5.011406844106464,0.6045627376425855,0.0152091254752851,47363.0,40613.0,6750.0,0.4921204114371992,lower digital concentration
310011271,Darra - Sumner,371.0,117.0,0.0890542486797887,0.0994897959183673,49199.76954177897,15156.627078984922,3.1709401709401708,0.3418803418803419,0.0683760683760683,65457.0,51802.0,13655.0,0.465194109772423,lower digital concentration
310011274,Inala - Richlands,766.0,99.0,0.0494384923196075,0.0816831683168316,30104.756527415146,8344.212026317942,7.737373737373737,0.5353535353535354,0.0,51536.0,39554.5,11981.5,0.4665010035362706,emerging growth corridor
310011275,Oxley (Qld),855.0,103.0,0.116389872039205,0.1666666666666666,64576.26315789474,21396.85729075616,8.300970873786408,0.5631067961165048,0.0,79680.0,61900.5,17779.5,0.4883024518061014,digitally specialised
310011563,Doolandella,501.0,40.0,0.060926669098869,0.071301247771836,42049.882235528945,9923.042943299832,12.525,0.675,0.0,65010.0,51372.0,13638.0,0.4875673795861589,lower digital concentration
310011564,Forest Lake - Ellen Grove,1577.0,185.0,0.0812425944052341,0.1378539493293591,53019.32466708941,15946.774077217684,8.524324324324324,0.6216216216216216,0.0,69759.0,54601.5,15157.5,0.4982372020871527,lower digital concentration
310021277,Boonah,479.0,113.0,0.0522811613184894,0.0669034931912374,42052.38413361169,7924.581306717999,4.238938053097345,0.5486725663716814,0.0265486725663716,59161.0,41040.0,18121.0,0.4772341813437704,lower digital concentration
310021280,Lockyer Valley - East,772.0,107.0,0.0472286797993392,0.0699803793328973,36388.613989637306,3127.2291554270996,7.214953271028038,0.6261682242990654,0.0,64817.0,45208.0,19609.0,0.4795269168026101,lower digital concentration
310021281,Lowood,589.0,83.0,0.0551136895293347,0.0741733690795353,44750.52971137521,9522.555022500876,7.096385542168675,0.5421686746987951,0.0,66309.5,46763.0,19546.5,0.4751469147894221,lower digital concentration
310021282,Rosewood,526.0,54.0,0.0517258334152817,0.054989816700611,47614.536121673,9802.972939452527,9.74074074074074,0.6296296296296297,0.0,69160.0,49947.0,19213.0,0.4768024675491582,lower digital concentration
310031286,Ipswich - Central,346.0,136.0,0.0670153011814836,0.1502762430939226,48973.55780346821,12446.81414667952,2.5441176470588234,0.4044117647058823,0.0294117647058823,65505.0,51560.5,13944.5,0.47992700729927,digitally specialised
310031287,Ipswich - East,772.0,75.0,0.0559015206372194,0.0942211055276382,38736.70272020726,4450.948809997266,10.293333333333331,0.64,0.0,64779.0,51165.0,13614.0,0.4831991951710261,large-employer / job-heavy hub
310031290,Karana Downs,533.0,104.0,0.1072218869442768,0.2189473684210526,64467.701688555346,19335.756607082803,5.125,0.5384615384615384,0.0,83190.0,56936.0,26254.0,0.4845837615621788,digitally specialised
310031293,Raceview,624.0,42.0,0.0511517337486679,0.0766423357664233,42268.469551282054,4276.514432009986,14.857142857142858,0.5476190476190477,0.0,73332.5,52301.5,21031.0,0.4876919602529359,lower digital concentration
310031294,Ripley,846.0,65.0,0.0572821450335161,0.1094276094276094,48639.7304964539,8025.8148285007555,13.015384615384615,0.6307692307692307,0.0,79925.5,59415.0,20510.5,0.5028727237316194,large-employer / job-heavy hub
310041299,Collingwood Park - Redbank,576.0,33.0,0.0517009245130598,0.0647058823529411,35406.1953125,3365.060405400098,17.454545454545453,0.5454545454545454,0.0,67868.5,50818.5,17050.0,0.4763920116386721,lower digital concentration
310041302,Redbank Plains,929.0,81.0,0.0400017223561832,0.0883315158124318,31253.092572658777,4822.612917991188,11.469135802469136,0.7654320987654321,0.0,64076.5,47038.0,17038.5,0.4787082797373231,large-employer / job-heavy hub
310041303,Springfield,545.0,47.0,0.0756524153248195,0.1335227272727272,63236.508256880734,23471.786574482063,11.595744680851064,0.6595744680851063,0.0,77629.0,56444.0,21185.0,0.4974629195940671,lower digital concentration
310041304,Springfield Lakes,2036.0,204.0,0.0869936762946504,0.1350993377483443,56065.34945972495,16493.067691651115,9.980392156862743,0.5,0.0147058823529411,79339.5,58382.0,20957.5,0.4971428571428572,large-employer / job-heavy hub
310041565,Augustine Heights - Brookwater,741.0,131.0,0.0905757242390905,0.1550295857988165,63801.44129554656,16700.82890097377,5.656488549618321,0.5954198473282443,0.0,90398.0,62366.5,28031.5,0.4976890062726972,digitally specialised
310041566,Bellbird Park,587.0,51.0,0.0674480064345628,0.1101511879049676,50749.880749574106,17395.216955480115,11.509803921568627,0.7647058823529411,0.0588235294117647,69130.0,53164.0,15966.0,0.4787502099781622,lower digital concentration
311011305,Beaudesert,659.0,78.0,0.0638689668540414,0.052139037433155,27312.405918057662,-5357.771538813824,8.448717948717949,0.4230769230769231,0.0,61749.0,43004.5,18744.5,0.4837123540258143,lower digital concentration
311021308,Edens Landing - Holmview,547.0,51.0,0.0612404836542767,0.1036585365853658,36521.34917733089,5109.38903402592,10.72549019607843,0.6274509803921569,0.0,66144.0,51615.5,14528.5,0.4834585264503755,lower digital concentration
311021310,Wolffdene - Bahrs Scrub,650.0,72.0,0.0716174526223005,0.1152,40109.907692307694,2664.5529655558203,9.02777777777778,0.5555555555555556,0.0,74652.0,54648.5,20003.5,0.4956348598560269,lower digital concentration
311031311,Boronia Heights - Park Ridge,993.0,79.0,0.0526176345909283,0.0567528735632183,34393.0996978852,5844.020797927587,12.569620253164556,0.6455696202531646,0.0,60704.0,48614.0,12090.0,0.4786664627618902,large-employer / job-heavy hub
311031313,Chambers Flat - Logan Reserve,512.0,44.0,0.0504881175426486,0.0646108663729809,40243.57421875,11154.270895606323,11.636363636363637,0.6590909090909091,0.0681818181818181,63116.5,49615.0,13501.5,0.4741105004339022,lower digital concentration
311031319,Regents Park - Heritage Park,676.0,48.0,0.0499003469402819,0.0549828178694158,46775.47337278107,10529.302523146463,14.083333333333334,0.7291666666666666,0.0,68765.0,51962.0,16803.0,0.4773139745916515,lower digital concentration
311041568,Flagstone (West) - New Beith,616.0,64.0,0.0673003386867693,0.0950965824665676,56480.5,12343.528187479518,9.625,0.65625,0.0,82362.0,56096.0,26266.0,0.4834747002047382,lower digital concentration
311041569,Greenbank - North Maclean,508.0,56.0,0.0647959183673469,0.081513828238719,41092.61417322834,3920.7741859834423,9.071428571428571,0.5714285714285714,0.0535714285714285,71373.0,53105.0,18268.0,0.4821766833132426,lower digital concentration
311041570,Jimboomba - Glenlogan,917.0,130.0,0.0619762097864287,0.0827498408656906,40719.37840785169,310.5603489168425,7.053846153846154,0.6692307692307692,0.0,75689.0,51238.5,24450.5,0.47602023020579,lower digital concentration
311041571,Yarrabilba,533.0,32.0,0.0537298387096774,0.0767386091127098,32813.074108818015,5119.392253979306,16.65625,0.5625,0.0,68244.0,46842.5,21401.5,0.4920804142552543,lower digital concentration
311051324,Cornubia - Carbrook,644.0,153.0,0.0878101990728115,0.1522388059701492,52760.50155279503,11660.126723234083,4.209150326797386,0.5816993464052288,0.0196078431372549,75051.0,56600.0,18451.0,0.4883761580143331,digitally specialised
311051325,Loganholme - Tanah Merah,694.0,160.0,0.0688697032847077,0.1075991930060524,46633.06195965418,7779.108203575983,4.3375,0.425,0.04375,69828.0,53815.5,16012.5,0.4894039735099337,lower digital concentration
311051327,Shailer Park,901.0,171.0,0.0882900538951494,0.154891304347826,54273.01775804661,11317.362540016236,5.269005847953216,0.5263157894736842,0.0175438596491228,76473.0,57384.0,19089.0,0.4885750962772786,digitally specialised
311061332,Rochedale South - Priestdale,1002.0,127.0,0.0809239218219996,0.1266201395812562,54211.658682634734,14027.298118913204,7.889763779527559,0.6535433070866141,0.0,71448.0,54720.0,16728.0,0.4961888630107982,lower digital concentration
311061334,Springwood,645.0,203.0,0.0814188336278717,0.1567567567567567,50965.88372093023,12571.65985069544,3.1773399014778323,0.4137931034482758,0.0147783251231527,69491.0,55360.0,14131.0,0.4936687489447915,digitally specialised
311061335,Underwood,495.0,147.0,0.0891731219600072,0.0866745283018868,50017.93939393939,15382.587024996858,3.36734693877551,0.4761904761904761,0.0,64649.0,49692.0,14957.0,0.4761448093982258,lower digital concentration
312011337,Bowen,669.0,62.0,0.0680916030534351,0.0888252148997134,19084.617339312408,-9814.90128664179,10.790322580645162,0.5806451612903226,0.0483870967741935,59094.0,38986.0,20108.0,0.4776627218934911,lower digital concentration
312021342,Andergrove - Beaconsfield,900.0,58.0,0.0625086817613557,0.0796703296703296,40762.415555555555,-684.2703035915474,15.517241379310343,0.5862068965517241,0.0,92421.5,51689.5,40732.0,0.4808480848084808,large-employer / job-heavy hub
312021344,Eimeo - Rural View,841.0,105.0,0.0637749298551603,0.130272952853598,46447.945897740785,988.6794990147682,8.00952380952381,0.4952380952380952,0.0285714285714285,104863.0,54088.5,50774.5,0.4827888620916465,lower digital concentration
312021346,Mackay,284.0,157.0,0.0613258475491254,0.1266129032258064,27039.288732394365,-4439.421049510191,1.8089171974522291,0.3312101910828025,0.0955414012738853,65959.0,48036.0,17923.0,0.4296774193548387,lower digital concentration
312021348,Mount Pleasant - Glenella,725.0,96.0,0.0597839531623649,0.0968718466195761,42945.11724137931,267.1178598339975,7.552083333333333,0.4791666666666667,0.0416666666666666,65398.0,50610.0,14788.0,0.4234972677595628,lower digital concentration
312021352,Sarina,538.0,59.0,0.0516017648187224,0.0547309833024118,38132.59572490706,-8780.11825936303,9.11864406779661,0.4406779661016949,0.0,95683.5,48537.0,47146.5,0.4483947996816131,lower digital concentration
312021357,Walkerston - Eton,517.0,44.0,0.0713398647716296,0.0451745379876796,44578.53384912959,-1798.8581061622535,11.75,0.4090909090909091,0.0681818181818181,93992.0,50722.5,43269.5,0.4574487388858646,lower digital concentration
312031359,Airlie - Whitsundays,791.0,175.0,0.0467825881239649,0.0937834941050375,25082.47345132743,2432.8808028769963,4.52,0.5542857142857143,0.0171428571428571,60621.0,42824.5,17796.5,0.4838195291248476,emerging growth corridor
313011362,Beachmere - Sandstone Point,623.0,88.0,0.0583606557377049,0.098876404494382,39436.98154093098,5682.154983553934,7.079545454545454,0.5795454545454546,0.034090909090909,63614.0,44980.0,18634.0,0.482321708700374,lower digital concentration
313011363,Bribie Island,738.0,150.0,0.070453460620525,0.1344086021505376,39543.48577235772,8617.83937617634,4.92,0.4866666666666667,0.0,59138.0,43458.0,15680.0,0.5037620924399857,lower digital concentration
313021366,Caboolture - South,915.0,100.0,0.0469688414352445,0.1021450459652706,32488.27431693989,6597.104151137311,9.15,0.54,0.0,59866.0,44958.0,14908.0,0.4983180428134556,lower digital concentration
313021572,Caboolture - East,658.0,65.0,0.0435617345249917,0.0673575129533678,36841.90957446808,10502.754460267486,10.123076923076924,0.5230769230769231,0.0,57276.0,42890.5,14385.5,0.4871548157413644,lower digital concentration
313021573,Caboolture - West,513.0,88.0,0.0512897420515896,0.1156373193166885,36296.26023391813,6259.276130738766,5.829545454545454,0.5454545454545454,0.0,62599.0,45423.5,17175.5,0.4847758669297998,lower digital concentration
313041372,Burpengary,793.0,97.0,0.0572521839578369,0.1001031991744066,45197.852459016394,9988.170125610864,8.175257731958762,0.5051546391752577,0.0,69631.0,50054.0,19577.0,0.4891110671154227,lower digital concentration
313041373,Deception Bay,819.0,93.0,0.0479395926012643,0.0793515358361774,40890.7271062271,10882.478920790436,8.806451612903226,0.6451612903225806,0.032258064516129,61316.5,47019.0,14297.5,0.4847908745247148,lower digital concentration
313041375,Narangba,1301.0,144.0,0.0696877176067277,0.1119751166407465,56128.938508839354,16587.134957497554,9.03472222222222,0.5694444444444444,0.0208333333333333,77506.5,52938.5,24568.0,0.4924214688438164,emerging growth corridor
313051378,Margate - Woody Point,649.0,110.0,0.0725301743406347,0.1580459770114942,45451.20647149461,9409.05934364481,5.9,0.6545454545454545,0.0272727272727272,68103.0,52303.0,15800.0,0.5086982603479304,digitally specialised
313051380,Rothwell - Kippa-Ring,728.0,83.0,0.057472171784953,0.0970760233918128,43151.81181318681,10400.032110021104,8.771084337349398,0.5662650602409639,0.036144578313253,64422.0,48460.5,15961.5,0.4966230936819172,lower digital concentration
313051575,Scarborough - Newport,1068.0,228.0,0.0882790543891552,0.1829855537720706,58828.13483146067,17853.55514886851,4.684210526315789,0.5789473684210527,0.0,76651.0,54914.0,21737.0,0.5010822510822511,digitally specialised
314011382,Albany Creek,1327.0,195.0,0.0964459626426339,0.1679586563307493,63304.98869630746,18693.539354058754,6.805128205128205,0.5487179487179488,0.0256410256410256,83756.0,58058.0,25698.0,0.5011054503508603,digitally specialised
314011383,Cashmere,1482.0,213.0,0.0877858073687951,0.1563876651982378,58082.69905533063,14425.321138022256,6.957746478873239,0.5492957746478874,0.0,81137.0,57851.0,23286.0,0.4969820490710982,emerging growth corridor
314011384,Dayboro,737.0,153.0,0.1039785553047404,0.1479690522243713,58925.14111261872,15071.042071986669,4.816993464052287,0.5359477124183006,0.0196078431372549,77132.5,51997.0,25135.5,0.486595409146662,digitally specialised
314011385,Eatons Hill,654.0,119.0,0.0974374255065554,0.1882911392405063,64486.63608562691,16986.049002790198,5.495798319327731,0.5630252100840336,0.0,87688.0,59320.0,28368.0,0.4990313831848121,digitally specialised
314011386,The Hills District,2322.0,322.0,0.1136508247271303,0.1923536439665472,72123.87855297158,24636.29688785485,7.211180124223603,0.5745341614906833,0.015527950310559,85150.5,61394.5,23756.0,0.4993230610534459,major digital hub
314011387,Samford Valley,1303.0,356.0,0.1398518836535365,0.2496493688639551,76832.84113584037,27800.61783434847,3.6601123595505616,0.5337078651685393,0.0084269662921348,85583.0,56124.0,29459.0,0.4925078864353312,high-income specialist
314021389,Murrumba Downs - Griffin,1559.0,175.0,0.0711125302194042,0.1318764129615674,49058.097177678,11170.792018712527,8.90857142857143,0.68,0.0171428571428571,75404.0,56377.5,19026.5,0.5024943310657597,emerging growth corridor
314021577,Kallangur,1150.0,105.0,0.0618678717452119,0.1133909287257019,45673.67478260869,12731.58410582797,10.952380952380953,0.6190476190476191,0.0,66501.0,49631.5,16869.5,0.4953650501800352,large-employer / job-heavy hub
314021578,Mango Hill,1246.0,115.0,0.085706424542578,0.1324884792626728,60627.02808988764,23837.434129232803,10.834782608695653,0.5478260869565217,0.0260869565217391,77144.0,55194.5,21949.5,0.5010906206623041,large-employer / job-heavy hub
314021579,North Lakes,1629.0,262.0,0.082339264051759,0.1382585751978891,53566.57090239411,16067.94054452917,6.217557251908397,0.5267175572519084,0.015267175572519,77052.0,53534.0,23518.0,0.4995427365459022,lower digital concentration
314031391,Bray Park,587.0,36.0,0.0693607467801016,0.0939947780678851,54316.29982964225,16921.16488931376,16.305555555555557,0.6944444444444444,0.0,69836.0,53005.0,16831.0,0.4839449541284403,lower digital concentration
314031393,Petrie,539.0,67.0,0.0748299319727891,0.1554524361948956,51405.78478664193,12576.641374174906,8.044776119402986,0.6417910447761194,0.0,72953.0,52984.0,19969.0,0.4804343755850964,digitally specialised
314031394,Strathpine - Brendale,905.0,204.0,0.074589961262672,0.1008403361344537,49378.9546961326,15097.896961029985,4.436274509803922,0.4803921568627451,0.0637254901960784,65981.0,52170.0,13811.0,0.4735359699565779,emerging growth corridor
315021405,Mount Isa,762.0,75.0,0.0437428243398392,0.0783699059561128,21751.00590551181,-26466.05922077981,10.16,0.4533333333333333,0.0666666666666666,98875.0,61356.5,37518.5,0.4582199125628969,large-employer / job-heavy hub
316011413,Buderim - North,1173.0,337.0,0.0893782383419689,0.1343164607413312,44658.69565217391,11380.429765249197,3.4807121661721068,0.5252225519287834,0.0118694362017804,67982.0,46993.0,20989.0,0.5158581167868788,emerging growth corridor
316011414,Buderim - South,1330.0,325.0,0.0891361168822465,0.1614505712866368,44609.07894736842,12726.980361482754,4.092307692307692,0.5230769230769231,0.0184615384615384,68250.0,48571.5,19678.5,0.5167551730452298,emerging growth corridor
316011415,Mountain Creek,871.0,156.0,0.0804841988541859,0.1645569620253164,45884.59471871412,13997.630895021644,5.583333333333333,0.5576923076923077,0.0,68630.0,49920.0,18710.0,0.5123344585821864,emerging growth corridor
316011416,Sippy Downs,603.0,109.0,0.0580812945482566,0.1493150684931506,37193.02819237148,10962.136360354523,5.532110091743119,0.5504587155963303,0.0,61777.0,45248.0,16529.0,0.5233524355300859,lower digital concentration
316021417,Aroona - Currimundi,579.0,104.0,0.0737673588992228,0.146067415730337,38766.251295336784,4494.666825977627,5.5673076923076925,0.5192307692307693,0.0,65199.0,47982.0,17217.0,0.5036079879174358,emerging growth corridor
316021418,Buddina - Minyama,472.0,126.0,0.0844969566774078,0.1117021276595744,45644.18644067797,14863.854091949,3.746031746031746,0.5793650793650794,0.0317460317460317,65112.0,47696.0,17416.0,0.4938592347661785,lower digital concentration
316021419,Caloundra - Kings Beach,353.0,127.0,0.0667296786389414,0.1348195329087048,38275.3895184136,9710.448214065773,2.779527559055118,0.4803149606299212,0.0,56914.0,47003.0,9911.0,0.5063487950246178,lower digital concentration
316021421,Golden Beach - Pelican Waters,634.0,176.0,0.0743259085580304,0.1605839416058394,46913.66561514196,13300.98636543504,3.602272727272727,0.6306818181818182,0.0,65257.0,45916.5,19340.5,0.5073781487554032,digitally specialised
316021422,Moffat Beach - Battery Hill,534.0,133.0,0.0851403061224489,0.1583333333333333,42749.65917602996,12019.535929856494,4.015037593984962,0.6466165413533834,0.0,64918.0,47130.0,17788.0,0.5159358288770054,digitally specialised
316021423,Parrearra - Warana,655.0,212.0,0.0798196441628077,0.1480446927374301,48669.576335877864,15207.805192811817,3.089622641509434,0.5094339622641509,0.0235849056603773,68932.0,50621.0,18311.0,0.5016291951775823,emerging growth corridor
316021424,Wurtulla - Birtinya,637.0,203.0,0.0676867495484008,0.1576086956521739,48782.07142857143,16789.46506367928,3.1379310344827585,0.4778325123152709,0.0295566502463054,68000.0,52415.0,15585.0,0.5208395355760643,emerging growth corridor
316021580,Caloundra West - Baringa,1010.0,139.0,0.0612418142129517,0.1225749559082892,43120.363366336634,10581.66305709579,7.266187050359712,0.4964028776978417,0.0215827338129496,70282.0,52100.0,18182.0,0.5155383396425741,lower digital concentration
316021581,Meridan Plains - Little Mountain (North),691.0,116.0,0.0610747746155205,0.1177664974619289,38952.28075253256,7919.148747936488,5.956896551724138,0.6724137931034483,0.0,66967.0,48101.0,18866.0,0.5136369245958287,lower digital concentration
316031425,Coolum Beach,1098.0,305.0,0.0850174216027874,0.1855231143552311,45210.99408014572,13892.931865666433,3.6,0.5934426229508196,0.0,64434.0,46623.5,17810.5,0.512306289881495,emerging growth corridor
316031426,Marcoola - Mudjimba,702.0,168.0,0.0781215223681282,0.1320754716981132,43474.39316239317,12469.498604191518,4.178571428571429,0.5238095238095238,0.0178571428571428,62439.5,47242.5,15197.0,0.5082421590080234,lower digital concentration
316031427,Maroochydore - Kuluin,1541.0,548.0,0.0733355541807452,0.1574260270037345,39526.85593770279,12521.162224287287,2.812043795620438,0.5109489051094891,0.0273722627737226,61000.0,48143.0,12857.0,0.514878892733564,emerging growth corridor
316031428,Mooloolaba - Alexandra Headland,928.0,313.0,0.0809773123909249,0.1441068139963167,35901.707435344826,9463.211536566463,2.9648562300319488,0.4920127795527156,0.0191693290734824,59625.0,47724.0,11901.0,0.5024950099800398,lower digital concentration
316051434,Noosa Heads,358.0,220.0,0.0870622568093385,0.1764234161988773,44073.35195530726,22247.044562311152,1.6272727272727272,0.5363636363636364,0.0,50344.0,37093.5,13250.5,0.513351134846462,emerging growth corridor
316051435,Noosaville,507.0,246.0,0.0765629719118091,0.1317621853240492,47355.13412228797,22845.0379277848,2.0609756097560976,0.532520325203252,0.0121951219512195,52660.5,38134.0,14526.5,0.5106973058637084,emerging growth corridor
316051437,Sunshine Beach,504.0,165.0,0.0796082767335334,0.1701030927835051,46681.455357142855,23640.185020703113,3.0545454545454547,0.6303030303030303,0.0,56504.0,40490.0,16014.0,0.5045336787564767,digitally specialised
316051438,Tewantin,500.0,125.0,0.0671231037723184,0.1500600240096038,33567.548,6598.266821318299,4.0,0.56,0.0,55851.0,41667.0,14184.0,0.511173675875418,digitally specialised
316051543,Peregian Beach - Marcus Beach,349.0,125.0,0.1024061032863849,0.1896813353566009,52412.60171919771,24198.20163116954,2.792,0.536,0.0,56055.5,43177.0,12878.5,0.4979515828677839,digitally specialised
316051544,Peregian Springs,694.0,174.0,0.0843461351482741,0.2002301495972382,53807.46541786743,22707.379795601995,3.9885057471264367,0.5919540229885057,0.0,67797.0,46243.0,21554.0,0.5187399030694669,emerging growth corridor
316061440,Caloundra Hinterland,484.0,156.0,0.089150856511328,0.1439114391143911,40212.48140495868,13666.086765061827,3.102564102564102,0.5897435897435898,0.0,50489.5,33128.5,17361.0,0.5061466723187792,lower digital concentration
316061442,Landsborough,1052.0,180.0,0.068324998376307,0.1243953006219765,42639.304182509506,9194.23429876592,5.844444444444444,0.5666666666666667,0.0,68893.5,49038.5,19855.0,0.4999118787451533,emerging growth corridor
316061444,Palmwoods,677.0,173.0,0.0728583727938011,0.133384734001542,47825.82127031019,14204.937337895208,3.913294797687861,0.6069364161849711,0.0173410404624277,62429.0,45829.0,16600.0,0.4987263708271886,lower digital concentration
316071545,Bli Bli,568.0,115.0,0.0681627265090603,0.1397326852976913,44427.80457746479,9934.083228610834,4.939130434782609,0.6869565217391305,0.0,67722.5,46634.0,21088.5,0.5078764965343415,lower digital concentration
316071547,Eumundi - Yandina,804.0,255.0,0.080730997088061,0.1263001485884101,44192.83457711443,12579.4158603758,3.152941176470588,0.5411764705882353,0.0117647058823529,58817.0,42714.0,16103.0,0.4824324324324324,emerging growth corridor
316071548,Nambour,1105.0,216.0,0.0601819073035237,0.1292639138240574,41890.46153846154,11140.349534758036,5.1157407407407405,0.5648148148148148,0.0185185185185185,60881.0,47294.5,13586.5,0.5015101289134438,emerging growth corridor
316081549,Noosa Hinterland,1349.0,401.0,0.0767349260523321,0.141147483280535,36404.52631578947,8080.131804981738,3.3640897755610975,0.6159600997506235,0.0074812967581047,53431.0,40000.0,13431.0,0.4939642684693385,emerging growth corridor
317011446,Darling Heights,539.0,58.0,0.0407530621503099,0.0754226267880364,30259.148423005565,3428.970667070287,9.29310344827586,0.7413793103448276,0.0,61115.0,51523.0,9592.0,0.4909154847028484,lower digital concentration
317011450,Highfields,937.0,162.0,0.0785810130828581,0.1225416036308623,36775.867662753466,-3602.9903127581056,5.783950617283951,0.5308641975308642,0.0,77006.0,51956.5,25049.5,0.4919293684324559,emerging growth corridor
317011451,Lockyer Valley - West,567.0,95.0,0.0564797290566789,0.0706845238095238,38169.641975308645,4455.292189473403,5.968421052631579,0.5894736842105263,0.0,61878.5,46047.0,15831.5,0.4683479811488982,lower digital concentration
317011456,Toowoomba - Central,634.0,267.0,0.0539942088230284,0.1167468299081766,40627.79179810725,7488.889098396809,2.3745318352059925,0.3820224719101123,0.0674157303370786,65040.5,52137.0,12903.5,0.5034872534872535,lower digital concentration
317011457,Toowoomba - East,686.0,188.0,0.0823035392921415,0.1412471825694966,47695.95335276968,11041.777527934646,3.648936170212766,0.5638297872340425,0.0212765957446808,72536.0,56097.0,16439.0,0.5076002587322122,lower digital concentration
317011458,Toowoomba - West,755.0,81.0,0.0536984352773826,0.0530799475753604,37200.807947019865,-4.503646152254078,9.320987654320987,0.5432098765432098,0.0,72942.5,52744.0,20198.5,0.4968845811492434,lower digital concentration
318021468,Annandale (Qld),523.0,59.0,0.0743954480796586,0.1362586605080831,48937.24282982792,5547.498021862062,8.864406779661017,0.6101694915254238,0.0,82309.5,56121.5,26188.0,0.4859669357939254,lower digital concentration
318021475,Garbutt - West End,402.0,100.0,0.0686475409836065,0.091324200913242,37582.164179104475,3967.6296845689576,4.02,0.42,0.04,69345.0,53538.0,15807.0,0.4800295857988165,lower digital concentration
318021482,Kirwan - West,721.0,85.0,0.0524668898268083,0.130568356374808,34713.455617198335,-3617.132215722638,8.48235294117647,0.5764705882352941,0.0,75347.5,55200.0,20147.5,0.504375579120766,lower digital concentration
318021484,Mount Louisa,514.0,80.0,0.0546517809675704,0.1028277634961439,48279.88326848249,6671.309371619114,6.425,0.5875,0.0375,78532.0,55950.0,22582.0,0.4913432835820895,lower digital concentration
318021490,Townsville City - North Ward,701.0,258.0,0.0754899849235408,0.1714285714285714,47817.64051355207,12032.1029839376,2.7170542635658914,0.4728682170542636,0.0503875968992248,77965.0,58920.0,19045.0,0.4838963079340141,digitally specialised
318021582,Burdell - Mount Low,1027.0,96.0,0.0570175438596491,0.1271523178807947,44759.192307692305,414.9451113787363,10.697916666666666,0.53125,0.03125,87722.0,58137.0,29585.0,0.4939353627044369,large-employer / job-heavy hub
319011493,Bargara - Burnett Heads,744.0,117.0,0.0579981290926099,0.0917647058823529,35943.69892473118,-310.5928588671959,6.358974358974359,0.6153846153846154,0.0,65255.5,49474.0,15781.5,0.4983094669848846,lower digital concentration
319011495,Bundaberg,302.0,101.0,0.045121769012401,0.098922624877571,18794.683774834437,1894.794562224248,2.99009900990099,0.4059405940594059,0.0495049504950495,39314.0,36913.0,2401.0,0.4684248729736269,lower digital concentration
319031514,Gympie Surrounds,786.0,142.0,0.0538356164383561,0.0634778721502011,29933.88486005089,-299.6163728258216,5.535211267605634,0.5845070422535211,0.0,53460.0,37130.0,16330.0,0.4793374877008855,lower digital concentration
319041518,Pialba - Eli Waters,395.0,117.0,0.0430095818815331,0.0982367758186398,32661.572151898738,2009.6351418813135,3.376068376068376,0.4444444444444444,0.0512820512820512,56735.0,44786.0,11949.0,0.5187634795111431,lower digital concentration
401011001,Adelaide,2806.0,2314.0,0.1218622426821853,0.2124300009180207,44769.25374198147,24036.752069958537,1.212618841832325,0.4662921348314606,0.0674157303370786,49032.0,38956.5,10075.5,0.4833963282937365,major digital hub
401011002,North Adelaide,693.0,239.0,0.1264137176213061,0.1420927467300832,55399.9494949495,21978.786780611663,2.899581589958159,0.5355648535564853,0.0334728033472803,69961.0,55962.0,13999.0,0.4962962962962963,digitally specialised
401021004,Aldgate - Stirling,1632.0,400.0,0.1210862145718949,0.2124269782262347,62316.5625,20067.820290473363,4.08,0.6575,0.0075,78801.5,54366.0,24435.5,0.5015775798069785,small-business / consultant-heavy
401021006,Lobethal - Woodside,467.0,118.0,0.0676223573704025,0.1162561576354679,51116.167023554604,11284.95669919897,3.957627118644068,0.6864406779661016,0.0,68068.0,46748.0,21320.0,0.4861995753715499,lower digital concentration
401021007,Mount Barker,1398.0,191.0,0.0748674556846784,0.1218889597957881,52213.075107296136,13836.5495356151,7.319371727748691,0.5235602094240838,0.0,70531.0,52355.0,18176.0,0.5046855033366463,emerging growth corridor
401021010,Uraidla - Summertown,533.0,90.0,0.1160967109562187,0.1408450704225352,56761.433395872424,15442.968137758726,5.9222222222222225,0.6666666666666666,0.0,72597.0,52000.0,20597.0,0.4973965469991778,digitally specialised
401031011,Burnside - Wattle Park,1841.0,355.0,0.1275107355589416,0.1672950047125353,61161.161596958176,21692.046691846663,5.185915492957746,0.6873239436619718,0.0,74190.0,55270.0,18920.0,0.5072619688004303,major digital hub
401031012,Beaumont - Glen Osmond,971.0,242.0,0.1302481556002682,0.1847328244274809,57929.84088568486,18795.499772338117,4.012396694214876,0.6611570247933884,0.012396694214876,76671.0,55808.0,20863.0,0.4921983356449376,small-business / consultant-heavy
401031013,Toorak Gardens,1588.0,538.0,0.1290112925501665,0.1530583214793741,57743.22701511335,20404.008760177938,2.9516728624535316,0.5446096654275093,0.0315985130111524,72762.0,53453.0,19309.0,0.5106360235168359,emerging growth corridor
401041014,Athelstone,796.0,96.0,0.1049163042045604,0.1352112676056338,56097.75125628141,16294.327768736926,8.291666666666666,0.7291666666666666,0.0,68735.0,54584.5,14150.5,0.4957425068119891,digitally specialised
401041015,Paradise - Newton,1553.0,181.0,0.0871394905173381,0.1011738401341531,52859.48358016742,18586.58129647311,8.58011049723757,0.6906077348066298,0.0276243093922651,63894.0,52183.0,11711.0,0.4924576467857972,emerging growth corridor
401041016,Rostrevor - Magill,1919.0,245.0,0.0995900150500804,0.1303885045236828,56354.81552892131,20349.5467811918,7.83265306122449,0.6612244897959184,0.0122448979591836,66015.0,54359.0,11656.0,0.5031561228783841,emerging growth corridor
401051017,Norwood (SA),1197.0,592.0,0.1285576200193319,0.1753554502369668,57899.43483709273,21988.85358910648,2.0219594594594597,0.5067567567567568,0.0320945945945945,68283.0,58808.0,9475.0,0.4944054900790691,emerging growth corridor
401051018,Payneham - Felixstow,1164.0,184.0,0.1093882153932901,0.1168253968253968,51727.66237113402,16030.593204702294,6.326086956521739,0.5271739130434783,0.0326086956521739,65347.0,54184.0,11163.0,0.5073841017079749,emerging growth corridor
401051019,St Peters - Marden,1332.0,329.0,0.12,0.159476490547746,57897.02702702703,18984.20882882883,4.048632218844984,0.5683890577507599,0.0091185410334346,72363.0,58143.0,14220.0,0.4969392752203722,digitally specialised
401061020,Nailsworth - Broadview,559.0,78.0,0.0986064561651084,0.1397849462365591,57894.855992844365,19282.62305934639,7.166666666666667,0.6282051282051282,0.0,67655.5,60035.0,7620.5,0.5056042884990254,lower digital concentration
401061021,Prospect,1420.0,215.0,0.1009526517844447,0.1327980234712785,53063.589788732395,14451.320664603292,6.604651162790698,0.627906976744186,0.0,69145.0,59080.0,10065.0,0.4872827261121477,emerging growth corridor
401061022,Walkerville,712.0,146.0,0.1186468921846359,0.141747572815534,52826.45505617977,14351.965304471729,4.876712328767123,0.6301369863013698,0.0,75104.0,56131.0,18973.0,0.5073384446878423,digitally specialised
401071023,Goodwood - Millswood,1756.0,439.0,0.1178839957035445,0.1793300653594771,57871.19476082004,18728.493800830787,4.0,0.6104783599088838,0.0273348519362186,73053.0,59430.0,13623.0,0.512302204335498,digitally specialised
401071024,Unley - Parkside,2109.0,610.0,0.1303138902619871,0.1820895522388059,61948.81104789,22452.541800485153,3.457377049180328,0.5491803278688525,0.0245901639344262,76618.0,57723.5,18894.5,0.5151767151767151,major digital hub
402011026,Gawler - South,895.0,120.0,0.053857263208569,0.0991735537190082,42644.34748603352,4568.049074672344,7.458333333333333,0.5666666666666667,0.025,69094.0,50092.0,19002.0,0.4932266497662996,lower digital concentration
402021028,Craigmore - Blakeview,694.0,39.0,0.0450942170240415,0.064891846921797,48539.74639769452,10240.039737525578,17.794871794871796,0.6923076923076923,0.0769230769230769,68294.0,50011.5,18282.5,0.4750521557719054,lower digital concentration
402021029,Davoren Park,517.0,27.0,0.0375154197808577,0.0462328767123287,28063.328820116058,-410.572638413807,19.14814814814815,0.7037037037037037,0.0,58510.5,43923.0,14587.5,0.4634146341463415,lower digital concentration
402021032,Munno Para West - Angle Vale,687.0,42.0,0.0451024159663865,0.0556291390728476,43860.5269286754,7196.569142435903,16.357142857142858,0.6428571428571429,0.0,69792.0,51176.0,18616.0,0.4897473452947638,emerging growth corridor
402031036,Enfield - Blair Athol,1661.0,172.0,0.0748400468595115,0.0608634111818825,44599.48826008428,15976.13570984548,9.656976744186046,0.6511627906976745,0.0290697674418604,56647.0,50063.0,6584.0,0.4384034795957528,large-employer / job-heavy hub
402031038,Windsor Gardens,1804.0,215.0,0.0877047984831542,0.1007969995311767,52990.64966740576,20091.11903878988,8.390697674418604,0.6139534883720931,0.0,63745.0,53529.0,10216.0,0.487136347704171,emerging growth corridor
402031175,Northgate - Northfield,1359.0,149.0,0.0873617896631524,0.1155934833204034,55423.946284032376,18791.187991412167,9.120805369127517,0.697986577181208,0.0201342281879194,66812.0,57200.0,9612.0,0.492262011876912,lower digital concentration
402031176,Valley View - Gilles Plains,607.0,50.0,0.0696820112501434,0.0659630606860158,48975.302306425045,15850.635333632024,12.14,0.76,0.0,62073.0,51609.0,10464.0,0.4651612903225806,lower digital concentration
402041040,Ingle Farm,762.0,56.0,0.0634682658670664,0.0695652173913043,43597.36089238845,9653.369138265516,13.607142857142858,0.6964285714285714,0.0,61428.5,50079.5,11349.0,0.4531054131054131,large-employer / job-heavy hub
402041041,Para Hills,745.0,73.0,0.0615244859195639,0.0719921104536489,45008.803355704695,11590.324001505338,10.205479452054794,0.6164383561643836,0.0,61392.5,49046.0,12346.5,0.4636597074913475,lower digital concentration
402041043,Parafield Gardens,762.0,62.0,0.0546158256880734,0.0562613430127041,35299.149606299216,5714.264822755638,12.290322580645162,0.5483870967741935,0.0483870967741935,57037.0,46282.0,10755.0,0.4499702793738854,large-employer / job-heavy hub
402041044,Paralowie,602.0,39.0,0.0445496928883297,0.0558739255014326,42416.73089700997,7923.840310167667,15.435897435897436,0.7948717948717948,0.0,59868.0,47168.5,12699.5,0.4568513119533527,lower digital concentration
402041046,Salisbury,593.0,58.0,0.0462738977760436,0.053953488372093,30767.33136593592,1942.7892278165273,10.224137931034482,0.4655172413793103,0.0,55569.0,44562.5,11006.5,0.4393195943735689,lower digital concentration
402041047,Salisbury East,772.0,69.0,0.0575432319618366,0.0697674418604651,44121.41126943005,8964.046443848652,11.18840579710145,0.6376811594202898,0.0,62752.0,49461.0,13291.0,0.4653857581459839,large-employer / job-heavy hub
402041048,Salisbury North,571.0,38.0,0.0444323398957279,0.0434285714285714,34363.00262697023,291.32606483498967,15.026315789473683,0.7368421052631579,0.0,60530.0,45537.0,14993.0,0.4517909204498125,lower digital concentration
402041171,Mawson Lakes - Globe Derby Park,1105.0,148.0,0.0833082026537997,0.1102831594634873,52560.50588235294,16595.238391399987,7.466216216216216,0.5405405405405406,0.0202702702702702,68900.0,55121.5,13778.5,0.4817930153321976,emerging growth corridor
402051049,Golden Grove,663.0,79.0,0.0878262021459796,0.1242138364779874,59253.9592760181,15556.57392696524,8.39240506329114,0.7341772151898734,0.0,76348.0,54460.0,21888.0,0.5032181571815718,lower digital concentration
402051051,Highbury - Dernancourt,764.0,98.0,0.0894613583138173,0.137062937062937,53045.14921465969,12730.034928945402,7.795918367346939,0.7653061224489796,0.0,71810.0,54183.0,17627.0,0.494273934951901,lower digital concentration
402051052,Hope Valley - Modbury,1047.0,122.0,0.0762230634828188,0.0916604057099924,47808.58834765998,14068.524027625032,8.581967213114755,0.6229508196721312,0.0,62079.5,51036.0,11043.5,0.4692973625931145,emerging growth corridor
402051053,Modbury Heights,1113.0,104.0,0.073509015256588,0.1144114411441144,53374.8679245283,13325.54287994736,10.701923076923077,0.6346153846153846,0.0,69634.0,53653.0,15981.0,0.4913203577064702,large-employer / job-heavy hub
402051054,Redwood Park,891.0,74.0,0.072233481961897,0.0892641737032569,58472.53086419753,15682.327540322374,12.04054054054054,0.7297297297297297,0.0,72947.5,52113.0,20834.5,0.4865257048092869,large-employer / job-heavy hub
402051055,St Agnes - Ridgehaven,783.0,82.0,0.0807632800412583,0.1002444987775061,53834.547254150704,12864.409709024352,9.548780487804878,0.5365853658536586,0.0365853658536585,70331.0,52879.5,17451.5,0.4899229000405789,large-employer / job-heavy hub
403011056,Brighton (SA),968.0,195.0,0.0901135728914541,0.1737967914438502,61140.03409090909,19287.220275977044,4.964102564102564,0.6051282051282051,0.0,74209.0,56057.0,18152.0,0.5132550538675705,emerging growth corridor
403011057,Glenelg (SA),1478.0,371.0,0.0922251341569948,0.1587505348737697,56879.05074424898,18709.240186405477,3.983827493261455,0.6819407008086253,0.0080862533692722,71115.5,56166.0,14949.5,0.5112826105192517,emerging growth corridor
403021058,Edwardstown,1116.0,138.0,0.0831099195710455,0.1112903225806451,53409.068100358425,18836.638587400423,8.08695652173913,0.5579710144927537,0.0434782608695652,66770.0,57862.0,8908.0,0.4954460660594755,lower digital concentration
403021059,Hallett Cove,790.0,84.0,0.079588958291356,0.1263157894736842,51965.99746835443,9978.16173391961,9.404761904761903,0.6666666666666666,0.0,73384.0,54712.0,18672.0,0.5000653851183471,lower digital concentration
403021060,Marino - Seaview Downs,625.0,100.0,0.083012352238013,0.151285930408472,59375.0368,20064.62280079692,6.25,0.63,0.0,70482.0,54728.5,15753.5,0.4979166666666667,digitally specialised
403021061,Mitchell Park,1032.0,128.0,0.0705158865732832,0.130346232179226,53288.8367248062,20847.68165135215,8.0625,0.6484375,0.0234375,63793.5,53847.0,9946.5,0.4985331310065756,emerging growth corridor
403021062,Morphettville,1122.0,109.0,0.0806729939603106,0.119648737650933,55284.80392156863,17684.72727503426,10.293577981651376,0.6055045871559633,0.0,71016.0,57067.0,13949.0,0.5142451586738315,large-employer / job-heavy hub
403021063,Sheidow Park - Trott Park,590.0,49.0,0.0726243229935992,0.1027253668763102,57618.68305084746,14114.65615522954,12.040816326530612,0.5918367346938775,0.0,73943.0,55787.0,18156.0,0.4977784830212631,lower digital concentration
403021064,Warradale,982.0,95.0,0.073497492702642,0.1199494949494949,52226.17362525458,14266.074680564816,10.336842105263155,0.7157894736842105,0.0,69088.5,58423.0,10665.5,0.5276424486337641,large-employer / job-heavy hub
403031066,Bellevue Heights,509.0,82.0,0.0813358900607222,0.1715481171548117,53708.00392927309,22600.65949015516,6.2073170731707314,0.6951219512195121,0.0,64077.0,48812.5,15264.5,0.5076370170709793,digitally specialised
403031067,Blackwood,1074.0,178.0,0.1096813725490196,0.200902934537246,70066.00791433892,22959.213745629764,6.033707865168539,0.6460674157303371,0.0,82904.0,59845.0,23059.0,0.5036026762738034,high-income specialist
403031068,Colonel Light Gardens,1355.0,208.0,0.1039190121941866,0.1484653818700927,62575.29151291513,21586.706997231413,6.514423076923077,0.6201923076923077,0.0,76163.0,57916.0,18247.0,0.5084956485702445,emerging growth corridor
403031069,Mitcham (SA),1503.0,319.0,0.1204230430253986,0.2122421823020625,60921.834331337326,21369.720398158897,4.7115987460815045,0.677115987460815,0.0,78471.0,56278.0,22193.0,0.5140275296837239,small-business / consultant-heavy
403031070,Panorama,566.0,99.0,0.0840261282660332,0.1428571428571428,49218.20848056537,12226.903700280338,5.717171717171717,0.6262626262626263,0.0303030303030303,66279.0,54357.0,11922.0,0.49580004097521,lower digital concentration
403041071,Aberfoyle Park,684.0,79.0,0.0756720876203119,0.1395759717314487,57411.88596491228,16432.68068777986,8.658227848101266,0.7215189873417721,0.0,71596.5,53995.0,17601.5,0.4979169659531676,lower digital concentration
403041072,Aldinga,630.0,110.0,0.0555751587861679,0.1323706377858002,38478.26666666667,5749.542425311694,5.7272727272727275,0.6363636363636364,0.0,62046.0,44447.0,17599.0,0.5060268364794178,lower digital concentration
403041077,Flagstaff Hill,671.0,97.0,0.0799856955537012,0.152276295133438,54878.72578241431,13122.299033099727,6.917525773195877,0.6494845360824743,0.0,74751.5,55652.5,19099.0,0.4971724787935909,digitally specialised
403041080,Happy Valley,756.0,67.0,0.0739581295245548,0.1063492063492063,53698.002645502645,12136.828364540015,11.28358208955224,0.6567164179104478,0.0,70000.0,53554.0,16446.0,0.5009435149075355,lower digital concentration
403041084,Morphett Vale - East,554.0,65.0,0.0552067762830094,0.1009316770186335,44651.05776173285,7968.815708917704,8.523076923076923,0.4615384615384615,0.0461538461538461,61187.5,49187.0,12000.5,0.4817215452424164,lower digital concentration
403041089,Woodcroft,519.0,41.0,0.0601042269832078,0.0893246187363834,45915.901734104045,4881.34846253485,12.658536585365852,0.8048780487804879,0.0,70184.0,52100.0,18084.0,0.5026209375468025,lower digital concentration
403041177,Seaford - Seaford Meadows,639.0,54.0,0.0599831033511686,0.0773638968481375,49722.765258215964,11972.867482941394,11.833333333333334,0.7962962962962963,0.0,68595.0,49945.5,18649.5,0.5044554455445543,lower digital concentration
404011090,Beverley,631.0,72.0,0.0779397233201581,0.081081081081081,51741.47622820919,14492.168483643974,8.76388888888889,0.5555555555555556,0.0,68931.0,56872.0,12059.0,0.4921157511696413,lower digital concentration
404011091,Flinders Park,1062.0,140.0,0.0769788344447666,0.1058201058201058,50441.77589453861,13800.147161572531,7.585714285714285,0.6214285714285714,0.0214285714285714,65685.5,54608.0,11077.5,0.49416924150304,emerging growth corridor
404011092,Henley Beach,1151.0,165.0,0.0937678207739307,0.1270207852193995,55541.17723718505,16147.954222928434,6.975757575757576,0.6181818181818182,0.0,72760.0,56064.0,16696.0,0.5045664553561835,lower digital concentration
404011093,Hindmarsh - Brompton,1680.0,231.0,0.099009900990099,0.1198132780082987,54890.48363095238,16951.521172206507,7.272727272727272,0.5714285714285714,0.0346320346320346,67672.0,58859.0,8813.0,0.4937965260545905,emerging growth corridor
404011095,Seaton - Grange,1044.0,124.0,0.0785375761679079,0.1155638397017707,51643.96934865901,13514.370311571816,8.419354838709678,0.6854838709677419,0.0,69488.0,55062.0,14426.0,0.4955465587044534,lower digital concentration
404011096,West Lakes,863.0,147.0,0.0829488658208381,0.1396011396011396,55696.96292004635,13861.044331042123,5.870748299319728,0.7210884353741497,0.0,73179.5,54883.0,18296.5,0.4985786676554196,lower digital concentration
404011097,Woodville - Cheltenham,1217.0,136.0,0.0734637208740794,0.083640836408364,46034.99753492194,11244.837176356205,8.948529411764707,0.6985294117647058,0.0220588235294117,62560.5,53028.0,9532.5,0.487447346251053,emerging growth corridor
404021099,Largs Bay - Semaphore,844.0,114.0,0.0698502027642141,0.1435768261964735,55671.24644549763,12330.45400984423,7.403508771929824,0.6666666666666666,0.0263157894736842,75120.5,58115.0,17005.5,0.5047144250568982,lower digital concentration
404021100,North Haven,684.0,61.0,0.0622270742358078,0.1161904761904761,46555.5,4804.0065957059705,11.21311475409836,0.5409836065573771,0.0,71883.0,53402.0,18481.0,0.4902500299078837,lower digital concentration
404021101,Port Adelaide,588.0,99.0,0.0600612870275791,0.0877659574468085,47154.166666666664,11172.809159005788,5.9393939393939394,0.494949494949495,0.0404040404040404,63049.0,52548.5,10500.5,0.479005757618312,lower digital concentration
404021102,The Parks,1055.0,133.0,0.0642470007916692,0.057700650759219,41905.68625592417,14223.327294837756,7.932330827067669,0.5864661654135338,0.0300751879699248,54605.0,46480.0,8125.0,0.4708083181066736,emerging growth corridor
404031106,Lockleys,967.0,133.0,0.0836649939435888,0.1222426470588235,51756.43019648397,15948.83498104877,7.2706766917293235,0.6917293233082706,0.0,66146.0,55468.0,10678.0,0.4945691527878349,lower digital concentration
404031107,Plympton,2040.0,252.0,0.0809491686837824,0.1020242914979757,53067.72794117647,20002.501263663675,8.095238095238095,0.6428571428571429,0.0357142857142857,65344.0,56834.5,8509.5,0.4958682564042025,emerging growth corridor
404031108,Richmond (SA),1465.0,303.0,0.0883701290867414,0.1155165840640488,49140.1890784983,17299.467519806054,4.8349834983498345,0.5214521452145214,0.0396039603960396,62223.0,55496.0,6727.0,0.4887111111111111,emerging growth corridor
406011136,Whyalla,526.0,43.0,0.0355477461647631,0.0654490106544901,48594.0,3202.1254646212037,12.232558139534884,0.5116279069767442,0.0697674418604651,87985.0,47254.0,40731.0,0.4574660633484163,lower digital concentration
407011148,Victor Harbor,377.0,125.0,0.0459980478282088,0.1199616122840691,32649.370026525197,4319.135094851212,3.016,0.664,0.024,48921.0,38556.0,10365.0,0.5046371264537023,lower digital concentration
501011003,Busselton Surrounds,741.0,221.0,0.0689302325581395,0.1138588356517259,35572.53036437247,6360.276876000375,3.3529411764705883,0.579185520361991,0.0135746606334841,64213.0,39059.0,25154.0,0.4864667154352597,emerging growth corridor
501011004,Margaret River,614.0,175.0,0.0552009349995504,0.1327769347496206,27153.5993485342,3667.8737349407456,3.5085714285714285,0.68,0.0171428571428571,53485.0,37598.5,15886.5,0.4756749872643912,emerging growth corridor
501011294,Busselton - West,849.0,135.0,0.0524203507038775,0.094604064470918,23074.38457008245,-8130.962521792088,6.288888888888889,0.6444444444444445,0.0222222222222222,67680.0,42809.5,24870.5,0.4984995284232187,lower digital concentration
501021005,Australind - Leschenault,700.0,78.0,0.0422169953561305,0.0966542750929368,42031.33571428571,-3218.338762525098,8.974358974358974,0.5256410256410257,0.0,99629.5,46231.0,53398.5,0.4715265724440036,lower digital concentration
501021253,South Bunbury - Bunbury,646.0,212.0,0.0615707205489897,0.1265671641791045,40692.410216718265,2201.0755331498294,3.047169811320755,0.4764150943396226,0.0330188679245283,79005.0,49524.5,29480.5,0.4862516212710765,lower digital concentration
502011024,Halls Head - Erskine,850.0,139.0,0.058195262221005,0.1331417624521073,43077.940588235295,-1061.178951679809,6.115107913669065,0.6187050359712231,0.0,95412.0,45072.5,50339.5,0.4828851977608516,lower digital concentration
502011025,Mandurah,410.0,101.0,0.0544199628351473,0.1002979145978153,34438.829268292684,3252.5622786457498,4.0594059405940595,0.4554455445544554,0.0495049504950495,64251.0,43631.0,20620.0,0.4754994346023369,lower digital concentration
502011027,Mandurah - North,1001.0,84.0,0.0540467577344635,0.0962199312714776,39693.856643356645,-4826.260574936103,11.916666666666666,0.6309523809523809,0.0,99074.0,48659.5,50414.5,0.4808041112454655,large-employer / job-heavy hub
503011030,City Beach,773.0,203.0,0.1484540042250816,0.1968962172647914,52449.51099611902,9286.687201227527,3.8078817733990142,0.6748768472906403,0.0147783251231527,95805.0,51011.5,44793.5,0.476976114257572,small-business / consultant-heavy
503011031,Claremont (WA),1016.0,261.0,0.1398870989949056,0.1752854264607118,60902.370078740154,20449.02008562436,3.89272030651341,0.6551724137931034,0.0,86811.5,57705.0,29106.5,0.5114376046122373,digitally specialised
503011032,Cottesloe,900.0,285.0,0.1407349491790461,0.1842275371687136,58514.013333333336,13503.05844670316,3.1578947368421053,0.6771929824561403,0.0105263157894736,99999.0,56128.0,43871.0,0.4922290388548057,small-business / consultant-heavy
503011033,Floreat,969.0,241.0,0.1391441700172314,0.2552966101694915,69927.66460268317,19127.14974053498,4.020746887966805,0.5933609958506224,0.0124481327800829,108079.0,60855.5,47223.5,0.4935766151554645,high-income specialist
503011034,Mosman Park - Peppermint Grove,1160.0,316.0,0.1236673773987206,0.2423312883435582,62236.11896551724,26400.55249430189,3.670886075949367,0.6518987341772152,0.0,82542.0,51017.0,31525.0,0.5033799008562415,small-business / consultant-heavy
503011035,Nedlands - Dalkeith - Crawley,2045.0,668.0,0.137036788849427,0.1883812746756909,51205.808312958434,14710.349725543034,3.061377245508982,0.5793413173652695,0.0149700598802395,75700.5,46780.0,28920.5,0.4844613572528767,major digital hub
503011036,Swanbourne - Mount Claremont,1023.0,265.0,0.1391268869849041,0.2740434332988624,62441.64418377321,11547.26937077172,3.860377358490566,0.660377358490566,0.0113207547169811,110505.5,57504.0,53001.5,0.4840764331210191,small-business / consultant-heavy
503021038,Mount Hawthorn - Leederville,1545.0,409.0,0.1395159833845042,0.2394613583138173,71340.18964401295,19465.676685732295,3.7775061124694376,0.5427872860635696,0.0342298288508557,100722.5,69058.5,31664.0,0.5014988758431176,high-income specialist
503021039,Mount Lawley - Inglewood,2181.0,422.0,0.1342732253893985,0.2209424083769633,67429.85006877579,23269.635822638993,5.168246445497631,0.6184834123222749,0.0094786729857819,86696.5,62740.5,23956.0,0.4993957182320442,major digital hub
503021040,North Perth,1239.0,285.0,0.1260427263479145,0.2332242225859247,68665.87288135593,25210.379442902216,4.347368421052631,0.5929824561403508,0.0,76976.0,61998.0,14978.0,0.4740484429065744,digitally specialised
503021042,Subiaco - Shenton Park,2380.0,1138.0,0.1531432983720481,0.2329580348004094,66934.73382352942,20056.463892379557,2.0913884007029875,0.5017574692442882,0.0421792618629174,94919.0,65676.0,29243.0,0.5028045574057844,major digital hub
503021043,Wembley - West Leederville - Glendalough,2140.0,494.0,0.1035868144634299,0.1993543179983858,65355.45,29622.48707827097,4.331983805668016,0.5404858299595142,0.0425101214574898,80553.0,61964.0,18589.0,0.498892876231198,major digital hub
503021295,East Perth,1809.0,369.0,0.1159764072316963,0.2044321329639889,59921.46793808734,25185.962584836925,4.902439024390244,0.5392953929539296,0.035230352303523,78783.0,58895.0,19888.0,0.457953603976802,major digital hub
503021296,Perth (North) - Highgate,1863.0,500.0,0.1021997915409512,0.2243158366980709,53079.17659688674,26729.383547350288,3.726,0.478,0.032,67500.0,55604.5,11895.5,0.4503938484621155,major digital hub
503021297,Perth (West) - Northbridge,2471.0,2446.0,0.1122314575101058,0.2348535765722515,55417.91218130312,27998.21274450428,1.0102207686017988,0.4174161896974652,0.0809484873262469,64846.0,48296.0,16550.0,0.4095602294455067,major digital hub
504011044,Bassendean - Eden Hill - Ashfield,1280.0,205.0,0.093084139335321,0.1695616211745244,57072.9671875,14151.832397302926,6.2439024390243905,0.624390243902439,0.0292682926829268,83194.5,58054.0,25140.5,0.4895958383353341,digitally specialised
504011045,Bayswater - Embleton - Bedford,2354.0,370.0,0.1032954495589977,0.1532725766362883,65624.7145284622,21448.76123959476,6.3621621621621625,0.5891891891891892,0.027027027027027,84082.0,61222.5,22859.5,0.4866454300416564,major digital hub
504011046,Maylands,1679.0,215.0,0.10666412553205,0.2061361457334611,59028.93269803454,23611.78521693423,7.809302325581395,0.6604651162790698,0.013953488372093,76438.0,60726.0,15712.0,0.4883239728052024,small-business / consultant-heavy
504011047,Morley,1687.0,236.0,0.0795454545454545,0.1159135559921414,50990.67783046829,17322.300048499223,7.148305084745763,0.538135593220339,0.0338983050847457,68817.0,51818.0,16999.0,0.4716508795669824,emerging growth corridor
504011048,Noranda,563.0,74.0,0.0885359333228495,0.1278065630397236,58530.83481349911,19398.707041836897,7.608108108108108,0.7027027027027027,0.0,71138.0,50233.0,20905.0,0.4814661420583971,lower digital concentration
504021050,Glen Forrest - Darlington,574.0,150.0,0.1017369727047146,0.2329192546583851,58563.898083623695,9910.863521411717,3.826666666666666,0.6,0.0,95000.0,52340.0,42660.0,0.485950044603033,digitally specialised
504021053,Mundaring,749.0,145.0,0.0719500480307396,0.145582329317269,49876.88785046729,1840.032374962968,5.165517241379311,0.6068965517241379,0.0206896551724137,93301.5,48470.0,44831.5,0.4756082798692652,lower digital concentration
504021054,Swan View - Greenmount - Midvale,693.0,110.0,0.0625112754825906,0.1156677181913775,46093.73737373737,5897.031257915616,6.3,0.5727272727272728,0.0272727272727272,78939.0,52573.5,26365.5,0.4685436651301857,lower digital concentration
504031056,Ballajura,1071.0,117.0,0.0684126477163845,0.1056910569105691,49658.33426704015,11685.725292271702,9.153846153846152,0.6068376068376068,0.0,69986.0,49467.0,20519.0,0.4660878535201582,lower digital concentration
504031057,Beechboro,1255.0,122.0,0.0634286869503689,0.0853146853146853,48709.68924302789,12532.490845170818,10.28688524590164,0.7131147540983607,0.0,71810.0,49207.5,22602.5,0.4637855425095487,large-employer / job-heavy hub
504031062,Lockridge - Kiara,798.0,58.0,0.0707823310271421,0.0802213001383125,45031.954887218046,4796.171757893935,13.758620689655173,0.6206896551724138,0.0,76763.0,53805.0,22958.0,0.4668231805263808,large-employer / job-heavy hub
504031063,Malaga,14.0,170.0,0.0818713450292397,0.0856854838709677,12291.714285714286,-25568.896825396823,0.0823529411764705,0.3352941176470588,0.0941176470588235,54657.5,46769.0,7888.5,0.3108108108108108,lower digital concentration
504031066,Midland - Guildford,630.0,118.0,0.0604896783485357,0.1039647577092511,44953.305555555555,9990.905267509464,5.338983050847458,0.4491525423728814,0.0254237288135593,73236.5,54116.0,19120.5,0.4600028518465706,lower digital concentration
504031068,The Vines,839.0,111.0,0.0727856337295046,0.1121212121212121,43626.265196662695,-107.56147116067586,7.558558558558558,0.6396396396396397,0.027027027027027,90193.0,54123.0,36070.0,0.4836891340849125,emerging growth corridor
504031298,Aveley,1027.0,97.0,0.0642879499217527,0.1241997439180537,47673.592989289195,5627.603317927693,10.58762886597938,0.6494845360824743,0.0309278350515463,90246.5,54297.0,35949.5,0.4920058139534883,large-employer / job-heavy hub
504031299,Brabham - Henley Brook,860.0,59.0,0.0663785118863846,0.0693301997649823,50496.50581395349,12241.498558627767,14.576271186440678,0.6440677966101694,0.0,84410.0,52612.0,31798.0,0.4702244617498854,large-employer / job-heavy hub
504031300,Ellenbrook,987.0,91.0,0.0581169404698816,0.0916414904330312,40205.51671732523,1464.1600076743998,10.846153846153848,0.6593406593406593,0.0329670329670329,80439.0,50743.0,29696.0,0.4771517864684517,large-employer / job-heavy hub
505011070,Craigie - Beldon,766.0,77.0,0.0831614374117902,0.1216429699842022,54295.03133159269,11238.52731465642,9.948051948051948,0.6363636363636364,0.0,85080.0,53741.0,31339.0,0.4841549295774648,large-employer / job-heavy hub
505011071,Currambine - Kinross,1087.0,141.0,0.0873864458557761,0.1577181208053691,55236.14489420423,10905.78879644718,7.709219858156028,0.6382978723404256,0.0,86888.5,53239.0,33649.5,0.4825688073394495,digitally specialised
505011072,Duncraig,1517.0,271.0,0.1216129549462882,0.2234130255564715,63390.74752801582,15114.96129264625,5.597785977859779,0.6199261992619927,0.0,100000.0,55496.0,44504.0,0.4862079733527636,digitally specialised
505011073,Greenwood - Warwick,1091.0,148.0,0.096488900680994,0.1596548004314994,57306.10082493126,12541.53069138567,7.371621621621622,0.6621621621621622,0.0,85052.0,53988.5,31063.5,0.4857609710550887,digitally specialised
505011074,Heathridge - Connolly,766.0,96.0,0.0840188658549961,0.1395348837209302,57485.20104438642,13476.43582556444,7.979166666666667,0.5208333333333334,0.0,84077.0,51830.0,32247.0,0.4759636206149848,lower digital concentration
505011075,Hillarys,999.0,206.0,0.1113960749330954,0.1729638958858102,58811.280780780784,11911.871882475702,4.849514563106796,0.6941747572815534,0.0,92730.0,53204.5,39525.5,0.4877349017357624,digitally specialised
505011076,Iluka - Burns Beach,918.0,186.0,0.1082419525999292,0.2116040955631399,65739.88888888889,15325.94088747396,4.935483870967742,0.553763440860215,0.0161290322580645,103916.0,53477.0,50439.0,0.4884953072963972,emerging growth corridor
505011077,Joondalup - Edgewater,1061.0,204.0,0.0829230168034388,0.1363636363636363,49596.47690857681,10679.440449022302,5.200980392156863,0.5147058823529411,0.0147058823529411,76893.0,52664.0,24229.0,0.4768327169893409,lower digital concentration
505011078,Kingsley,959.0,160.0,0.0964788732394366,0.1911589008363202,58662.21897810219,11489.210326190718,5.99375,0.61875,0.0,89714.0,53619.5,36094.5,0.4974776872332169,digitally specialised
505011079,Mullaloo - Kallaroo,948.0,193.0,0.0973106138369944,0.1910891089108911,58398.417721518985,12691.615165575648,4.9119170984455955,0.6476683937823834,0.0155440414507772,91497.0,53891.0,37606.0,0.4891969017529555,small-business / consultant-heavy
505011080,Ocean Reef,661.0,127.0,0.0983923786841321,0.1713900134952766,54112.42360060514,9531.423079616754,5.2047244094488185,0.5118110236220472,0.0236220472440944,88175.0,51841.0,36334.0,0.486183574879227,digitally specialised
505011081,Padbury,670.0,76.0,0.0945526390064916,0.1484375,58107.09776119403,10136.112014651551,8.81578947368421,0.6842105263157895,0.0,91022.0,55792.0,35230.0,0.4822787159027649,lower digital concentration
505011082,Sorrento - Marmion,906.0,232.0,0.1187729417933927,0.2058562555456965,61029.66887417219,12285.412188278113,3.905172413793104,0.6508620689655172,0.0,97604.0,53338.0,44266.0,0.4923202614379085,small-business / consultant-heavy
505011083,Woodvale,785.0,94.0,0.0970333745364647,0.1546052631578947,65491.267515923566,17047.041434341365,8.351063829787234,0.5531914893617021,0.0,92908.5,53937.5,38971.0,0.4917715392061955,digitally specialised
505021084,Balcatta - Hamersley,1277.0,284.0,0.0904903628117913,0.1254416961130742,58772.53563038371,20257.196769839495,4.496478873239437,0.4929577464788732,0.0633802816901408,77882.0,54330.0,23552.0,0.4888867033831628,lower digital concentration
505021085,Balga - Mirrabooka,1129.0,68.0,0.0569942955222373,0.0482269503546099,35259.959255978734,10329.711893668677,16.602941176470587,0.8088235294117647,0.0441176470588235,58772.0,44986.5,13785.5,0.4461753080678912,large-employer / job-heavy hub
505021088,Innaloo - Doubleview,1992.0,268.0,0.1113346747149564,0.1991084695393759,63147.48293172691,18506.211609348196,7.432835820895522,0.6455223880597015,0.0,94033.0,64005.0,30028.0,0.5001573811772112,small-business / consultant-heavy
505021089,Karrinyup - Gwelup - Carine,2143.0,403.0,0.125109463482982,0.2266591676040495,63849.318712085864,14695.485913907338,5.317617866004963,0.6054590570719603,0.009925558312655,100992.0,57590.0,43402.0,0.4886780905752754,major digital hub
505021090,Nollamara - Westminster,1593.0,115.0,0.0761727155357911,0.0702075702075702,45930.180790960454,16382.993276017594,13.852173913043478,0.7130434782608696,0.0,65452.0,53740.5,11711.5,0.47949434073203,large-employer / job-heavy hub
505021091,Osborne Park Industrial,50.0,371.0,0.1160092807424593,0.1543903454015813,41901.6,167.49095127610053,0.1347708894878706,0.431266846361186,0.0808625336927223,76387.0,61719.0,14668.0,0.3860759493670886,digitally specialised
505021092,Scarborough,2040.0,330.0,0.1047496790757381,0.2165354330708661,56537.00343137255,14221.387539203097,6.181818181818182,0.6393939393939394,0.0212121212121212,94730.0,61888.0,32842.0,0.4953193416880567,major digital hub
505021093,Stirling - Osborne Park,1404.0,312.0,0.0995744680851063,0.1375055090348171,56616.307692307695,19548.927727768685,4.5,0.5064102564102564,0.0384615384615384,75893.0,56445.0,19448.0,0.4851738241308793,digitally specialised
505021094,Trigg - North Beach - Watermans Bay,745.0,199.0,0.1173043615178712,0.2121535181236673,53055.44832214765,8137.234891191896,3.743718592964824,0.5829145728643216,0.0,93807.0,55879.0,37928.0,0.4928042763157895,digitally specialised
505021095,Tuart Hill - Joondanna,1379.0,139.0,0.0970853280765981,0.1341698841698841,57856.502538071065,22276.655171132177,9.920863309352518,0.6762589928057554,0.0,75121.5,62550.0,12571.5,0.5031162690737159,large-employer / job-heavy hub
505021096,Wembley Downs - Churchlands - Woodlands,1598.0,339.0,0.1325261237352794,0.2487160674981658,60506.914893617024,13685.334407632618,4.713864306784661,0.6784660766961652,0.0,93966.0,57183.0,36783.0,0.4987280168122995,small-business / consultant-heavy
505021097,Yokine - Coolbinia - Menora,1647.0,271.0,0.1031825585766194,0.178172255095332,58600.76836672738,21693.452992714097,6.077490774907749,0.6199261992619927,0.011070110701107,77424.0,57910.0,19514.0,0.4981067435989902,emerging growth corridor
505021301,Dianella - North,894.0,152.0,0.0938090241343126,0.1224818694601128,50468.06711409396,12449.79948555251,5.881578947368421,0.5986842105263158,0.0,72375.0,50636.0,21739.0,0.490017898939832,lower digital concentration
505021302,Dianella - South,1181.0,136.0,0.106100080855269,0.1322957198443579,57994.360711261645,18981.901408413745,8.683823529411764,0.6617647058823529,0.0,73707.5,57500.0,16207.5,0.4843788742871311,digitally specialised
505031098,Alexander Heights - Koondoola,590.0,60.0,0.0635433494884221,0.0817438692098092,46939.972881355934,13583.62183127516,9.833333333333334,0.6,0.0,62244.0,45705.5,16538.5,0.4592688543465745,lower digital concentration
505031099,Butler - Merriwa - Ridgewood,1222.0,101.0,0.0606150793650793,0.1038026721479958,41240.10924713584,3814.606469358063,12.0990099009901,0.6633663366336634,0.0297029702970297,77951.0,47842.0,30109.0,0.4868393345967572,large-employer / job-heavy hub
505031100,Carramar,1258.0,126.0,0.0706820991122598,0.1152790484903934,45873.600953895075,5149.750858378728,9.984126984126984,0.626984126984127,0.0,83632.0,51013.0,32619.0,0.4899207781002431,large-employer / job-heavy hub
505031101,Clarkson,884.0,79.0,0.0696391996218686,0.100126742712294,48021.205882352944,9650.192017534922,11.189873417721518,0.6455696202531646,0.0,77886.5,51087.0,26799.5,0.4784815713970426,large-employer / job-heavy hub
505031104,Marangaroo,520.0,53.0,0.0619563922316215,0.0985130111524163,45211.18653846154,9433.798774849003,9.81132075471698,0.7358490566037735,0.0,68099.0,47330.0,20769.0,0.4670861568247821,lower digital concentration
505031105,Mindarie - Quinns Rocks - Jindalee,1511.0,248.0,0.0794009458749343,0.1527093596059113,52936.56254136334,8177.53088082734,6.092741935483871,0.6330645161290323,0.0,92054.5,51113.0,40941.5,0.484863179771389,emerging growth corridor
505031107,Tapping - Ashby - Sinagra,872.0,98.0,0.0768688293370945,0.1102362204724409,55144.20527522936,11752.585035455028,8.89795918367347,0.6836734693877551,0.0,85270.0,51395.5,33874.5,0.484976031801707,lower digital concentration
505031255,Alkimos - Eglinton,1043.0,68.0,0.0697845577412016,0.1033434650455927,46556.30057526366,3594.4070586036833,15.338235294117649,0.6323529411764706,0.0,92492.5,52319.0,40173.5,0.4936097699517182,large-employer / job-heavy hub
505031258,Yanchep,549.0,48.0,0.0583794130157379,0.0932038834951456,44395.04098360656,2076.0555518753827,11.4375,0.5208333333333334,0.0,91123.5,48614.0,42509.5,0.4785294117647058,lower digital concentration
505031303,Hocking - Pearsall,924.0,127.0,0.0808116144831205,0.1131907308377896,52181.84090909091,8610.050940575959,7.275590551181103,0.6220472440944882,0.0236220472440944,87019.0,53145.0,33874.0,0.4940859585431549,lower digital concentration
505031304,Landsdale,1155.0,116.0,0.0839816767250781,0.1091251175917215,53072.80952380953,8941.606695335737,9.95689655172414,0.5603448275862069,0.0,85402.0,52628.0,32774.0,0.4827451744979528,large-employer / job-heavy hub
505031305,Madeley - Darch,1069.0,310.0,0.0895985248512278,0.1029558286283626,60405.87184284378,17023.727722485048,3.4483870967741934,0.4451612903225806,0.0483870967741935,82662.5,52579.0,30083.5,0.4882842865074958,lower digital concentration
505031306,Wanneroo - Sinagra,888.0,119.0,0.0736746038330706,0.1151984511132623,48093.05743243243,8988.999023737502,7.46218487394958,0.6470588235294118,0.0,79026.0,50713.0,28313.0,0.4777765275120963,lower digital concentration
506011110,Armadale - Wungong - Brookdale,1031.0,75.0,0.0502951363481145,0.077720207253886,37040.87148399612,4278.463025046902,13.746666666666666,0.72,0.04,71232.5,47479.0,23753.5,0.4668498300918227,large-employer / job-heavy hub
506011114,Kelmscott,553.0,62.0,0.0648604269293924,0.0784810126582278,45722.65099457504,8004.632111159612,8.919354838709678,0.532258064516129,0.0,71811.0,49570.0,22241.0,0.4522231204527082,lower digital concentration
506011117,Seville Grove,557.0,34.0,0.0558004407934281,0.0781609195402298,35863.269299820466,-1156.4854587449518,16.38235294117647,0.6470588235294118,0.0,77691.0,47356.0,30335.0,0.4596531460513114,lower digital concentration
506011307,Harrisdale,939.0,100.0,0.0839142091152815,0.1145475372279496,61394.42492012779,17617.49221235299,9.39,0.67,0.0,91640.0,56291.0,35349.0,0.4743702218323098,lower digital concentration
506011308,Piara Waters - Forrestdale,1323.0,145.0,0.0816868362558656,0.0981719702098849,57994.4693877551,13658.81200321571,9.124137931034484,0.6689655172413793,0.0206896551724137,92870.0,57497.0,35373.0,0.4815948238174346,lower digital concentration
506021118,Belmont - Ascot - Redcliffe,1179.0,234.0,0.0759909764743796,0.1294964028776978,52147.49957591179,15974.037249131252,5.038461538461538,0.5128205128205128,0.0512820512820512,74169.0,56918.0,17251.0,0.4498369460962977,emerging growth corridor
506021119,East Victoria Park - Carlisle,1936.0,232.0,0.1059834674549734,0.1408621736490589,60563.76756198347,20366.77963293108,8.344827586206897,0.5818965517241379,0.0,81354.0,60899.0,20455.0,0.4757098309535532,digitally specialised
506021123,Victoria Park - Lathlain - Burswood,1958.0,397.0,0.1080573951434878,0.1930933852140078,58698.69662921348,21383.354879765357,4.93198992443325,0.5037783375314862,0.0377833753148614,79229.0,59813.0,19416.0,0.4724735729386892,major digital hub
506021309,Cloverdale,676.0,56.0,0.0679806918744971,0.0866873065015479,39351.96819526627,6886.740218596922,12.071428571428571,0.625,0.0535714285714285,70953.5,53978.5,16975.0,0.4456724782067248,lower digital concentration
506021310,Kewdale,582.0,58.0,0.0786380218889339,0.117408906882591,48908.047250859105,15536.68790752712,10.03448275862069,0.6206896551724138,0.0,71637.0,51983.0,19654.0,0.4442431561996779,lower digital concentration
506021311,Rivervale,1253.0,167.0,0.0949746077465322,0.1440897325280414,56173.946528332,19587.65546488927,7.502994011976048,0.6167664670658682,0.0479041916167664,77679.0,59158.5,18520.5,0.4467960023515579,lower digital concentration
506031124,Bentley - Wilson - St James,2034.0,230.0,0.0799842705465985,0.1260273972602739,41484.7866273353,18463.42223488544,8.843478260869565,0.6826086956521739,0.0478260869565217,57410.0,47111.0,10299.0,0.4396103896103896,emerging growth corridor
506031125,Canning Vale - West,850.0,120.0,0.0942245870746037,0.1408450704225352,49186.28764705882,8026.2135976186255,7.083333333333333,0.6333333333333333,0.0,81641.5,52337.0,29304.5,0.4899880454273759,lower digital concentration
506031126,Canning Vale Commercial,13.0,108.0,0.2096774193548387,0.0997229916897507,43200.0,11673.459677419356,0.1203703703703703,0.3333333333333333,0.1111111111111111,45023.0,22317.5,22705.5,0.1206896551724138,digitally specialised
506031127,Cannington - Queens Park,1660.0,139.0,0.0716660190821568,0.0554226475279106,44250.13192771084,17659.663745696424,11.942446043165468,0.6690647482014388,0.0215827338129496,61027.0,48896.0,12131.0,0.4463795297742648,large-employer / job-heavy hub
506031128,Parkwood - Ferndale - Lynwood,1017.0,99.0,0.0834769761142575,0.125,52150.51966568338,14064.677426497628,10.272727272727272,0.6262626262626263,0.0,71779.5,50974.5,20805.0,0.4636106395019808,large-employer / job-heavy hub
506031129,Riverton - Shelley - Rossmoyne,1326.0,229.0,0.1146265560165975,0.1848264729620662,58022.03092006033,18009.09635920279,5.790393013100437,0.5895196506550219,0.0,80738.0,51127.0,29611.0,0.4838859802210588,digitally specialised
506031130,Welshpool,11.0,109.0,0.0827067669172932,0.0818318318318318,49884.0,-4216.285714285717,0.1009174311926605,0.3577981651376147,0.146788990825688,64089.0,49463.0,14626.0,0.2777777777777778,lower digital concentration
506031131,Willetton,1731.0,226.0,0.108513039117352,0.1445012787723785,60674.871750433274,20460.9226531414,7.65929203539823,0.5575221238938053,0.0221238938053097,80623.0,49628.0,30995.0,0.4840186519711742,digitally specialised
506041132,Beckenham - Kenwick - Langford,1243.0,118.0,0.0626954504186421,0.0669313669880884,39103.62952534192,9762.570764119278,10.533898305084746,0.6610169491525424,0.0254237288135593,63514.0,47961.0,15553.0,0.4329487563679952,large-employer / job-heavy hub
506041133,Canning Vale - East,1812.0,239.0,0.087439077353665,0.121504829689883,58980.18543046358,18504.55912153147,7.581589958158996,0.5690376569037657,0.0,77924.0,53282.0,24642.0,0.4727744165946413,emerging growth corridor
506041134,Gosnells,1028.0,80.0,0.0597257727167092,0.0762631077216396,30766.513618677043,-1319.152805910453,12.85,0.5625,0.0,66657.0,46213.0,20444.0,0.4390608147349207,large-employer / job-heavy hub
506041135,Huntingdale - Southern River,1429.0,132.0,0.0726339331096879,0.0962099125364431,50024.65500349895,9242.076168488276,10.825757575757576,0.6363636363636364,0.0,80680.0,52419.0,28261.0,0.4702277317361933,large-employer / job-heavy hub
506041136,Maddington - Orange Grove - Martin,822.0,109.0,0.0616238098808006,0.0622501427755568,41306.87773722628,9800.309928544968,7.541284403669724,0.4495412844036697,0.0275229357798165,65377.0,47239.0,18138.0,0.428647440672555,lower digital concentration
506041137,Thornlie,1371.0,113.0,0.0688633281430508,0.0850263355906696,47759.33770970095,11844.328442535349,12.132743362831858,0.6017699115044248,0.0,70781.5,48640.0,22141.5,0.4543753897318645,large-employer / job-heavy hub
506051138,Forrestfield - Wattle Grove,1180.0,148.0,0.0672402985925123,0.1060931899641577,51130.3,9154.435392330051,7.972972972972973,0.6891891891891891,0.0202702702702702,82154.0,53347.0,28807.0,0.4628157708349728,lower digital concentration
506051139,High Wycombe,659.0,59.0,0.0612396617414738,0.0844062947067239,50852.861911987864,6999.652823613178,11.169491525423728,0.6779661016949152,0.0,85792.0,52805.0,32987.0,0.4648655504819888,lower digital concentration
506051140,Kalamunda - Maida Vale - Gooseberry Hill,961.0,256.0,0.084438977242773,0.1943811693242217,56741.32986472425,8728.562533206808,3.75390625,0.6015625,0.0,91999.0,52726.0,39273.0,0.4822989020838001,digitally specialised
506051141,Lesmurdie - Bickley - Carmel,756.0,163.0,0.0863407948835084,0.1571841851494696,49843.607142857145,5179.363938197486,4.638036809815951,0.6441717791411042,0.0184049079754601,85435.0,48856.0,36579.0,0.4844089920232052,digitally specialised
506061142,Byford,993.0,94.0,0.0525897680330473,0.0837789661319073,41308.53625377644,-2258.909514680294,10.563829787234043,0.6808510638297872,0.0319148936170212,93504.0,51344.0,42160.0,0.4765145350987499,large-employer / job-heavy hub
506071145,Como,1674.0,289.0,0.1231153931014194,0.2209480122324159,57581.74462365591,16619.100106483005,5.7923875432525955,0.6193771626297578,0.0173010380622837,84768.0,63132.0,21636.0,0.5024671916010499,digitally specialised
506071146,Manning - Waterford,1189.0,202.0,0.1208701839991867,0.2015968063872255,58950.14550042052,21623.343223303513,5.8861386138613865,0.6089108910891089,0.0148514851485148,73937.0,54905.0,19032.0,0.4633352208380521,digitally specialised
506071147,South Perth - Kensington,1982.0,532.0,0.1288770401196436,0.1871262750615547,58769.99091826438,17418.888896026263,3.725563909774436,0.5770676691729323,0.0169172932330827,84999.5,59119.0,25880.5,0.4834610184767913,major digital hub
507011148,Banjup,1834.0,181.0,0.0875919381029706,0.1335793357933579,63052.08505997819,17170.365793572615,10.132596685082872,0.6574585635359116,0.0165745856353591,93457.0,55796.0,37661.0,0.485050052687039,large-employer / job-heavy hub
507011152,Coogee,619.0,94.0,0.0748307543520309,0.1301939058171745,53099.410339256865,7567.992604730753,6.585106382978723,0.6595744680851063,0.0319148936170212,94166.0,51984.5,42181.5,0.4907466496490108,lower digital concentration
507011153,Coolbellup,679.0,74.0,0.0863647926736199,0.1608695652173913,37227.83946980854,575.127437246847,9.175675675675675,0.6486486486486487,0.0,78098.5,52433.0,25665.5,0.4879583033788641,digitally specialised
507011154,Hamilton Hill,863.0,113.0,0.0787552473079029,0.1571627260083449,42325.94901506373,8654.557611522934,7.63716814159292,0.6460176991150443,0.0,72659.0,50997.5,21661.5,0.4922792662003431,digitally specialised
507011159,South Lake - Cockburn Central,901.0,125.0,0.0829879340517638,0.1183712121212121,46665.761376248614,5674.359377538109,7.208,0.44,0.024,78254.0,54062.0,24192.0,0.4675754873232259,lower digital concentration
507011160,Spearwood,725.0,82.0,0.0723697344779397,0.1283255086071987,44561.62413793104,5284.837254321537,8.841463414634147,0.6219512195121951,0.0,80561.5,52561.5,28000.0,0.480812324929972,lower digital concentration
507011161,Success - Hammond Park,1434.0,139.0,0.0841499911976996,0.1387225548902195,57381.69874476988,11419.94958098841,10.316546762589928,0.7050359712230215,0.0,95237.5,55805.0,39432.5,0.4847761685319289,large-employer / job-heavy hub
507011163,Yangebup,543.0,45.0,0.0797356828193832,0.0872093023255814,48945.48987108655,6702.338843186408,12.066666666666666,0.5777777777777777,0.0666666666666666,84035.0,51702.0,32333.0,0.4730082279751154,lower digital concentration
507011259,Beeliar - Wattleup,729.0,81.0,0.0727254588986432,0.1152204836415362,53114.345679012345,8783.536271590157,9.0,0.654320987654321,0.0,93387.0,54560.0,38827.0,0.4838351602608575,lower digital concentration
507021164,East Fremantle,755.0,199.0,0.1153552330022918,0.220865704772475,65980.15430463575,21790.172715636516,3.7939698492462313,0.6582914572864321,0.0,90385.0,58153.0,32232.0,0.5179738562091504,small-business / consultant-heavy
507021165,Fremantle,1988.0,661.0,0.110764430577223,0.2209224598930481,53123.25352112676,20102.035892421613,3.0075642965204237,0.5310136157337367,0.0393343419062027,74882.0,54000.0,20882.0,0.498220640569395,major digital hub
507021166,Fremantle - South,1408.0,272.0,0.1033773861967694,0.1898115840893231,51795.78480113636,13905.213508919034,5.176470588235294,0.5551470588235294,0.0110294117647058,80634.0,53207.0,27427.0,0.5006667350497487,emerging growth corridor
507031169,Wellard (West) - Bertram,1270.0,80.0,0.0672455787355713,0.0888888888888888,52191.393700787405,13736.55969676326,15.875,0.7,0.0,86594.0,52677.0,33917.0,0.4643056108237167,large-employer / job-heavy hub
507031174,Parmelia - Orelia,509.0,22.0,0.0490318851748386,0.0630372492836676,38070.26620825147,4397.914074545661,23.136363636363637,0.5909090909090909,0.0,73694.0,45717.0,27977.0,0.4437189496096522,lower digital concentration
507031261,Casuarina - Wandi,645.0,63.0,0.0773474037654395,0.1171003717472119,58811.97441860465,14777.092957997862,10.238095238095235,0.6825396825396826,0.0,91999.0,56178.0,35821.0,0.4751892346509672,emerging growth corridor
507041175,Applecross - Ardross,1272.0,387.0,0.1289668457872858,0.1885964912280701,63661.78341194968,20668.695913217045,3.2868217054263567,0.5529715762273901,0.0103359173126615,91567.0,56918.5,34648.5,0.4933770312713368,digitally specialised
507041177,Bicton - Palmyra,1226.0,205.0,0.0981899727695018,0.1666666666666666,59831.96982055465,15373.075058421062,5.980487804878049,0.5902439024390244,0.0,93395.0,58614.5,34780.5,0.5185549006767082,digitally specialised
507041178,Booragoon,1519.0,395.0,0.1202977746099627,0.1946771808772794,57922.93054641211,12942.763602561638,3.8455696202531646,0.5341772151898734,0.0253164556962025,88200.0,55718.0,32482.0,0.4881064654720737,digitally specialised
507041179,Bull Creek,704.0,92.0,0.1213793103448275,0.1739130434782608,66697.24431818182,22634.31293887148,7.6521739130434785,0.6413043478260869,0.0326086956521739,89319.0,53326.5,35992.5,0.4899282241259551,digitally specialised
507041180,Leeming,944.0,158.0,0.1072971129802227,0.1970074812967581,64492.97881355932,16533.711309581144,5.974683544303797,0.6772151898734177,0.0,91400.5,56540.5,34860.0,0.4879633732092748,small-business / consultant-heavy
507041181,Melville,1403.0,338.0,0.0992922859164897,0.1821120689655172,60449.00677120456,13636.042829237122,4.150887573964497,0.5739644970414202,0.014792899408284,93606.0,58057.0,35549.0,0.5003755163349606,digitally specialised
507041182,Murdoch - Kardinya,998.0,148.0,0.0938763992098579,0.1367837338262477,53086.32064128257,16946.414282520454,6.743243243243243,0.6216216216216216,0.0,75000.0,48535.0,26465.0,0.4823529411764706,lower digital concentration
507041184,Winthrop,557.0,94.0,0.114139344262295,0.1640488656195462,46930.77917414722,5529.034502016068,5.925531914893617,0.6276595744680851,0.0319148936170212,82900.0,50665.0,32235.0,0.4806180536730821,digitally specialised
507051187,Port Kennedy,613.0,62.0,0.0522814498933901,0.0965732087227414,43954.586460032624,2493.7685495848636,9.887096774193548,0.6290322580645161,0.0483870967741935,90037.5,47174.5,42863.0,0.4683333333333333,lower digital concentration
507051188,Rockingham,674.0,109.0,0.0554549942405792,0.0843000773395205,46668.62685459941,4997.549637222415,6.18348623853211,0.4587155963302752,0.0275229357798165,83830.0,51496.5,32333.5,0.4689514760773668,lower digital concentration
507051190,Safety Bay - Shoalwater,606.0,72.0,0.0672511374986128,0.1395348837209302,50917.91584158416,7126.329946566955,8.416666666666666,0.625,0.0,87830.0,49203.5,38626.5,0.4693119334224996,lower digital concentration
507051191,Singleton - Golden Bay - Secret Harbour,1244.0,141.0,0.0595129885662345,0.1425682507583417,42770.093247588426,-2826.507072939726,8.822695035460994,0.5815602836879432,0.0,104199.5,49728.0,54471.5,0.4781270903010033,emerging growth corridor
507051192,Waikiki,600.0,37.0,0.057170080990948,0.0943877551020408,46489.11,5503.607236779419,16.216216216216218,0.6756756756756757,0.0,87240.0,45223.0,42017.0,0.4624684469244055,lower digital concentration
507051312,Baldivis - North,686.0,49.0,0.0588639093873348,0.1033755274261603,45167.07142857143,1638.9181335654212,14.0,0.6938775510204082,0.0612244897959183,98256.0,53363.0,44893.0,0.4755539051862854,lower digital concentration
507051313,Baldivis - South,1421.0,136.0,0.0586342067258097,0.1322957198443579,41790.41766361717,-3475.1306755617043,10.448529411764708,0.6397058823529411,0.0,100941.0,51456.0,49485.0,0.4790874524714828,large-employer / job-heavy hub
509011225,Albany,535.0,187.0,0.0474374889164745,0.1116417910447761,32665.6261682243,2476.7829779423337,2.8609625668449197,0.4973262032085561,0.0427807486631016,60082.0,45230.0,14852.0,0.4998252359314925,lower digital concentration
510011262,Broome,618.0,139.0,0.0362739918999823,0.1057838660578386,26395.26213592233,-4906.066120226053,4.446043165467626,0.6330935251798561,0.0215827338129496,72429.0,59200.0,13229.0,0.5051308126097809,lower digital concentration
510021270,South Hedland,581.0,35.0,0.0523234870317002,0.0895140664961636,15449.478485370051,-34636.27543213715,16.6,0.5428571428571428,0.0,122319.0,65207.0,57112.0,0.4449728260869565,lower digital concentration
510031272,Karratha,872.0,97.0,0.0504542035526239,0.0958498023715415,35944.40711009174,-19326.555193906403,8.989690721649485,0.5257731958762887,0.0309278350515463,127001.0,63975.0,63026.0,0.4516618862831112,lower digital concentration
511031279,Kalgoorlie,859.0,122.0,0.0593970405199834,0.097444089456869,35349.56344586729,-9744.427530484529,7.040983606557377,0.4426229508196721,0.0327868852459016,106650.0,56840.0,49810.0,0.4361546499477534,lower digital concentration
511041285,Geraldton,397.0,127.0,0.0423195821341008,0.0862771739130434,30751.88413098237,-2300.8089187991063,3.125984251968504,0.4409448818897638,0.0472440944881889,67371.0,46339.5,21031.5,0.4808221160804747,lower digital concentration
601021005,Cambridge,497.0,128.0,0.0756929637526652,0.1329179646936656,50426.18309859155,8681.030189666788,3.8828125,0.5703125,0.0546875,72470.0,58037.0,14433.0,0.491963260619977,emerging growth corridor
601021007,Howrah - Tranmere,714.0,75.0,0.0773480662983425,0.1273344651952462,48552.5462184874,8542.77078787316,9.52,0.64,0.0,74109.0,59315.0,14794.0,0.5090935975158953,lower digital concentration
601021008,Lindisfarne - Rose Bay,511.0,54.0,0.0890243902439024,0.1267605633802817,46307.94520547945,8351.897470287819,9.462962962962964,0.6851851851851852,0.0,68544.0,59108.5,9435.5,0.5087299689069601,lower digital concentration
601031017,Glenorchy,633.0,46.0,0.0563267485317672,0.0604467805519053,28905.42654028436,2344.6127833881146,13.76086956521739,0.5434782608695652,0.0,58139.0,50047.0,8092.0,0.4713501337463043,lower digital concentration
601041022,Kingston - Huntingfield,883.0,128.0,0.0784958662992266,0.1376344086021505,42604.72933182333,8944.312139183981,6.8984375,0.625,0.0234375,65057.0,52949.0,12108.0,0.5025305517837303,lower digital concentration
601041023,Kingston Beach - Blackmans Bay,759.0,128.0,0.0899395662993245,0.1671018276762402,48849.96772068511,11348.937029844965,5.9296875,0.6328125,0.0234375,70402.0,55571.0,14831.0,0.5146391106935964,digitally specialised
601051027,Hobart,901.0,564.0,0.0921739130434782,0.173059220619822,32237.326859045505,7771.937907638854,1.5975177304964538,0.3829787234042553,0.0726950354609929,57221.0,52583.5,4637.5,0.503968896808683,emerging growth corridor
601051028,Lenah Valley - Mount Stuart,737.0,83.0,0.0913145830752075,0.148479427549195,47613.64789687924,8351.601743986168,8.879518072289157,0.6024096385542169,0.0,71915.0,61560.0,10355.0,0.509131633356306,lower digital concentration
601051030,New Town,532.0,69.0,0.0903686087990487,0.1294559099437148,37287.808270676695,6113.228518680771,7.710144927536232,0.5797101449275363,0.0,64595.0,58818.5,5776.5,0.5089194699286442,lower digital concentration
601051031,Sandy Bay,1204.0,210.0,0.1092757306226175,0.1576576576576576,35375.501661129565,7539.53238358373,5.733333333333333,0.6523809523809524,0.0,59448.0,52000.0,7448.0,0.4907235621521336,digitally specialised
601051032,South Hobart - Fern Tree,608.0,118.0,0.1040917651087142,0.242798353909465,47016.47368421053,13762.401607511332,5.1525423728813555,0.6949152542372882,0.0,66586.5,57022.0,9564.5,0.514367816091954,small-business / consultant-heavy
601051033,West Hobart,653.0,136.0,0.1076137112722478,0.2863157894736842,44825.09800918836,11636.050052695282,4.801470588235294,0.6764705882352942,0.0,70670.0,59861.0,10809.0,0.5217703349282297,small-business / consultant-heavy
602011038,Launceston,366.0,247.0,0.0694102029205386,0.1236236236236236,35004.0,6846.233074151336,1.4817813765182186,0.3724696356275304,0.0445344129554655,59171.5,52431.0,6740.5,0.4915393013100436,lower digital concentration
604021085,Devonport,463.0,101.0,0.0414948915576268,0.0996055226824457,37010.619870410366,6079.226206671345,4.584158415841584,0.4356435643564356,0.0297029702970297,58016.5,46117.0,11899.5,0.4866650049850449,lower digital concentration
701011002,Darwin City,849.0,258.0,0.070188492063492,0.1868211440984793,39308.92756183745,14744.421898808352,3.2906976744186047,0.5077519379844961,0.0503875968992248,69553.5,59003.0,10550.5,0.4575720037163208,digitally specialised
701011009,Woolner - Bayview - Winnellie,315.0,113.0,0.0719013923761698,0.1045328399629972,49398.444444444445,13283.448324837052,2.7876106194690267,0.4070796460176991,0.0530973451327433,72129.5,60063.0,12066.5,0.462993152918161,lower digital concentration
702011045,Charles,544.0,97.0,0.0736728060671722,0.1112385321100917,10565.172794117649,-9814.784816933276,5.608247422680412,0.4020618556701031,0.0824742268041237,53386.0,41613.5,11772.5,0.4761998814931859,lower digital concentration
801011002,Belconnen,1248.0,136.0,0.1146321300633783,0.1723700887198986,55294.168269230766,22363.4942084243,9.176470588235292,0.4558823529411764,0.0220588235294117,71117.5,62098.0,9019.5,0.4864223178513132,emerging growth corridor
801011003,Bruce,941.0,111.0,0.1171417901157724,0.2246963562753036,59778.33368756642,24282.39169827226,8.477477477477477,0.3783783783783784,0.045045045045045,75598.5,64268.0,11330.5,0.5071779744346117,digitally specialised
801011006,Dunlop,605.0,50.0,0.0999174236168455,0.1515151515151515,76767.02479338842,25416.589615849203,12.1,0.48,0.0,85974.0,69927.0,16047.0,0.4992306001318971,digitally specialised
801011007,Evatt,521.0,39.0,0.1195502524093621,0.15,77089.85124760077,27235.006938284576,13.35897435897436,0.6410256410256411,0.0,83995.0,70078.5,13916.5,0.4864205065608789,digitally specialised
801011016,Kaleen,797.0,77.0,0.1289852726978475,0.1624472573839662,68703.99874529486,23877.912647220735,10.35064935064935,0.4155844155844156,0.0389610389610389,79585.0,68724.5,10860.5,0.4706935123042505,large-employer / job-heavy hub
801011019,Macgregor (ACT),548.0,61.0,0.0901315789473684,0.1826347305389221,71405.10583941606,22832.832072968697,8.98360655737705,0.5245901639344263,0.0,85737.5,70744.0,14993.5,0.4950676760724937,digitally specialised
801041034,Amaroo,655.0,74.0,0.1214762611275964,0.2176470588235294,73566.93893129771,23115.84379034816,8.85135135135135,0.4729729729729729,0.0,89681.5,71663.5,18018.0,0.4886248736097068,digitally specialised
801041035,Bonner,746.0,104.0,0.1135464231354642,0.2208067940552017,72190.6166219839,27633.753379974776,7.173076923076923,0.2980769230769231,0.0,82995.0,67573.0,15422.0,0.4825914499779639,emerging growth corridor
801041036,Casey,699.0,72.0,0.1138065776619993,0.181360201511335,74702.1008583691,26186.04273397965,9.708333333333334,0.4722222222222222,0.0,89394.0,72850.0,16544.0,0.5023041474654378,emerging growth corridor
801041037,Crace,571.0,103.0,0.1389632513993672,0.2853185595567867,82913.72679509633,29019.46578268455,5.543689320388349,0.4271844660194174,0.029126213592233,98869.0,77133.0,21736.0,0.5026827632461436,emerging growth corridor
801041038,Forde,557.0,74.0,0.1460409019402202,0.2334384858044164,95916.66696588868,36808.8828809385,7.527027027027027,0.4054054054054054,0.0,104069.0,83220.0,20849.0,0.4952481520591341,digitally specialised
801041039,Franklin,930.0,104.0,0.1166729394053443,0.1759729272419627,65120.73172043011,25800.933953525077,8.942307692307692,0.3365384615384615,0.0288461538461538,76480.0,65447.0,11033.0,0.4791785510553337,emerging growth corridor
801041040,Gungahlin,1022.0,106.0,0.1067251461988304,0.1350318471337579,57222.405088062624,21043.67827102002,9.641509433962264,0.3962264150943396,0.0283018867924528,70916.0,61260.0,9656.0,0.4697043141056713,large-employer / job-heavy hub
801041044,Harrison,1039.0,109.0,0.1245504675137856,0.2133072407045009,66527.01539942253,21837.155293932236,9.53211009174312,0.4403669724770642,0.0,87009.5,70212.0,16797.5,0.4863757791629564,emerging growth corridor
801041046,Ngunnawal,1013.0,95.0,0.1069693769799366,0.1593959731543624,72644.68114511353,26008.913140889665,10.663157894736845,0.4947368421052631,0.0,81029.0,69498.5,11530.5,0.4878512880562061,high-income specialist
801041047,Nicholls,757.0,131.0,0.1375863322428208,0.2594059405940594,79388.14927344782,26589.80321746818,5.778625954198473,0.4961832061068702,0.0229007633587786,88475.0,75487.0,12988.0,0.4881437125748502,digitally specialised
801041048,Palmerston,553.0,67.0,0.1215117556580971,0.2113564668769716,79828.02983725135,31116.930738152252,8.253731343283581,0.5373134328358209,0.044776119402985,82366.0,68932.0,13434.0,0.5014749262536873,digitally specialised
801041120,Moncrieff,567.0,67.0,0.1189676877885018,0.1982248520710059,78517.64109347442,33997.902738459736,8.462686567164178,0.3582089552238806,0.044776119402985,86922.0,67328.0,19594.0,0.4804193647856922,emerging growth corridor
801041121,Taylor,529.0,50.0,0.1156031468531468,0.1908396946564885,61160.914933837426,23257.862049222043,10.58,0.26,0.0,79643.0,63404.0,16239.0,0.464546056991385,digitally specialised
801051050,Ainslie,588.0,85.0,0.1426146010186757,0.33203125,70831.56462585034,18149.48968042225,6.91764705882353,0.5411764705882353,0.0,88833.0,78228.5,10604.5,0.5210902011680727,digitally specialised
801051051,Braddon,1223.0,190.0,0.1617938880804339,0.2383939774153074,63234.68560915781,14062.179126818875,6.436842105263158,0.4526315789473684,0.0947368421052631,90869.0,79847.0,11022.0,0.4904870624048706,emerging growth corridor
801051053,Civic,815.0,484.0,0.1589933671478736,0.3157208088714938,53505.31288343558,12506.664327056336,1.6838842975206612,0.5640495867768595,0.0805785123966942,82339.0,58704.0,23635.0,0.4749173098125689,emerging growth corridor
801051054,Dickson,587.0,97.0,0.1416164053075995,0.2194570135746606,63823.52129471891,17515.881608349788,6.051546391752577,0.4536082474226804,0.0309278350515463,84219.0,77617.0,6602.0,0.519774011299435,digitally specialised
801051057,Lyneham,722.0,111.0,0.13573980071442,0.2444933920704846,72587.26038781164,27376.78915261705,6.504504504504505,0.4864864864864865,0.027027027027027,84026.0,74666.0,9360.0,0.5155347814132527,digitally specialised
801051058,O'Connor (ACT),748.0,114.0,0.1461794019933555,0.2900763358778626,68656.41310160428,23902.1330547018,6.56140350877193,0.5,0.0263157894736842,84377.0,74083.0,10294.0,0.4974275656647712,digitally specialised
801051060,Turner,755.0,106.0,0.1689415976728574,0.2482435597189695,62985.29867549669,14592.13018142643,7.122641509433962,0.5660377358490566,0.0283018867924528,86650.5,81114.0,5536.5,0.5117684478371501,digitally specialised
801051061,Watson,847.0,95.0,0.132779432512933,0.2794117647058823,73261.79988193624,22795.87293413878,8.91578947368421,0.3789473684210526,0.0,93571.0,80705.0,12866.0,0.5302522884572449,high-income specialist
801051124,Campbell,620.0,107.0,0.1456766917293233,0.298050139275766,70535.45322580646,14782.468850806456,5.794392523364486,0.5046728971962616,0.02803738317757,94766.0,86654.0,8112.0,0.4882133995037221,digitally specialised
801061062,Deakin,389.0,203.0,0.1688368055555555,0.2481662591687041,85597.529562982,29294.071229648667,1.916256157635468,0.4088669950738916,0.0689655172413793,115732.5,77506.0,38226.5,0.521594684385382,digitally specialised
801061064,Griffith (ACT),715.0,179.0,0.1461569910057236,0.2374005305039787,78781.31468531469,23556.902992755407,3.994413407821229,0.441340782122905,0.0391061452513966,94405.0,87698.0,6707.0,0.4991749174917492,emerging growth corridor
801061067,Narrabundah,725.0,118.0,0.1307955980515966,0.2829736211031175,79325.82551724138,25107.736486030844,6.1440677966101696,0.3813559322033898,0.0,93448.0,80596.0,12852.0,0.5024594195769799,digitally specialised
801061129,Barton,240.0,118.0,0.1406799531066823,0.3080939947780678,92945.5625,17952.437353458386,2.0338983050847457,0.4406779661016949,0.1271186440677966,117858.0,99957.0,17901.0,0.4954407294832826,digitally specialised
801061130,Fyshwick,8.0,218.0,0.1052631578947368,0.1371932032724984,110727.0,58746.79605263158,0.036697247706422,0.2798165137614679,0.1146788990825688,47959.5,54945.5,-6986.0,0.313953488372093,digitally specialised
801061131,Kingston (ACT),948.0,266.0,0.1598650927487352,0.2782426778242677,88056.64873417722,20703.5452771789,3.56390977443609,0.3872180451127819,0.0526315789473684,110086.0,95174.0,14912.0,0.5139664804469274,high-income specialist
801071078,Gordon (ACT),645.0,65.0,0.0985184053765083,0.2012383900928792,72640.53488372093,21221.73360069054,9.923076923076923,0.4,0.0,84297.5,73091.0,11206.5,0.5096603620093553,digitally specialised
801071082,Kambah,1294.0,146.0,0.107896272825815,0.1994535519125683,77972.37557959814,28327.57686368052,8.863013698630137,0.4452054794520548,0.0,81192.0,72637.0,8555.0,0.4955074875207986,high-income specialist
801071090,Wanniassa,614.0,85.0,0.1038565629228687,0.2098765432098765,75975.4006514658,24969.98987677026,7.223529411764706,0.4470588235294118,0.0588235294117647,84888.0,71829.0,13059.0,0.4787045252883762,digitally specialised
801091100,Curtin,571.0,102.0,0.1247814685314685,0.2956521739130435,88028.05078809107,34325.03549088828,5.598039215686274,0.5588235294117647,0.0,96310.0,81173.0,15137.0,0.5044669446098868,digitally specialised
801091109,Phillip,643.0,113.0,0.0957700327673518,0.1516778523489932,57959.33592534992,14702.878150550998,5.6902654867256635,0.3097345132743362,0.0442477876106194,81813.5,81212.0,601.5,0.5199151543719067,emerging growth corridor
801101135,Coombs,621.0,77.0,0.1147026228297007,0.2692307692307692,81366.2504025765,34654.022290275054,8.064935064935066,0.2727272727272727,0.0,89204.0,77042.0,12162.0,0.4990242542514636,emerging growth corridor
801101136,Denman Prospect,664.0,83.0,0.1787348586810228,0.2964285714285714,88947.36445783133,30855.913582999565,8.0,0.2771084337349397,0.036144578313253,107640.0,85803.5,21836.5,0.5020622422197225,emerging growth corridor
