date,city,industry,employed_fulltime_000s,employed_parttime_000s,employed_total_000s
1984-11-01,Australian Capital Territory,Information Media and Telecommunications,2.3941,0.3568,2.7509
1984-11-01,Australian Capital Territory,"Professional, Scientific and Technical Services",5.4506,1.2495,6.7001
1984-11-01,Northern Territory,Information Media and Telecommunications,1.4152,0.2308,1.6461
1984-11-01,Northern Territory,"Professional, Scientific and Technical Services",1.978,0.3948,2.3728
1985-02-01,Australian Capital Territory,Information Media and Telecommunications,2.2332,0.2186,2.4519
1985-02-01,Australian Capital Territory,"Professional, Scientific and Technical Services",5.4889,1.2958,6.7846
1985-02-01,Northern Territory,Information Media and Telecommunications,1.6279,0.2909,1.9188
1985-02-01,Northern Territory,"Professional, Scientific and Technical Services",2.3776,0.1328,2.5104
1985-05-01,Australian Capital Territory,Information Media and Telecommunications,2.6571,0.4663,3.1234
1985-05-01,Australian Capital Territory,"Professional, Scientific and Technical Services",6.3585,1.1491,7.5076
1985-05-01,Northern Territory,Information Media and Telecommunications,1.0579,0.2016,1.2595
1985-05-01,Northern Territory,"Professional, Scientific and Technical Services",2.3608,0.3417,2.7025
1985-08-01,Australian Capital Territory,Information Media and Telecommunications,2.3595,0.6736,3.0331
1985-08-01,Australian Capital Territory,"Professional, Scientific and Technical Services",5.965,0.9299,6.8949
1985-08-01,Northern Territory,Information Media and Telecommunications,1.5551,0.1713,1.7264
1985-08-01,Northern Territory,"Professional, Scientific and Technical Services",2.9218,0.4026,3.3244
1985-11-01,Australian Capital Territory,Information Media and Telecommunications,2.4881,0.5441,3.0322
1985-11-01,Australian Capital Territory,"Professional, Scientific and Technical Services",5.6247,1.5901,7.2148
1985-11-01,Northern Territory,Information Media and Telecommunications,1.5181,0.0056,1.5237
1985-11-01,Northern Territory,"Professional, Scientific and Technical Services",2.3602,0.5004,2.8607
1986-02-01,Australian Capital Territory,Information Media and Telecommunications,2.6825,0.4552,3.1377
1986-02-01,Australian Capital Territory,"Professional, Scientific and Technical Services",5.5612,1.3534,6.9146
1986-02-01,Northern Territory,Information Media and Telecommunications,1.6567,0.0053,1.662
1986-02-01,Northern Territory,"Professional, Scientific and Technical Services",2.8093,0.367,3.1763
1986-05-01,Australian Capital Territory,Information Media and Telecommunications,2.5826,0.5461,3.1287
1986-05-01,Australian Capital Territory,"Professional, Scientific and Technical Services",3.4484,1.546,4.9944
1986-05-01,Northern Territory,Information Media and Telecommunications,2.314,0.2431,2.5572
1986-05-01,Northern Territory,"Professional, Scientific and Technical Services",1.7771,0.7967,2.5738
1986-08-01,Australian Capital Territory,Information Media and Telecommunications,2.3782,0.4146,2.7928
1986-08-01,Australian Capital Territory,"Professional, Scientific and Technical Services",5.0393,1.5077,6.547
1986-08-01,Northern Territory,Information Media and Telecommunications,1.7201,0.5221,2.2422
1986-08-01,Northern Territory,"Professional, Scientific and Technical Services",1.5937,0.8167,2.4104
1986-11-01,Australian Capital Territory,Information Media and Telecommunications,2.2073,0.5944,2.8017
1986-11-01,Australian Capital Territory,"Professional, Scientific and Technical Services",6.8635,1.1411,8.0046
1986-11-01,Northern Territory,Information Media and Telecommunications,1.7271,0.1557,1.8828
1986-11-01,Northern Territory,"Professional, Scientific and Technical Services",1.8019,0.3997,2.2016
1987-02-01,Australian Capital Territory,Information Media and Telecommunications,2.4167,0.8248,3.2415
1987-02-01,Australian Capital Territory,"Professional, Scientific and Technical Services",6.9927,1.0533,8.046
1987-02-01,Northern Territory,Information Media and Telecommunications,1.9458,0.0751,2.0208
1987-02-01,Northern Territory,"Professional, Scientific and Technical Services",2.8477,0.6223,3.47
1987-05-01,Australian Capital Territory,Information Media and Telecommunications,2.6073,0.4923,3.0997
1987-05-01,Australian Capital Territory,"Professional, Scientific and Technical Services",7.0051,1.6508,8.6559
1987-05-01,Northern Territory,Information Media and Telecommunications,1.4308,0.2147,1.6455
1987-05-01,Northern Territory,"Professional, Scientific and Technical Services",2.4974,0.5006,2.998
1987-08-01,Australian Capital Territory,Information Media and Telecommunications,3.0506,0.4704,3.521
1987-08-01,Australian Capital Territory,"Professional, Scientific and Technical Services",6.3046,1.4583,7.763
1987-08-01,Northern Territory,Information Media and Telecommunications,2.0825,0.1979,2.2804
1987-08-01,Northern Territory,"Professional, Scientific and Technical Services",2.3309,1.0444,3.3753
1987-11-01,Australian Capital Territory,Information Media and Telecommunications,2.2117,0.3315,2.5432
1987-11-01,Australian Capital Territory,"Professional, Scientific and Technical Services",6.1469,0.9748,7.1217
1987-11-01,Northern Territory,Information Media and Telecommunications,1.935,0.3455,2.2805
1987-11-01,Northern Territory,"Professional, Scientific and Technical Services",1.7682,0.5353,2.3036
1988-02-01,Australian Capital Territory,Information Media and Telecommunications,2.8175,0.1666,2.9841
1988-02-01,Australian Capital Territory,"Professional, Scientific and Technical Services",8.3799,1.6363,10.0162
1988-02-01,Northern Territory,Information Media and Telecommunications,1.1872,0.0523,1.2395
1988-02-01,Northern Territory,"Professional, Scientific and Technical Services",3.2735,0.1635,3.437
1988-05-01,Australian Capital Territory,Information Media and Telecommunications,2.8403,0.5514,3.3917
1988-05-01,Australian Capital Territory,"Professional, Scientific and Technical Services",8.639,1.9523,10.5913
1988-05-01,Northern Territory,Information Media and Telecommunications,1.1469,0.0863,1.2332
1988-05-01,Northern Territory,"Professional, Scientific and Technical Services",3.5753,0.3116,3.887
1988-08-01,Australian Capital Territory,Information Media and Telecommunications,2.8549,0.1954,3.0503
1988-08-01,Australian Capital Territory,"Professional, Scientific and Technical Services",8.2172,1.3539,9.5711
1988-08-01,Northern Territory,Information Media and Telecommunications,1.3578,0.1397,1.4975
1988-08-01,Northern Territory,"Professional, Scientific and Technical Services",4.0428,0.5096,4.5524
1988-11-01,Australian Capital Territory,Information Media and Telecommunications,2.6482,0.5065,3.1547
1988-11-01,Australian Capital Territory,"Professional, Scientific and Technical Services",7.5223,1.2023,8.7245
1988-11-01,Northern Territory,Information Media and Telecommunications,1.5934,0.0089,1.6023
1988-11-01,Northern Territory,"Professional, Scientific and Technical Services",2.625,0.378,3.0031
1989-02-01,Australian Capital Territory,Information Media and Telecommunications,3.0454,0.7891,3.8345
1989-02-01,Australian Capital Territory,"Professional, Scientific and Technical Services",5.8203,1.6586,7.4788
1989-02-01,Northern Territory,Information Media and Telecommunications,1.9342,0.3092,2.2434
1989-02-01,Northern Territory,"Professional, Scientific and Technical Services",2.7856,0.8744,3.66
1989-05-01,Australian Capital Territory,Information Media and Telecommunications,2.5173,0.6506,3.1679
1989-05-01,Australian Capital Territory,"Professional, Scientific and Technical Services",6.2032,2.1464,8.3496
1989-05-01,Northern Territory,Information Media and Telecommunications,1.187,0.3949,1.5819
1989-05-01,Northern Territory,"Professional, Scientific and Technical Services",1.6829,0.4813,2.1641
1989-08-01,Australian Capital Territory,Information Media and Telecommunications,3.2385,0.5974,3.836
1989-08-01,Australian Capital Territory,"Professional, Scientific and Technical Services",6.1517,1.9589,8.1106
1989-08-01,Northern Territory,Information Media and Telecommunications,1.0502,0.1468,1.197
1989-08-01,Northern Territory,"Professional, Scientific and Technical Services",2.0386,0.3123,2.3509
1989-11-01,Australian Capital Territory,Information Media and Telecommunications,2.926,0.4358,3.3619
1989-11-01,Australian Capital Territory,"Professional, Scientific and Technical Services",6.6841,1.551,8.2351
1989-11-01,Northern Territory,Information Media and Telecommunications,1.1622,0.059,1.2212
1989-11-01,Northern Territory,"Professional, Scientific and Technical Services",2.8384,0.3153,3.1537
1990-02-01,Australian Capital Territory,Information Media and Telecommunications,2.6171,0.2997,2.9168
1990-02-01,Australian Capital Territory,"Professional, Scientific and Technical Services",8.2005,1.3695,9.57
1990-02-01,Northern Territory,Information Media and Telecommunications,1.3181,0.0906,1.4087
1990-02-01,Northern Territory,"Professional, Scientific and Technical Services",3.8341,0.4457,4.2798
1990-05-01,Australian Capital Territory,Information Media and Telecommunications,3.3659,0.286,3.6519
1990-05-01,Australian Capital Territory,"Professional, Scientific and Technical Services",6.7499,1.9919,8.7417
1990-05-01,Northern Territory,Information Media and Telecommunications,1.187,0.2748,1.4618
1990-05-01,Northern Territory,"Professional, Scientific and Technical Services",3.4743,0.3049,3.7792
1990-08-01,Australian Capital Territory,Information Media and Telecommunications,3.3757,0.3475,3.7231
1990-08-01,Australian Capital Territory,"Professional, Scientific and Technical Services",6.4107,1.2146,7.6253
1990-08-01,Northern Territory,Information Media and Telecommunications,1.1505,0.1473,1.2977
1990-08-01,Northern Territory,"Professional, Scientific and Technical Services",4.0695,0.5418,4.6112
1990-11-01,Australian Capital Territory,Information Media and Telecommunications,3.6541,0.8333,4.4874
1990-11-01,Australian Capital Territory,"Professional, Scientific and Technical Services",7.6924,1.4192,9.1116
1990-11-01,Northern Territory,Information Media and Telecommunications,1.1292,0.0749,1.2041
1990-11-01,Northern Territory,"Professional, Scientific and Technical Services",3.471,0.4711,3.9421
1991-02-01,Australian Capital Territory,Information Media and Telecommunications,2.9442,0.6446,3.5888
1991-02-01,Australian Capital Territory,"Professional, Scientific and Technical Services",8.4056,1.7274,10.133
1991-02-01,Northern Territory,Information Media and Telecommunications,1.3331,0.2218,1.5549
1991-02-01,Northern Territory,"Professional, Scientific and Technical Services",3.4004,0.6105,4.0109
1991-05-01,Australian Capital Territory,Information Media and Telecommunications,2.6525,0.3654,3.0178
1991-05-01,Australian Capital Territory,"Professional, Scientific and Technical Services",8.2138,2.0899,10.3037
1991-05-01,Northern Territory,Information Media and Telecommunications,1.2886,0.0715,1.3601
1991-05-01,Northern Territory,"Professional, Scientific and Technical Services",5.5681,0.6062,6.1743
1991-08-01,Australian Capital Territory,Information Media and Telecommunications,2.8332,0.4658,3.2991
1991-08-01,Australian Capital Territory,"Professional, Scientific and Technical Services",7.8811,2.137,10.0181
1991-08-01,Greater Adelaide,Information Media and Telecommunications,7.9714,1.6336,9.605
1991-08-01,Greater Adelaide,"Professional, Scientific and Technical Services",19.8977,4.2182,24.1159
1991-08-01,Greater Brisbane,Information Media and Telecommunications,12.2315,1.9851,14.2166
1991-08-01,Greater Brisbane,"Professional, Scientific and Technical Services",29.9294,6.7156,36.645
1991-08-01,Greater Hobart,Information Media and Telecommunications,2.2113,0.3413,2.5527
1991-08-01,Greater Hobart,"Professional, Scientific and Technical Services",3.1449,0.5109,3.6558
1991-08-01,Greater Melbourne,Information Media and Telecommunications,33.0895,5.5673,38.6569
1991-08-01,Greater Melbourne,"Professional, Scientific and Technical Services",70.441,16.3287,86.7696
1991-08-01,Greater Perth,Information Media and Telecommunications,8.6326,3.27,11.9026
1991-08-01,Greater Perth,"Professional, Scientific and Technical Services",26.7373,7.9903,34.7277
1991-08-01,Greater Sydney,Information Media and Telecommunications,38.9669,8.4365,47.4034
1991-08-01,Greater Sydney,"Professional, Scientific and Technical Services",89.4695,21.684,111.1535
1991-08-01,Northern Territory,Information Media and Telecommunications,1.6756,0.1506,1.8262
1991-08-01,Northern Territory,"Professional, Scientific and Technical Services",4.3654,0.6253,4.9908
1991-08-01,Rest of NSW,Information Media and Telecommunications,10.13,2.833,12.9629
1991-08-01,Rest of NSW,"Professional, Scientific and Technical Services",27.8534,6.3735,34.2269
1991-08-01,Rest of Qld,Information Media and Telecommunications,9.5578,2.9172,12.4749
1991-08-01,Rest of Qld,"Professional, Scientific and Technical Services",16.9787,4.6047,21.5833
1991-08-01,Rest of Vic.,Information Media and Telecommunications,6.0112,1.9619,7.9731
1991-08-01,Rest of Vic.,"Professional, Scientific and Technical Services",9.0266,3.2276,12.2542
1991-11-01,Australian Capital Territory,Information Media and Telecommunications,2.9495,0.2644,3.2138
1991-11-01,Australian Capital Territory,"Professional, Scientific and Technical Services",7.0998,1.6431,8.7429
1991-11-01,Greater Adelaide,Information Media and Telecommunications,8.3637,1.3714,9.7351
1991-11-01,Greater Adelaide,"Professional, Scientific and Technical Services",18.0637,4.8741,22.9378
1991-11-01,Greater Brisbane,Information Media and Telecommunications,11.2939,1.9135,13.2074
1991-11-01,Greater Brisbane,"Professional, Scientific and Technical Services",30.0611,6.8874,36.9485
1991-11-01,Greater Hobart,Information Media and Telecommunications,2.1695,0.2099,2.3794
1991-11-01,Greater Hobart,"Professional, Scientific and Technical Services",2.5893,0.6904,3.2796
1991-11-01,Greater Melbourne,Information Media and Telecommunications,32.2777,6.0302,38.3078
1991-11-01,Greater Melbourne,"Professional, Scientific and Technical Services",68.8424,18.6756,87.518
1991-11-01,Greater Perth,Information Media and Telecommunications,8.5637,2.8458,11.4095
1991-11-01,Greater Perth,"Professional, Scientific and Technical Services",25.3785,8.1081,33.4866
1991-11-01,Greater Sydney,Information Media and Telecommunications,39.0846,8.5821,47.6667
1991-11-01,Greater Sydney,"Professional, Scientific and Technical Services",83.751,24.0507,107.8017
1991-11-01,Northern Territory,Information Media and Telecommunications,1.4697,0.1362,1.6059
1991-11-01,Northern Territory,"Professional, Scientific and Technical Services",3.1123,0.4121,3.5245
1991-11-01,Rest of NSW,Information Media and Telecommunications,10.8576,3.2751,14.1327
1991-11-01,Rest of NSW,"Professional, Scientific and Technical Services",24.6708,7.4622,32.133
1991-11-01,Rest of Qld,Information Media and Telecommunications,9.0173,2.4652,11.4825
1991-11-01,Rest of Qld,"Professional, Scientific and Technical Services",18.1506,4.4847,22.6353
1991-11-01,Rest of Vic.,Information Media and Telecommunications,7.7235,2.0674,9.7909
1991-11-01,Rest of Vic.,"Professional, Scientific and Technical Services",8.2283,3.6539,11.8822
1992-02-01,Australian Capital Territory,Information Media and Telecommunications,2.7975,0.7878,3.5852
1992-02-01,Australian Capital Territory,"Professional, Scientific and Technical Services",7.2676,1.7976,9.0651
1992-02-01,Greater Adelaide,Information Media and Telecommunications,8.3799,2.1432,10.5231
1992-02-01,Greater Adelaide,"Professional, Scientific and Technical Services",18.0032,4.8389,22.8421
1992-02-01,Greater Brisbane,Information Media and Telecommunications,11.9212,2.5444,14.4656
1992-02-01,Greater Brisbane,"Professional, Scientific and Technical Services",26.9215,9.2857,36.2073
1992-02-01,Greater Hobart,Information Media and Telecommunications,1.9196,0.4453,2.3649
1992-02-01,Greater Hobart,"Professional, Scientific and Technical Services",2.3416,0.8747,3.2163
1992-02-01,Greater Melbourne,Information Media and Telecommunications,34.001,5.7398,39.7407
1992-02-01,Greater Melbourne,"Professional, Scientific and Technical Services",72.2772,20.7565,93.0337
1992-02-01,Greater Perth,Information Media and Telecommunications,8.4695,3.1989,11.6684
1992-02-01,Greater Perth,"Professional, Scientific and Technical Services",25.2552,6.5632,31.8183
1992-02-01,Greater Sydney,Information Media and Telecommunications,43.0345,7.39,50.4245
1992-02-01,Greater Sydney,"Professional, Scientific and Technical Services",85.2545,21.7676,107.0221
1992-02-01,Northern Territory,Information Media and Telecommunications,1.3138,0.0676,1.3814
1992-02-01,Northern Territory,"Professional, Scientific and Technical Services",3.9835,0.3801,4.3636
1992-02-01,Rest of NSW,Information Media and Telecommunications,12.2414,3.1742,15.4157
1992-02-01,Rest of NSW,"Professional, Scientific and Technical Services",25.8973,7.3006,33.1979
1992-02-01,Rest of Qld,Information Media and Telecommunications,9.7473,1.8832,11.6305
1992-02-01,Rest of Qld,"Professional, Scientific and Technical Services",18.4503,6.3649,24.8152
1992-02-01,Rest of Vic.,Information Media and Telecommunications,6.9323,1.0171,7.9494
1992-02-01,Rest of Vic.,"Professional, Scientific and Technical Services",9.8242,3.1259,12.95
1992-05-01,Australian Capital Territory,Information Media and Telecommunications,2.5619,0.834,3.3959
1992-05-01,Australian Capital Territory,"Professional, Scientific and Technical Services",7.5786,2.0174,9.596
1992-05-01,Greater Adelaide,Information Media and Telecommunications,8.447,1.7698,10.2168
1992-05-01,Greater Adelaide,"Professional, Scientific and Technical Services",19.2373,5.2837,24.5211
1992-05-01,Greater Brisbane,Information Media and Telecommunications,10.8194,2.3726,13.192
1992-05-01,Greater Brisbane,"Professional, Scientific and Technical Services",31.5395,9.6484,41.1879
1992-05-01,Greater Hobart,Information Media and Telecommunications,2.1801,0.4394,2.6195
1992-05-01,Greater Hobart,"Professional, Scientific and Technical Services",1.8856,0.7335,2.6191
1992-05-01,Greater Melbourne,Information Media and Telecommunications,33.6005,6.2847,39.8852
1992-05-01,Greater Melbourne,"Professional, Scientific and Technical Services",68.3568,18.6736,87.0304
1992-05-01,Greater Perth,Information Media and Telecommunications,8.9976,2.4561,11.4536
1992-05-01,Greater Perth,"Professional, Scientific and Technical Services",24.5538,7.4496,32.0034
1992-05-01,Greater Sydney,Information Media and Telecommunications,43.2684,5.457,48.7254
1992-05-01,Greater Sydney,"Professional, Scientific and Technical Services",88.3059,24.2586,112.5645
1992-05-01,Northern Territory,Information Media and Telecommunications,0.7565,0.0547,0.8112
1992-05-01,Northern Territory,"Professional, Scientific and Technical Services",3.3083,1.0387,4.3469
1992-05-01,Rest of NSW,Information Media and Telecommunications,11.9768,2.3958,14.3725
1992-05-01,Rest of NSW,"Professional, Scientific and Technical Services",26.5513,9.3281,35.8793
1992-05-01,Rest of Qld,Information Media and Telecommunications,7.0734,2.2446,9.318
1992-05-01,Rest of Qld,"Professional, Scientific and Technical Services",16.8014,7.0297,23.8311
1992-05-01,Rest of Vic.,Information Media and Telecommunications,5.5028,1.4974,7.0002
1992-05-01,Rest of Vic.,"Professional, Scientific and Technical Services",10.1203,2.6111,12.7314
1992-08-01,Australian Capital Territory,Information Media and Telecommunications,2.483,0.7061,3.189
1992-08-01,Australian Capital Territory,"Professional, Scientific and Technical Services",7.4058,2.2319,9.6377
1992-08-01,Greater Adelaide,Information Media and Telecommunications,7.2393,1.5829,8.8222
1992-08-01,Greater Adelaide,"Professional, Scientific and Technical Services",17.3394,5.7613,23.1007
1992-08-01,Greater Brisbane,Information Media and Telecommunications,11.2451,3.1459,14.3911
1992-08-01,Greater Brisbane,"Professional, Scientific and Technical Services",30.1649,8.5279,38.6928
1992-08-01,Greater Hobart,Information Media and Telecommunications,2.0636,0.1991,2.2627
1992-08-01,Greater Hobart,"Professional, Scientific and Technical Services",1.6412,0.9177,2.559
1992-08-01,Greater Melbourne,Information Media and Telecommunications,32.7585,7.7889,40.5474
1992-08-01,Greater Melbourne,"Professional, Scientific and Technical Services",68.8576,22.8677,91.7253
1992-08-01,Greater Perth,Information Media and Telecommunications,8.9359,2.8691,11.805
1992-08-01,Greater Perth,"Professional, Scientific and Technical Services",24.1757,7.6645,31.8402
1992-08-01,Greater Sydney,Information Media and Telecommunications,42.5551,6.6046,49.1597
1992-08-01,Greater Sydney,"Professional, Scientific and Technical Services",87.4289,22.6513,110.0802
1992-08-01,Northern Territory,Information Media and Telecommunications,0.7198,0.0629,0.7827
1992-08-01,Northern Territory,"Professional, Scientific and Technical Services",3.9943,0.5712,4.5655
1992-08-01,Rest of NSW,Information Media and Telecommunications,9.4796,3.1111,12.5907
1992-08-01,Rest of NSW,"Professional, Scientific and Technical Services",25.6798,9.343,35.0228
1992-08-01,Rest of Qld,Information Media and Telecommunications,7.0899,1.7357,8.8257
1992-08-01,Rest of Qld,"Professional, Scientific and Technical Services",18.5699,5.2965,23.8665
1992-08-01,Rest of Vic.,Information Media and Telecommunications,5.9669,1.5229,7.4898
1992-08-01,Rest of Vic.,"Professional, Scientific and Technical Services",12.2338,3.0278,15.2616
1992-11-01,Australian Capital Territory,Information Media and Telecommunications,3.2985,0.5787,3.8772
1992-11-01,Australian Capital Territory,"Professional, Scientific and Technical Services",8.2461,2.4008,10.6469
1992-11-01,Greater Adelaide,Information Media and Telecommunications,8.9915,1.4804,10.472
1992-11-01,Greater Adelaide,"Professional, Scientific and Technical Services",15.5888,6.0996,21.6884
1992-11-01,Greater Brisbane,Information Media and Telecommunications,12.2038,3.5665,15.7703
1992-11-01,Greater Brisbane,"Professional, Scientific and Technical Services",28.1362,8.8447,36.9808
1992-11-01,Greater Hobart,Information Media and Telecommunications,1.8424,0.4436,2.286
1992-11-01,Greater Hobart,"Professional, Scientific and Technical Services",3.2184,0.8736,4.0921
1992-11-01,Greater Melbourne,Information Media and Telecommunications,31.3232,7.0629,38.386
1992-11-01,Greater Melbourne,"Professional, Scientific and Technical Services",72.4411,18.7039,91.1449
1992-11-01,Greater Perth,Information Media and Telecommunications,10.1991,2.5413,12.7404
1992-11-01,Greater Perth,"Professional, Scientific and Technical Services",25.6219,6.6161,32.2381
1992-11-01,Greater Sydney,Information Media and Telecommunications,38.9834,6.5031,45.4865
1992-11-01,Greater Sydney,"Professional, Scientific and Technical Services",87.7572,21.7408,109.4979
1992-11-01,Northern Territory,Information Media and Telecommunications,1.1645,0.2377,1.4022
1992-11-01,Northern Territory,"Professional, Scientific and Technical Services",3.867,0.5274,4.3944
1992-11-01,Rest of NSW,Information Media and Telecommunications,11.8693,3.3732,15.2425
1992-11-01,Rest of NSW,"Professional, Scientific and Technical Services",22.401,6.733,29.134
1992-11-01,Rest of Qld,Information Media and Telecommunications,6.8773,1.9593,8.8366
1992-11-01,Rest of Qld,"Professional, Scientific and Technical Services",17.5115,5.1852,22.6967
1992-11-01,Rest of Vic.,Information Media and Telecommunications,6.7099,1.4478,8.1577
1992-11-01,Rest of Vic.,"Professional, Scientific and Technical Services",8.4959,3.4278,11.9237
1993-02-01,Australian Capital Territory,Information Media and Telecommunications,3.5367,0.5318,4.0685
1993-02-01,Australian Capital Territory,"Professional, Scientific and Technical Services",7.486,1.9176,9.4037
1993-02-01,Greater Adelaide,Information Media and Telecommunications,9.0031,1.9446,10.9476
1993-02-01,Greater Adelaide,"Professional, Scientific and Technical Services",14.1607,5.1717,19.3324
1993-02-01,Greater Brisbane,Information Media and Telecommunications,10.8899,3.093,13.9829
1993-02-01,Greater Brisbane,"Professional, Scientific and Technical Services",26.5923,7.767,34.3594
1993-02-01,Greater Hobart,Information Media and Telecommunications,1.2468,0.3429,1.5897
1993-02-01,Greater Hobart,"Professional, Scientific and Technical Services",2.7924,1.0008,3.7932
1993-02-01,Greater Melbourne,Information Media and Telecommunications,31.9316,7.5511,39.4827
1993-02-01,Greater Melbourne,"Professional, Scientific and Technical Services",64.4469,16.6188,81.0657
1993-02-01,Greater Perth,Information Media and Telecommunications,10.084,2.2324,12.3165
1993-02-01,Greater Perth,"Professional, Scientific and Technical Services",25.645,7.5504,33.1954
1993-02-01,Greater Sydney,Information Media and Telecommunications,33.5236,6.925,40.4486
1993-02-01,Greater Sydney,"Professional, Scientific and Technical Services",81.7624,19.3776,101.14
1993-02-01,Northern Territory,Information Media and Telecommunications,1.4009,0.3225,1.7234
1993-02-01,Northern Territory,"Professional, Scientific and Technical Services",2.7522,0.2969,3.0491
1993-02-01,Rest of NSW,Information Media and Telecommunications,11.6215,2.5805,14.2019
1993-02-01,Rest of NSW,"Professional, Scientific and Technical Services",17.0079,9.3857,26.3935
1993-02-01,Rest of Qld,Information Media and Telecommunications,7.2839,1.3957,8.6796
1993-02-01,Rest of Qld,"Professional, Scientific and Technical Services",17.5163,4.4526,21.9689
1993-02-01,Rest of Vic.,Information Media and Telecommunications,5.9962,1.7626,7.7589
1993-02-01,Rest of Vic.,"Professional, Scientific and Technical Services",8.1357,1.9995,10.1352
1993-05-01,Australian Capital Territory,Information Media and Telecommunications,3.5712,0.6034,4.1746
1993-05-01,Australian Capital Territory,"Professional, Scientific and Technical Services",8.1782,1.8789,10.0571
1993-05-01,Greater Adelaide,Information Media and Telecommunications,7.1731,1.8906,9.0637
1993-05-01,Greater Adelaide,"Professional, Scientific and Technical Services",14.6181,5.4199,20.038
1993-05-01,Greater Brisbane,Information Media and Telecommunications,11.673,1.8989,13.5719
1993-05-01,Greater Brisbane,"Professional, Scientific and Technical Services",27.0299,6.1152,33.1451
1993-05-01,Greater Hobart,Information Media and Telecommunications,1.6309,0.3467,1.9777
1993-05-01,Greater Hobart,"Professional, Scientific and Technical Services",2.6112,0.5278,3.139
1993-05-01,Greater Melbourne,Information Media and Telecommunications,33.4924,6.9459,40.4383
1993-05-01,Greater Melbourne,"Professional, Scientific and Technical Services",62.5769,21.8291,84.406
1993-05-01,Greater Perth,Information Media and Telecommunications,9.3682,2.6819,12.0501
1993-05-01,Greater Perth,"Professional, Scientific and Technical Services",24.593,8.1192,32.7121
1993-05-01,Greater Sydney,Information Media and Telecommunications,36.2013,7.795,43.9963
1993-05-01,Greater Sydney,"Professional, Scientific and Technical Services",79.8505,20.9833,100.8337
1993-05-01,Northern Territory,Information Media and Telecommunications,1.7053,0.3466,2.0519
1993-05-01,Northern Territory,"Professional, Scientific and Technical Services",2.5772,0.1521,2.7293
1993-05-01,Rest of NSW,Information Media and Telecommunications,11.2928,3.2072,14.5
1993-05-01,Rest of NSW,"Professional, Scientific and Technical Services",16.2249,7.9121,24.137
1993-05-01,Rest of Qld,Information Media and Telecommunications,7.8109,1.9147,9.7256
1993-05-01,Rest of Qld,"Professional, Scientific and Technical Services",19.448,4.5154,23.9634
1993-05-01,Rest of Vic.,Information Media and Telecommunications,5.2103,1.7191,6.9294
1993-05-01,Rest of Vic.,"Professional, Scientific and Technical Services",8.2315,2.4333,10.6648
1993-08-01,Australian Capital Territory,Information Media and Telecommunications,3.14,0.8023,3.9423
1993-08-01,Australian Capital Territory,"Professional, Scientific and Technical Services",7.9195,2.1801,10.0996
1993-08-01,Greater Adelaide,Information Media and Telecommunications,6.4086,2.4814,8.89
1993-08-01,Greater Adelaide,"Professional, Scientific and Technical Services",16.6839,6.8543,23.5382
1993-08-01,Greater Brisbane,Information Media and Telecommunications,9.8887,2.4228,12.3116
1993-08-01,Greater Brisbane,"Professional, Scientific and Technical Services",30.6856,5.7805,36.4661
1993-08-01,Greater Hobart,Information Media and Telecommunications,1.743,0.4505,2.1936
1993-08-01,Greater Hobart,"Professional, Scientific and Technical Services",2.6336,0.6648,3.2984
1993-08-01,Greater Melbourne,Information Media and Telecommunications,32.3794,5.3939,37.7733
1993-08-01,Greater Melbourne,"Professional, Scientific and Technical Services",66.3343,18.7145,85.0488
1993-08-01,Greater Perth,Information Media and Telecommunications,8.4585,1.9182,10.3766
1993-08-01,Greater Perth,"Professional, Scientific and Technical Services",27.7201,8.3334,36.0536
1993-08-01,Greater Sydney,Information Media and Telecommunications,38.6753,4.4422,43.1175
1993-08-01,Greater Sydney,"Professional, Scientific and Technical Services",81.7939,20.9193,102.7132
1993-08-01,Northern Territory,Information Media and Telecommunications,1.4319,0.3547,1.7866
1993-08-01,Northern Territory,"Professional, Scientific and Technical Services",2.9694,0.6204,3.5898
1993-08-01,Rest of NSW,Information Media and Telecommunications,9.9244,2.0575,11.9819
1993-08-01,Rest of NSW,"Professional, Scientific and Technical Services",19.1418,9.2557,28.3976
1993-08-01,Rest of Qld,Information Media and Telecommunications,8.1621,2.9967,11.1589
1993-08-01,Rest of Qld,"Professional, Scientific and Technical Services",16.6645,4.1752,20.8397
1993-08-01,Rest of Vic.,Information Media and Telecommunications,6.2666,1.4527,7.7193
1993-08-01,Rest of Vic.,"Professional, Scientific and Technical Services",8.4388,2.5503,10.9891
1993-11-01,Australian Capital Territory,Information Media and Telecommunications,3.0331,0.5541,3.5872
1993-11-01,Australian Capital Territory,"Professional, Scientific and Technical Services",7.089,2.1857,9.2747
1993-11-01,Greater Adelaide,Information Media and Telecommunications,6.4242,2.3656,8.7897
1993-11-01,Greater Adelaide,"Professional, Scientific and Technical Services",18.1009,7.5238,25.6247
1993-11-01,Greater Brisbane,Information Media and Telecommunications,9.6248,2.4957,12.1205
1993-11-01,Greater Brisbane,"Professional, Scientific and Technical Services",31.5645,6.3381,37.9026
1993-11-01,Greater Hobart,Information Media and Telecommunications,1.8593,0.3061,2.1654
1993-11-01,Greater Hobart,"Professional, Scientific and Technical Services",2.4734,0.8605,3.3339
1993-11-01,Greater Melbourne,Information Media and Telecommunications,33.6888,5.49,39.1788
1993-11-01,Greater Melbourne,"Professional, Scientific and Technical Services",65.4232,18.7557,84.1789
1993-11-01,Greater Perth,Information Media and Telecommunications,9.3255,2.2836,11.609
1993-11-01,Greater Perth,"Professional, Scientific and Technical Services",26.9049,8.358,35.2629
1993-11-01,Greater Sydney,Information Media and Telecommunications,42.0106,7.732,49.7426
1993-11-01,Greater Sydney,"Professional, Scientific and Technical Services",84.9489,21.7189,106.6679
1993-11-01,Northern Territory,Information Media and Telecommunications,1.433,0.1806,1.6137
1993-11-01,Northern Territory,"Professional, Scientific and Technical Services",2.9623,0.5436,3.5059
1993-11-01,Rest of NSW,Information Media and Telecommunications,9.9067,3.4587,13.3654
1993-11-01,Rest of NSW,"Professional, Scientific and Technical Services",21.4506,8.3877,29.8383
1993-11-01,Rest of Qld,Information Media and Telecommunications,8.7914,2.1281,10.9195
1993-11-01,Rest of Qld,"Professional, Scientific and Technical Services",17.7152,4.6987,22.4139
1993-11-01,Rest of Vic.,Information Media and Telecommunications,7.2039,1.7481,8.952
1993-11-01,Rest of Vic.,"Professional, Scientific and Technical Services",6.7308,2.4083,9.1391
1994-02-01,Australian Capital Territory,Information Media and Telecommunications,3.6993,0.7184,4.4177
1994-02-01,Australian Capital Territory,"Professional, Scientific and Technical Services",7.4818,2.0475,9.5293
1994-02-01,Greater Adelaide,Information Media and Telecommunications,7.7376,2.5699,10.3075
1994-02-01,Greater Adelaide,"Professional, Scientific and Technical Services",17.3885,5.3487,22.7372
1994-02-01,Greater Brisbane,Information Media and Telecommunications,11.8815,3.1452,15.0267
1994-02-01,Greater Brisbane,"Professional, Scientific and Technical Services",30.8896,6.8837,37.7734
1994-02-01,Greater Hobart,Information Media and Telecommunications,1.4008,0.6189,2.0196
1994-02-01,Greater Hobart,"Professional, Scientific and Technical Services",2.8943,1.334,4.2283
1994-02-01,Greater Melbourne,Information Media and Telecommunications,30.2417,5.4371,35.6788
1994-02-01,Greater Melbourne,"Professional, Scientific and Technical Services",66.3421,22.7977,89.1398
1994-02-01,Greater Perth,Information Media and Telecommunications,8.9944,2.2697,11.2641
1994-02-01,Greater Perth,"Professional, Scientific and Technical Services",28.7995,7.9805,36.78
1994-02-01,Greater Sydney,Information Media and Telecommunications,44.3855,6.6875,51.0729
1994-02-01,Greater Sydney,"Professional, Scientific and Technical Services",91.1131,21.5736,112.6867
1994-02-01,Northern Territory,Information Media and Telecommunications,1.3697,0.1045,1.4742
1994-02-01,Northern Territory,"Professional, Scientific and Technical Services",2.5927,0.5984,3.1912
1994-02-01,Rest of NSW,Information Media and Telecommunications,10.5372,3.0178,13.555
1994-02-01,Rest of NSW,"Professional, Scientific and Technical Services",24.966,7.6892,32.6553
1994-02-01,Rest of Qld,Information Media and Telecommunications,10.1211,3.418,13.5391
1994-02-01,Rest of Qld,"Professional, Scientific and Technical Services",19.3507,5.3553,24.7059
1994-02-01,Rest of Vic.,Information Media and Telecommunications,6.876,1.5551,8.4311
1994-02-01,Rest of Vic.,"Professional, Scientific and Technical Services",11.1675,4.1054,15.273
1994-05-01,Australian Capital Territory,Information Media and Telecommunications,3.9417,0.7768,4.7185
1994-05-01,Australian Capital Territory,"Professional, Scientific and Technical Services",8.5078,1.9655,10.4733
1994-05-01,Greater Adelaide,Information Media and Telecommunications,8.7503,2.4367,11.187
1994-05-01,Greater Adelaide,"Professional, Scientific and Technical Services",16.8705,5.3544,22.2249
1994-05-01,Greater Brisbane,Information Media and Telecommunications,11.9343,2.6794,14.6137
1994-05-01,Greater Brisbane,"Professional, Scientific and Technical Services",33.9869,6.4876,40.4746
1994-05-01,Greater Hobart,Information Media and Telecommunications,1.6947,0.3025,1.9972
1994-05-01,Greater Hobart,"Professional, Scientific and Technical Services",3.4544,1.0121,4.4665
1994-05-01,Greater Melbourne,Information Media and Telecommunications,29.2774,6.8729,36.1503
1994-05-01,Greater Melbourne,"Professional, Scientific and Technical Services",67.8036,19.8508,87.6544
1994-05-01,Greater Perth,Information Media and Telecommunications,8.9163,3.5197,12.4361
1994-05-01,Greater Perth,"Professional, Scientific and Technical Services",30.6966,8.273,38.9696
1994-05-01,Greater Sydney,Information Media and Telecommunications,41.968,7.4071,49.3752
1994-05-01,Greater Sydney,"Professional, Scientific and Technical Services",86.4402,21.4549,107.8952
1994-05-01,Northern Territory,Information Media and Telecommunications,1.5189,0.227,1.7458
1994-05-01,Northern Territory,"Professional, Scientific and Technical Services",3.179,0.6068,3.7858
1994-05-01,Rest of NSW,Information Media and Telecommunications,13.0473,3.0378,16.0852
1994-05-01,Rest of NSW,"Professional, Scientific and Technical Services",24.3748,7.1688,31.5436
1994-05-01,Rest of Qld,Information Media and Telecommunications,9.5287,2.9667,12.4954
1994-05-01,Rest of Qld,"Professional, Scientific and Technical Services",21.2457,5.3579,26.6036
1994-05-01,Rest of Vic.,Information Media and Telecommunications,6.5679,1.8284,8.3963
1994-05-01,Rest of Vic.,"Professional, Scientific and Technical Services",12.8485,4.031,16.8795
1994-08-01,Australian Capital Territory,Information Media and Telecommunications,3.6694,0.6372,4.3066
1994-08-01,Australian Capital Territory,"Professional, Scientific and Technical Services",9.3158,1.4361,10.752
1994-08-01,Greater Adelaide,Information Media and Telecommunications,7.7124,1.5156,9.228
1994-08-01,Greater Adelaide,"Professional, Scientific and Technical Services",20.2406,6.1434,26.384
1994-08-01,Greater Brisbane,Information Media and Telecommunications,12.1152,3.144,15.2593
1994-08-01,Greater Brisbane,"Professional, Scientific and Technical Services",42.5153,7.7985,50.3138
1994-08-01,Greater Hobart,Information Media and Telecommunications,1.9029,0.2573,2.1602
1994-08-01,Greater Hobart,"Professional, Scientific and Technical Services",2.8546,1.0618,3.9164
1994-08-01,Greater Melbourne,Information Media and Telecommunications,38.5619,6.1596,44.7215
1994-08-01,Greater Melbourne,"Professional, Scientific and Technical Services",84.4204,19.017,103.4373
1994-08-01,Greater Perth,Information Media and Telecommunications,10.0926,2.6775,12.7701
1994-08-01,Greater Perth,"Professional, Scientific and Technical Services",37.0598,7.6107,44.6706
1994-08-01,Greater Sydney,Information Media and Telecommunications,41.404,7.6078,49.0119
1994-08-01,Greater Sydney,"Professional, Scientific and Technical Services",94.0668,18.0268,112.0936
1994-08-01,Northern Territory,Information Media and Telecommunications,1.5442,0.0806,1.6248
1994-08-01,Northern Territory,"Professional, Scientific and Technical Services",3.567,0.2838,3.8508
1994-08-01,Rest of NSW,Information Media and Telecommunications,11.3334,4.7596,16.0931
1994-08-01,Rest of NSW,"Professional, Scientific and Technical Services",20.3924,5.2781,25.6705
1994-08-01,Rest of Qld,Information Media and Telecommunications,10.2788,1.3186,11.5974
1994-08-01,Rest of Qld,"Professional, Scientific and Technical Services",23.263,5.3386,28.6016
1994-08-01,Rest of Vic.,Information Media and Telecommunications,10.0568,1.561,11.6178
1994-08-01,Rest of Vic.,"Professional, Scientific and Technical Services",15.2482,3.9665,19.2148
1994-11-01,Australian Capital Territory,Information Media and Telecommunications,3.9985,0.7528,4.7514
1994-11-01,Australian Capital Territory,"Professional, Scientific and Technical Services",11.0716,1.6102,12.6818
1994-11-01,Greater Adelaide,Information Media and Telecommunications,8.4545,1.3308,9.7853
1994-11-01,Greater Adelaide,"Professional, Scientific and Technical Services",22.2682,4.5619,26.8301
1994-11-01,Greater Brisbane,Information Media and Telecommunications,11.9356,4.6229,16.5585
1994-11-01,Greater Brisbane,"Professional, Scientific and Technical Services",40.0145,8.1948,48.2093
1994-11-01,Greater Hobart,Information Media and Telecommunications,2.0629,0.5232,2.5861
1994-11-01,Greater Hobart,"Professional, Scientific and Technical Services",3.308,1.6529,4.961
1994-11-01,Greater Melbourne,Information Media and Telecommunications,38.7815,5.707,44.4885
1994-11-01,Greater Melbourne,"Professional, Scientific and Technical Services",87.7958,15.8801,103.6759
1994-11-01,Greater Perth,Information Media and Telecommunications,9.5696,3.4639,13.0335
1994-11-01,Greater Perth,"Professional, Scientific and Technical Services",34.5297,8.7864,43.3161
1994-11-01,Greater Sydney,Information Media and Telecommunications,46.0614,8.9379,54.9993
1994-11-01,Greater Sydney,"Professional, Scientific and Technical Services",92.8307,17.4132,110.2439
1994-11-01,Northern Territory,Information Media and Telecommunications,2.21,0.2302,2.4402
1994-11-01,Northern Territory,"Professional, Scientific and Technical Services",2.5877,0.4206,3.0083
1994-11-01,Rest of NSW,Information Media and Telecommunications,16.5834,2.4695,19.0529
1994-11-01,Rest of NSW,"Professional, Scientific and Technical Services",22.8574,4.725,27.5825
1994-11-01,Rest of Qld,Information Media and Telecommunications,10.422,1.2191,11.641
1994-11-01,Rest of Qld,"Professional, Scientific and Technical Services",22.5561,5.8162,28.3723
1994-11-01,Rest of Vic.,Information Media and Telecommunications,9.1354,1.5159,10.6513
1994-11-01,Rest of Vic.,"Professional, Scientific and Technical Services",13.1731,2.7415,15.9147
1995-02-01,Australian Capital Territory,Information Media and Telecommunications,4.7411,0.4633,5.2043
1995-02-01,Australian Capital Territory,"Professional, Scientific and Technical Services",10.0558,1.4717,11.5276
1995-02-01,Greater Adelaide,Information Media and Telecommunications,7.4114,1.5533,8.9647
1995-02-01,Greater Adelaide,"Professional, Scientific and Technical Services",24.4598,4.1417,28.6016
1995-02-01,Greater Brisbane,Information Media and Telecommunications,14.7637,2.6705,17.4343
1995-02-01,Greater Brisbane,"Professional, Scientific and Technical Services",38.1762,8.5103,46.6866
1995-02-01,Greater Hobart,Information Media and Telecommunications,1.6866,0.5018,2.1884
1995-02-01,Greater Hobart,"Professional, Scientific and Technical Services",3.251,1.0616,4.3126
1995-02-01,Greater Melbourne,Information Media and Telecommunications,36.3349,5.9368,42.2717
1995-02-01,Greater Melbourne,"Professional, Scientific and Technical Services",89.2402,17.55,106.7902
1995-02-01,Greater Perth,Information Media and Telecommunications,9.7521,0.6996,10.4517
1995-02-01,Greater Perth,"Professional, Scientific and Technical Services",32.8388,5.5824,38.4212
1995-02-01,Greater Sydney,Information Media and Telecommunications,49.4862,6.9422,56.4284
1995-02-01,Greater Sydney,"Professional, Scientific and Technical Services",94.7807,15.463,110.2437
1995-02-01,Northern Territory,Information Media and Telecommunications,2.0655,0.2162,2.2817
1995-02-01,Northern Territory,"Professional, Scientific and Technical Services",2.0963,0.4748,2.5711
1995-02-01,Rest of NSW,Information Media and Telecommunications,13.4007,3.1612,16.5619
1995-02-01,Rest of NSW,"Professional, Scientific and Technical Services",27.4319,4.0848,31.5167
1995-02-01,Rest of Qld,Information Media and Telecommunications,10.0304,3.7029,13.7333
1995-02-01,Rest of Qld,"Professional, Scientific and Technical Services",23.7877,6.995,30.7827
1995-02-01,Rest of Vic.,Information Media and Telecommunications,6.6124,1.8195,8.4319
1995-02-01,Rest of Vic.,"Professional, Scientific and Technical Services",13.1743,3.899,17.0732
1995-05-01,Australian Capital Territory,Information Media and Telecommunications,4.1902,0.4639,4.6541
1995-05-01,Australian Capital Territory,"Professional, Scientific and Technical Services",8.8455,1.9007,10.7462
1995-05-01,Greater Adelaide,Information Media and Telecommunications,7.1502,2.3998,9.55
1995-05-01,Greater Adelaide,"Professional, Scientific and Technical Services",24.9237,5.2022,30.1259
1995-05-01,Greater Brisbane,Information Media and Telecommunications,12.4679,2.9521,15.42
1995-05-01,Greater Brisbane,"Professional, Scientific and Technical Services",40.9746,8.1931,49.1676
1995-05-01,Greater Hobart,Information Media and Telecommunications,1.9134,0.2287,2.1421
1995-05-01,Greater Hobart,"Professional, Scientific and Technical Services",2.9637,0.9378,3.9014
1995-05-01,Greater Melbourne,Information Media and Telecommunications,30.1198,7.1159,37.2357
1995-05-01,Greater Melbourne,"Professional, Scientific and Technical Services",99.9662,19.4511,119.4172
1995-05-01,Greater Perth,Information Media and Telecommunications,9.8205,3.6414,13.4619
1995-05-01,Greater Perth,"Professional, Scientific and Technical Services",34.8118,8.8088,43.6206
1995-05-01,Greater Sydney,Information Media and Telecommunications,50.6377,7.421,58.0587
1995-05-01,Greater Sydney,"Professional, Scientific and Technical Services",96.2461,19.5304,115.7766
1995-05-01,Northern Territory,Information Media and Telecommunications,1.8129,0.2192,2.0321
1995-05-01,Northern Territory,"Professional, Scientific and Technical Services",3.3281,0.552,3.8801
1995-05-01,Rest of NSW,Information Media and Telecommunications,14.6713,4.4032,19.0745
1995-05-01,Rest of NSW,"Professional, Scientific and Technical Services",31.0279,6.3337,37.3615
1995-05-01,Rest of Qld,Information Media and Telecommunications,11.0215,3.1586,14.1802
1995-05-01,Rest of Qld,"Professional, Scientific and Technical Services",24.7063,4.7098,29.4161
1995-05-01,Rest of Vic.,Information Media and Telecommunications,3.4947,2.8999,6.3946
1995-05-01,Rest of Vic.,"Professional, Scientific and Technical Services",14.4006,5.1967,19.5973
1995-08-01,Australian Capital Territory,Information Media and Telecommunications,3.3051,0.428,3.733
1995-08-01,Australian Capital Territory,"Professional, Scientific and Technical Services",8.5208,1.9806,10.5014
1995-08-01,Greater Adelaide,Information Media and Telecommunications,6.5964,2.6361,9.2325
1995-08-01,Greater Adelaide,"Professional, Scientific and Technical Services",23.8432,5.1073,28.9504
1995-08-01,Greater Brisbane,Information Media and Telecommunications,13.8024,2.227,16.0295
1995-08-01,Greater Brisbane,"Professional, Scientific and Technical Services",40.2136,9.0333,49.2469
1995-08-01,Greater Hobart,Information Media and Telecommunications,2.1401,0.1719,2.312
1995-08-01,Greater Hobart,"Professional, Scientific and Technical Services",2.3935,0.4261,2.8196
1995-08-01,Greater Melbourne,Information Media and Telecommunications,30.6992,6.7868,37.486
1995-08-01,Greater Melbourne,"Professional, Scientific and Technical Services",100.0753,19.1885,119.2637
1995-08-01,Greater Perth,Information Media and Telecommunications,10.2529,3.2774,13.5303
1995-08-01,Greater Perth,"Professional, Scientific and Technical Services",36.1599,7.7627,43.9227
1995-08-01,Greater Sydney,Information Media and Telecommunications,46.9581,6.1516,53.1097
1995-08-01,Greater Sydney,"Professional, Scientific and Technical Services",104.8587,18.3752,123.234
1995-08-01,Northern Territory,Information Media and Telecommunications,2.393,0.2865,2.6795
1995-08-01,Northern Territory,"Professional, Scientific and Technical Services",3.8204,0.9109,4.7313
1995-08-01,Rest of NSW,Information Media and Telecommunications,11.0658,4.9509,16.0167
1995-08-01,Rest of NSW,"Professional, Scientific and Technical Services",30.208,7.7312,37.9392
1995-08-01,Rest of Qld,Information Media and Telecommunications,9.9553,2.4955,12.4508
1995-08-01,Rest of Qld,"Professional, Scientific and Technical Services",22.6734,5.0294,27.7028
1995-08-01,Rest of Vic.,Information Media and Telecommunications,6.5218,1.7218,8.2436
1995-08-01,Rest of Vic.,"Professional, Scientific and Technical Services",14.4978,3.8743,18.3721
1995-11-01,Australian Capital Territory,Information Media and Telecommunications,3.6908,0.7998,4.4906
1995-11-01,Australian Capital Territory,"Professional, Scientific and Technical Services",10.4331,2.1,12.5332
1995-11-01,Greater Adelaide,Information Media and Telecommunications,6.2782,2.0782,8.3564
1995-11-01,Greater Adelaide,"Professional, Scientific and Technical Services",22.8859,5.0539,27.9397
1995-11-01,Greater Brisbane,Information Media and Telecommunications,17.5384,2.5668,20.1052
1995-11-01,Greater Brisbane,"Professional, Scientific and Technical Services",39.0265,8.5635,47.59
1995-11-01,Greater Hobart,Information Media and Telecommunications,1.7136,0.175,1.8886
1995-11-01,Greater Hobart,"Professional, Scientific and Technical Services",2.5392,0.5843,3.1235
1995-11-01,Greater Melbourne,Information Media and Telecommunications,35.8178,7.5625,43.3803
1995-11-01,Greater Melbourne,"Professional, Scientific and Technical Services",104.1833,22.3075,126.4908
1995-11-01,Greater Perth,Information Media and Telecommunications,11.0937,3.6743,14.768
1995-11-01,Greater Perth,"Professional, Scientific and Technical Services",36.6896,7.4319,44.1215
1995-11-01,Greater Sydney,Information Media and Telecommunications,54.3686,8.0415,62.4101
1995-11-01,Greater Sydney,"Professional, Scientific and Technical Services",104.7609,20.7951,125.5561
1995-11-01,Northern Territory,Information Media and Telecommunications,2.4713,0.3512,2.8225
1995-11-01,Northern Territory,"Professional, Scientific and Technical Services",4.2684,0.9109,5.1793
1995-11-01,Rest of NSW,Information Media and Telecommunications,9.8989,2.4802,12.3791
1995-11-01,Rest of NSW,"Professional, Scientific and Technical Services",29.8842,6.2189,36.1031
1995-11-01,Rest of Qld,Information Media and Telecommunications,8.3317,2.5915,10.9232
1995-11-01,Rest of Qld,"Professional, Scientific and Technical Services",24.6019,7.0428,31.6447
1995-11-01,Rest of Vic.,Information Media and Telecommunications,7.3552,1.1345,8.4898
1995-11-01,Rest of Vic.,"Professional, Scientific and Technical Services",12.5626,6.0977,18.6603
1996-02-01,Australian Capital Territory,Information Media and Telecommunications,4.1495,0.8087,4.9581
1996-02-01,Australian Capital Territory,"Professional, Scientific and Technical Services",12.1691,2.5047,14.6738
1996-02-01,Greater Adelaide,Information Media and Telecommunications,7.5629,2.97,10.5329
1996-02-01,Greater Adelaide,"Professional, Scientific and Technical Services",21.489,4.4896,25.9786
1996-02-01,Greater Brisbane,Information Media and Telecommunications,16.5815,1.963,18.5444
1996-02-01,Greater Brisbane,"Professional, Scientific and Technical Services",41.1967,8.911,50.1077
1996-02-01,Greater Hobart,Information Media and Telecommunications,1.5839,0.3234,1.9072
1996-02-01,Greater Hobart,"Professional, Scientific and Technical Services",2.9485,0.9451,3.8935
1996-02-01,Greater Melbourne,Information Media and Telecommunications,40.824,7.0013,47.8253
1996-02-01,Greater Melbourne,"Professional, Scientific and Technical Services",94.5017,24.3711,118.8728
1996-02-01,Greater Perth,Information Media and Telecommunications,11.932,2.5292,14.4612
1996-02-01,Greater Perth,"Professional, Scientific and Technical Services",35.7164,7.8086,43.525
1996-02-01,Greater Sydney,Information Media and Telecommunications,60.3571,5.96,66.3171
1996-02-01,Greater Sydney,"Professional, Scientific and Technical Services",110.0722,18.4286,128.5008
1996-02-01,Northern Territory,Information Media and Telecommunications,1.6301,0.1909,1.821
1996-02-01,Northern Territory,"Professional, Scientific and Technical Services",3.261,0.7692,4.0302
1996-02-01,Rest of NSW,Information Media and Telecommunications,14.2201,3.0137,17.2338
1996-02-01,Rest of NSW,"Professional, Scientific and Technical Services",30.5833,8.1597,38.7429
1996-02-01,Rest of Qld,Information Media and Telecommunications,8.2262,2.3588,10.585
1996-02-01,Rest of Qld,"Professional, Scientific and Technical Services",24.2399,6.1337,30.3736
1996-02-01,Rest of Vic.,Information Media and Telecommunications,7.608,2.0364,9.6444
1996-02-01,Rest of Vic.,"Professional, Scientific and Technical Services",14.9658,5.9471,20.9129
1996-05-01,Australian Capital Territory,Information Media and Telecommunications,3.643,1.126,4.769
1996-05-01,Australian Capital Territory,"Professional, Scientific and Technical Services",12.5004,2.1582,14.6587
1996-05-01,Greater Adelaide,Information Media and Telecommunications,7.6916,2.528,10.2196
1996-05-01,Greater Adelaide,"Professional, Scientific and Technical Services",22.8943,6.6171,29.5114
1996-05-01,Greater Brisbane,Information Media and Telecommunications,16.1764,1.7863,17.9627
1996-05-01,Greater Brisbane,"Professional, Scientific and Technical Services",43.8569,8.5053,52.3623
1996-05-01,Greater Hobart,Information Media and Telecommunications,1.4908,0.3273,1.8181
1996-05-01,Greater Hobart,"Professional, Scientific and Technical Services",3.4128,1.1298,4.5426
1996-05-01,Greater Melbourne,Information Media and Telecommunications,45.6295,4.687,50.3164
1996-05-01,Greater Melbourne,"Professional, Scientific and Technical Services",95.0512,22.3895,117.4406
1996-05-01,Greater Perth,Information Media and Telecommunications,11.7797,2.3277,14.1075
1996-05-01,Greater Perth,"Professional, Scientific and Technical Services",37.925,8.7389,46.6639
1996-05-01,Greater Sydney,Information Media and Telecommunications,54.3273,5.7524,60.0797
1996-05-01,Greater Sydney,"Professional, Scientific and Technical Services",112.7234,25.3671,138.0905
1996-05-01,Northern Territory,Information Media and Telecommunications,1.229,0.1838,1.4128
1996-05-01,Northern Territory,"Professional, Scientific and Technical Services",3.726,0.7872,4.5132
1996-05-01,Rest of NSW,Information Media and Telecommunications,13.028,2.4656,15.4936
1996-05-01,Rest of NSW,"Professional, Scientific and Technical Services",31.7092,7.6548,39.3639
1996-05-01,Rest of Qld,Information Media and Telecommunications,7.6048,1.6961,9.3009
1996-05-01,Rest of Qld,"Professional, Scientific and Technical Services",21.1662,6.4661,27.6323
1996-05-01,Rest of Vic.,Information Media and Telecommunications,7.7787,2.4934,10.2721
1996-05-01,Rest of Vic.,"Professional, Scientific and Technical Services",16.182,6.0195,22.2015
1996-08-01,Australian Capital Territory,Information Media and Telecommunications,3.8174,0.7716,4.589
1996-08-01,Australian Capital Territory,"Professional, Scientific and Technical Services",10.6048,2.8587,13.4635
1996-08-01,Greater Adelaide,Information Media and Telecommunications,9.2597,3.0195,12.2792
1996-08-01,Greater Adelaide,"Professional, Scientific and Technical Services",22.9053,5.8843,28.7896
1996-08-01,Greater Brisbane,Information Media and Telecommunications,15.6711,2.4288,18.0999
1996-08-01,Greater Brisbane,"Professional, Scientific and Technical Services",43.549,8.9788,52.5278
1996-08-01,Greater Hobart,Information Media and Telecommunications,1.5825,0.2356,1.8181
1996-08-01,Greater Hobart,"Professional, Scientific and Technical Services",3.1976,1.2057,4.4033
1996-08-01,Greater Melbourne,Information Media and Telecommunications,45.7651,5.3742,51.1393
1996-08-01,Greater Melbourne,"Professional, Scientific and Technical Services",96.5686,22.1532,118.7218
1996-08-01,Greater Perth,Information Media and Telecommunications,12.468,2.9174,15.3854
1996-08-01,Greater Perth,"Professional, Scientific and Technical Services",36.969,8.0176,44.9866
1996-08-01,Greater Sydney,Information Media and Telecommunications,49.0463,5.9555,55.0018
1996-08-01,Greater Sydney,"Professional, Scientific and Technical Services",122.3107,24.8737,147.1843
1996-08-01,Northern Territory,Information Media and Telecommunications,1.8521,0.1085,1.9606
1996-08-01,Northern Territory,"Professional, Scientific and Technical Services",4.1748,0.4156,4.5905
1996-08-01,Rest of NSW,Information Media and Telecommunications,11.9295,1.6339,13.5633
1996-08-01,Rest of NSW,"Professional, Scientific and Technical Services",27.7664,5.7253,33.4917
1996-08-01,Rest of Qld,Information Media and Telecommunications,6.2006,2.5714,8.7721
1996-08-01,Rest of Qld,"Professional, Scientific and Technical Services",23.955,5.9816,29.9367
1996-08-01,Rest of Vic.,Information Media and Telecommunications,7.0019,2.9028,9.9047
1996-08-01,Rest of Vic.,"Professional, Scientific and Technical Services",15.5485,6.3965,21.945
1996-11-01,Australian Capital Territory,Information Media and Telecommunications,3.3271,0.628,3.9551
1996-11-01,Australian Capital Territory,"Professional, Scientific and Technical Services",10.7962,2.6573,13.4535
1996-11-01,Greater Adelaide,Information Media and Telecommunications,9.5463,2.2542,11.8005
1996-11-01,Greater Adelaide,"Professional, Scientific and Technical Services",23.3161,5.3137,28.6298
1996-11-01,Greater Brisbane,Information Media and Telecommunications,16.1945,1.9353,18.1298
1996-11-01,Greater Brisbane,"Professional, Scientific and Technical Services",44.5605,9.6715,54.232
1996-11-01,Greater Hobart,Information Media and Telecommunications,1.846,0.1177,1.9636
1996-11-01,Greater Hobart,"Professional, Scientific and Technical Services",3.7296,1.4942,5.2238
1996-11-01,Greater Melbourne,Information Media and Telecommunications,42.323,6.0021,48.3251
1996-11-01,Greater Melbourne,"Professional, Scientific and Technical Services",102.3066,18.8043,121.111
1996-11-01,Greater Perth,Information Media and Telecommunications,14.1956,1.8961,16.0917
1996-11-01,Greater Perth,"Professional, Scientific and Technical Services",40.5471,10.9356,51.4826
1996-11-01,Greater Sydney,Information Media and Telecommunications,50.8121,6.1158,56.9279
1996-11-01,Greater Sydney,"Professional, Scientific and Technical Services",113.2758,23.2295,136.5053
1996-11-01,Northern Territory,Information Media and Telecommunications,1.7242,0.2271,1.9512
1996-11-01,Northern Territory,"Professional, Scientific and Technical Services",4.5439,0.4762,5.0201
1996-11-01,Rest of NSW,Information Media and Telecommunications,16.0398,3.3714,19.4113
1996-11-01,Rest of NSW,"Professional, Scientific and Technical Services",27.0729,6.287,33.3599
1996-11-01,Rest of Qld,Information Media and Telecommunications,8.6705,1.9093,10.5798
1996-11-01,Rest of Qld,"Professional, Scientific and Technical Services",25.0057,5.3118,30.3175
1996-11-01,Rest of Vic.,Information Media and Telecommunications,9.1905,1.5709,10.7614
1996-11-01,Rest of Vic.,"Professional, Scientific and Technical Services",11.4442,4.4482,15.8924
1997-02-01,Australian Capital Territory,Information Media and Telecommunications,3.0256,0.9887,4.0143
1997-02-01,Australian Capital Territory,"Professional, Scientific and Technical Services",11.7189,2.3198,14.0386
1997-02-01,Greater Adelaide,Information Media and Telecommunications,9.6414,2.0361,11.6774
1997-02-01,Greater Adelaide,"Professional, Scientific and Technical Services",25.7573,5.4543,31.2116
1997-02-01,Greater Brisbane,Information Media and Telecommunications,16.7449,2.1507,18.8956
1997-02-01,Greater Brisbane,"Professional, Scientific and Technical Services",45.3009,9.742,55.0428
1997-02-01,Greater Hobart,Information Media and Telecommunications,1.2886,0.2005,1.489
1997-02-01,Greater Hobart,"Professional, Scientific and Technical Services",3.8619,1.0015,4.8634
1997-02-01,Greater Melbourne,Information Media and Telecommunications,39.0676,4.8726,43.9401
1997-02-01,Greater Melbourne,"Professional, Scientific and Technical Services",96.9676,17.9718,114.9394
1997-02-01,Greater Perth,Information Media and Telecommunications,11.0364,2.5267,13.5631
1997-02-01,Greater Perth,"Professional, Scientific and Technical Services",41.5604,10.8533,52.4137
1997-02-01,Greater Sydney,Information Media and Telecommunications,55.2291,8.149,63.3782
1997-02-01,Greater Sydney,"Professional, Scientific and Technical Services",118.5737,24.2809,142.8546
1997-02-01,Northern Territory,Information Media and Telecommunications,1.1649,0.2647,1.4297
1997-02-01,Northern Territory,"Professional, Scientific and Technical Services",4.554,0.3127,4.8667
1997-02-01,Rest of NSW,Information Media and Telecommunications,16.1225,2.2196,18.3422
1997-02-01,Rest of NSW,"Professional, Scientific and Technical Services",25.9799,6.2962,32.2761
1997-02-01,Rest of Qld,Information Media and Telecommunications,8.31,2.8484,11.1584
1997-02-01,Rest of Qld,"Professional, Scientific and Technical Services",21.7653,6.1975,27.9628
1997-02-01,Rest of Vic.,Information Media and Telecommunications,6.5287,2.5454,9.0742
1997-02-01,Rest of Vic.,"Professional, Scientific and Technical Services",15.2899,4.7279,20.0178
1997-05-01,Australian Capital Territory,Information Media and Telecommunications,3.1438,0.5645,3.7083
1997-05-01,Australian Capital Territory,"Professional, Scientific and Technical Services",11.9721,2.4146,14.3867
1997-05-01,Greater Adelaide,Information Media and Telecommunications,9.351,2.3499,11.7009
1997-05-01,Greater Adelaide,"Professional, Scientific and Technical Services",23.5034,6.3456,29.8489
1997-05-01,Greater Brisbane,Information Media and Telecommunications,13.1832,3.2937,16.4768
1997-05-01,Greater Brisbane,"Professional, Scientific and Technical Services",44.7549,10.2355,54.9905
1997-05-01,Greater Hobart,Information Media and Telecommunications,1.8044,0.1913,1.9957
1997-05-01,Greater Hobart,"Professional, Scientific and Technical Services",3.1985,0.5658,3.7643
1997-05-01,Greater Melbourne,Information Media and Telecommunications,36.6846,3.8631,40.5477
1997-05-01,Greater Melbourne,"Professional, Scientific and Technical Services",101.0216,26.5668,127.5884
1997-05-01,Greater Perth,Information Media and Telecommunications,14.3847,3.2952,17.6799
1997-05-01,Greater Perth,"Professional, Scientific and Technical Services",40.8106,9.7908,50.6014
1997-05-01,Greater Sydney,Information Media and Telecommunications,59.4892,10.3014,69.7906
1997-05-01,Greater Sydney,"Professional, Scientific and Technical Services",124.8231,25.5532,150.3763
1997-05-01,Northern Territory,Information Media and Telecommunications,1.7699,0.4554,2.2254
1997-05-01,Northern Territory,"Professional, Scientific and Technical Services",3.7558,0.5382,4.294
1997-05-01,Rest of NSW,Information Media and Telecommunications,14.7618,3.3338,18.0956
1997-05-01,Rest of NSW,"Professional, Scientific and Technical Services",22.2223,6.2459,28.4681
1997-05-01,Rest of Qld,Information Media and Telecommunications,8.1471,2.2105,10.3577
1997-05-01,Rest of Qld,"Professional, Scientific and Technical Services",17.8637,4.6741,22.5378
1997-05-01,Rest of Vic.,Information Media and Telecommunications,3.7771,1.894,5.6711
1997-05-01,Rest of Vic.,"Professional, Scientific and Technical Services",15.8977,4.8792,20.7769
1997-08-01,Australian Capital Territory,Information Media and Telecommunications,4.2062,0.5472,4.7534
1997-08-01,Australian Capital Territory,"Professional, Scientific and Technical Services",13.1263,2.0549,15.1812
1997-08-01,Greater Adelaide,Information Media and Telecommunications,7.1783,1.6386,8.8169
1997-08-01,Greater Adelaide,"Professional, Scientific and Technical Services",23.9139,7.5642,31.4781
1997-08-01,Greater Brisbane,Information Media and Telecommunications,13.537,3.6448,17.1817
1997-08-01,Greater Brisbane,"Professional, Scientific and Technical Services",47.505,11.65,59.155
1997-08-01,Greater Hobart,Information Media and Telecommunications,1.9294,0.0784,2.0077
1997-08-01,Greater Hobart,"Professional, Scientific and Technical Services",3.8473,0.9044,4.7517
1997-08-01,Greater Melbourne,Information Media and Telecommunications,32.6802,3.3515,36.0317
1997-08-01,Greater Melbourne,"Professional, Scientific and Technical Services",108.1055,27.7728,135.8783
1997-08-01,Greater Perth,Information Media and Telecommunications,12.8138,3.7837,16.5975
1997-08-01,Greater Perth,"Professional, Scientific and Technical Services",42.0887,10.7145,52.8032
1997-08-01,Greater Sydney,Information Media and Telecommunications,51.8817,11.4428,63.3244
1997-08-01,Greater Sydney,"Professional, Scientific and Technical Services",122.8039,25.5208,148.3248
1997-08-01,Northern Territory,Information Media and Telecommunications,1.1536,0.1513,1.3049
1997-08-01,Northern Territory,"Professional, Scientific and Technical Services",2.3792,0.5278,2.907
1997-08-01,Rest of NSW,Information Media and Telecommunications,11.914,4.184,16.098
1997-08-01,Rest of NSW,"Professional, Scientific and Technical Services",26.6519,5.181,31.8329
1997-08-01,Rest of Qld,Information Media and Telecommunications,9.3026,1.6604,10.963
1997-08-01,Rest of Qld,"Professional, Scientific and Technical Services",22.1887,6.1853,28.374
1997-08-01,Rest of Vic.,Information Media and Telecommunications,6.0166,3.1959,9.2125
1997-08-01,Rest of Vic.,"Professional, Scientific and Technical Services",14.9584,6.914,21.8723
1997-11-01,Australian Capital Territory,Information Media and Telecommunications,3.6598,0.5931,4.2529
1997-11-01,Australian Capital Territory,"Professional, Scientific and Technical Services",13.0756,3.1188,16.1944
1997-11-01,Greater Adelaide,Information Media and Telecommunications,9.1917,1.0137,10.2054
1997-11-01,Greater Adelaide,"Professional, Scientific and Technical Services",24.6359,6.6152,31.2511
1997-11-01,Greater Brisbane,Information Media and Telecommunications,17.4341,1.6243,19.0584
1997-11-01,Greater Brisbane,"Professional, Scientific and Technical Services",42.6121,12.0223,54.6345
1997-11-01,Greater Hobart,Information Media and Telecommunications,1.9502,0.2228,2.1729
1997-11-01,Greater Hobart,"Professional, Scientific and Technical Services",3.3955,1.106,4.5014
1997-11-01,Greater Melbourne,Information Media and Telecommunications,29.8764,6.3065,36.1829
1997-11-01,Greater Melbourne,"Professional, Scientific and Technical Services",113.4017,24.221,137.6227
1997-11-01,Greater Perth,Information Media and Telecommunications,13.8468,2.7763,16.6231
1997-11-01,Greater Perth,"Professional, Scientific and Technical Services",42.8154,9.9116,52.7269
1997-11-01,Greater Sydney,Information Media and Telecommunications,42.2848,11.5478,53.8326
1997-11-01,Greater Sydney,"Professional, Scientific and Technical Services",120.2573,22.5034,142.7606
1997-11-01,Northern Territory,Information Media and Telecommunications,1.7216,0.3262,2.0478
1997-11-01,Northern Territory,"Professional, Scientific and Technical Services",2.5803,0.5806,3.161
1997-11-01,Rest of NSW,Information Media and Telecommunications,10.4053,2.4296,12.8349
1997-11-01,Rest of NSW,"Professional, Scientific and Technical Services",27.9319,6.2983,34.2301
1997-11-01,Rest of Qld,Information Media and Telecommunications,8.6301,2.0391,10.6692
1997-11-01,Rest of Qld,"Professional, Scientific and Technical Services",30.2329,7.623,37.8559
1997-11-01,Rest of Vic.,Information Media and Telecommunications,5.4388,3.2316,8.6704
1997-11-01,Rest of Vic.,"Professional, Scientific and Technical Services",15.211,3.0611,18.2721
1998-02-01,Australian Capital Territory,Information Media and Telecommunications,4.3387,0.4219,4.7606
1998-02-01,Australian Capital Territory,"Professional, Scientific and Technical Services",12.5492,2.1788,14.728
1998-02-01,Greater Adelaide,Information Media and Telecommunications,8.9967,0.9054,9.9021
1998-02-01,Greater Adelaide,"Professional, Scientific and Technical Services",23.8649,6.5079,30.3729
1998-02-01,Greater Brisbane,Information Media and Telecommunications,14.6656,2.4135,17.0791
1998-02-01,Greater Brisbane,"Professional, Scientific and Technical Services",39.5905,11.6176,51.208
1998-02-01,Greater Hobart,Information Media and Telecommunications,1.1209,0.111,1.2318
1998-02-01,Greater Hobart,"Professional, Scientific and Technical Services",4.3044,1.5537,5.8581
1998-02-01,Greater Melbourne,Information Media and Telecommunications,29.4982,7.4596,36.9578
1998-02-01,Greater Melbourne,"Professional, Scientific and Technical Services",111.4339,25.094,136.5279
1998-02-01,Greater Perth,Information Media and Telecommunications,13.0591,3.4979,16.5571
1998-02-01,Greater Perth,"Professional, Scientific and Technical Services",40.4104,8.4962,48.9066
1998-02-01,Greater Sydney,Information Media and Telecommunications,46.1636,11.3529,57.5165
1998-02-01,Greater Sydney,"Professional, Scientific and Technical Services",128.9538,20.9923,149.9461
1998-02-01,Northern Territory,Information Media and Telecommunications,1.2237,0.1276,1.3513
1998-02-01,Northern Territory,"Professional, Scientific and Technical Services",2.2916,0.3554,2.647
1998-02-01,Rest of NSW,Information Media and Telecommunications,11.2204,2.4312,13.6517
1998-02-01,Rest of NSW,"Professional, Scientific and Technical Services",28.6196,7.7804,36.4
1998-02-01,Rest of Qld,Information Media and Telecommunications,9.1338,2.2073,11.3411
1998-02-01,Rest of Qld,"Professional, Scientific and Technical Services",33.6632,9.0178,42.681
1998-02-01,Rest of Vic.,Information Media and Telecommunications,5.2486,1.8991,7.1476
1998-02-01,Rest of Vic.,"Professional, Scientific and Technical Services",18.7097,3.5842,22.2939
1998-05-01,Australian Capital Territory,Information Media and Telecommunications,5.4348,0.7266,6.1614
1998-05-01,Australian Capital Territory,"Professional, Scientific and Technical Services",13.0711,2.912,15.9831
1998-05-01,Greater Adelaide,Information Media and Telecommunications,7.4434,2.4191,9.8625
1998-05-01,Greater Adelaide,"Professional, Scientific and Technical Services",25.0693,4.4941,29.5634
1998-05-01,Greater Brisbane,Information Media and Telecommunications,13.1165,3.2135,16.3299
1998-05-01,Greater Brisbane,"Professional, Scientific and Technical Services",39.327,10.0026,49.3296
1998-05-01,Greater Hobart,Information Media and Telecommunications,1.0808,0.3456,1.4263
1998-05-01,Greater Hobart,"Professional, Scientific and Technical Services",3.5984,1.4843,5.0827
1998-05-01,Greater Melbourne,Information Media and Telecommunications,28.5733,9.1709,37.7442
1998-05-01,Greater Melbourne,"Professional, Scientific and Technical Services",109.522,26.0921,135.6141
1998-05-01,Greater Perth,Information Media and Telecommunications,10.0374,3.6648,13.7022
1998-05-01,Greater Perth,"Professional, Scientific and Technical Services",35.5413,9.9034,45.4447
1998-05-01,Greater Sydney,Information Media and Telecommunications,49.3323,12.8572,62.1895
1998-05-01,Greater Sydney,"Professional, Scientific and Technical Services",128.7956,23.0306,151.8262
1998-05-01,Northern Territory,Information Media and Telecommunications,1.011,0.7823,1.7934
1998-05-01,Northern Territory,"Professional, Scientific and Technical Services",3.5158,0.8216,4.3374
1998-05-01,Rest of NSW,Information Media and Telecommunications,11.3791,3.3707,14.7498
1998-05-01,Rest of NSW,"Professional, Scientific and Technical Services",25.91,7.4726,33.3826
1998-05-01,Rest of Qld,Information Media and Telecommunications,10.2055,3.8113,14.0169
1998-05-01,Rest of Qld,"Professional, Scientific and Technical Services",29.3712,8.4422,37.8134
1998-05-01,Rest of Vic.,Information Media and Telecommunications,5.2541,0.8105,6.0647
1998-05-01,Rest of Vic.,"Professional, Scientific and Technical Services",15.1274,4.3224,19.4497
1998-08-01,Australian Capital Territory,Information Media and Telecommunications,4.7639,0.4972,5.2611
1998-08-01,Australian Capital Territory,"Professional, Scientific and Technical Services",12.5722,3.004,15.5762
1998-08-01,Greater Adelaide,Information Media and Telecommunications,6.0297,2.6023,8.632
1998-08-01,Greater Adelaide,"Professional, Scientific and Technical Services",26.4631,7.8285,34.2916
1998-08-01,Greater Brisbane,Information Media and Telecommunications,12.9633,3.9859,16.9491
1998-08-01,Greater Brisbane,"Professional, Scientific and Technical Services",41.6909,9.9739,51.6648
1998-08-01,Greater Hobart,Information Media and Telecommunications,1.4437,0.4319,1.8755
1998-08-01,Greater Hobart,"Professional, Scientific and Technical Services",4.082,1.5342,5.6162
1998-08-01,Greater Melbourne,Information Media and Telecommunications,31.9133,8.3846,40.2979
1998-08-01,Greater Melbourne,"Professional, Scientific and Technical Services",114.2148,26.6938,140.9087
1998-08-01,Greater Perth,Information Media and Telecommunications,9.7693,4.7827,14.552
1998-08-01,Greater Perth,"Professional, Scientific and Technical Services",38.9249,9.6981,48.623
1998-08-01,Greater Sydney,Information Media and Telecommunications,48.0555,10.689,58.7445
1998-08-01,Greater Sydney,"Professional, Scientific and Technical Services",128.2515,26.6947,154.9463
1998-08-01,Northern Territory,Information Media and Telecommunications,1.3039,0.1581,1.462
1998-08-01,Northern Territory,"Professional, Scientific and Technical Services",4.2062,0.6303,4.8365
1998-08-01,Rest of NSW,Information Media and Telecommunications,9.7206,2.231,11.9516
1998-08-01,Rest of NSW,"Professional, Scientific and Technical Services",26.4159,7.4198,33.8357
1998-08-01,Rest of Qld,Information Media and Telecommunications,9.4092,3.3578,12.767
1998-08-01,Rest of Qld,"Professional, Scientific and Technical Services",25.6408,6.5218,32.1626
1998-08-01,Rest of Vic.,Information Media and Telecommunications,4.7729,1.2607,6.0336
1998-08-01,Rest of Vic.,"Professional, Scientific and Technical Services",15.9194,3.8227,19.7422
1998-11-01,Australian Capital Territory,Information Media and Telecommunications,3.949,0.6893,4.6383
1998-11-01,Australian Capital Territory,"Professional, Scientific and Technical Services",12.1448,2.8423,14.9871
1998-11-01,Greater Adelaide,Information Media and Telecommunications,8.2146,2.271,10.4856
1998-11-01,Greater Adelaide,"Professional, Scientific and Technical Services",24.8686,6.9187,31.7873
1998-11-01,Greater Brisbane,Information Media and Telecommunications,15.0455,3.9093,18.9548
1998-11-01,Greater Brisbane,"Professional, Scientific and Technical Services",44.6659,11.2377,55.9036
1998-11-01,Greater Hobart,Information Media and Telecommunications,1.5446,0.0915,1.6361
1998-11-01,Greater Hobart,"Professional, Scientific and Technical Services",3.767,1.6577,5.4247
1998-11-01,Greater Melbourne,Information Media and Telecommunications,31.6787,7.668,39.3467
1998-11-01,Greater Melbourne,"Professional, Scientific and Technical Services",114.2083,25.3905,139.5988
1998-11-01,Greater Perth,Information Media and Telecommunications,10.8899,4.4507,15.3405
1998-11-01,Greater Perth,"Professional, Scientific and Technical Services",39.1712,9.9686,49.1398
1998-11-01,Greater Sydney,Information Media and Telecommunications,47.8075,7.5047,55.3122
1998-11-01,Greater Sydney,"Professional, Scientific and Technical Services",134.4472,23.7195,158.1667
1998-11-01,Northern Territory,Information Media and Telecommunications,1.1914,0.2931,1.4846
1998-11-01,Northern Territory,"Professional, Scientific and Technical Services",4.721,0.7521,5.473
1998-11-01,Rest of NSW,Information Media and Telecommunications,9.8063,2.682,12.4882
1998-11-01,Rest of NSW,"Professional, Scientific and Technical Services",26.5114,6.712,33.2234
1998-11-01,Rest of Qld,Information Media and Telecommunications,7.8014,3.0149,10.8162
1998-11-01,Rest of Qld,"Professional, Scientific and Technical Services",23.6648,5.5395,29.2043
1998-11-01,Rest of Vic.,Information Media and Telecommunications,5.8792,2.1169,7.9962
1998-11-01,Rest of Vic.,"Professional, Scientific and Technical Services",16.3402,2.1752,18.5154
1999-02-01,Australian Capital Territory,Information Media and Telecommunications,3.6059,0.7502,4.3561
1999-02-01,Australian Capital Territory,"Professional, Scientific and Technical Services",12.8226,2.9847,15.8073
1999-02-01,Greater Adelaide,Information Media and Telecommunications,9.6754,2.1675,11.8429
1999-02-01,Greater Adelaide,"Professional, Scientific and Technical Services",29.071,6.0584,35.1294
1999-02-01,Greater Brisbane,Information Media and Telecommunications,14.7294,3.196,17.9254
1999-02-01,Greater Brisbane,"Professional, Scientific and Technical Services",43.0832,9.3088,52.3919
1999-02-01,Greater Hobart,Information Media and Telecommunications,1.7123,0.0875,1.7998
1999-02-01,Greater Hobart,"Professional, Scientific and Technical Services",3.285,1.168,4.4531
1999-02-01,Greater Melbourne,Information Media and Telecommunications,33.7929,5.2469,39.0399
1999-02-01,Greater Melbourne,"Professional, Scientific and Technical Services",108.1692,22.0044,130.1736
1999-02-01,Greater Perth,Information Media and Telecommunications,8.7811,4.3128,13.0939
1999-02-01,Greater Perth,"Professional, Scientific and Technical Services",35.7785,10.7374,46.5159
1999-02-01,Greater Sydney,Information Media and Telecommunications,46.0549,6.0098,52.0648
1999-02-01,Greater Sydney,"Professional, Scientific and Technical Services",139.27,26.615,165.885
1999-02-01,Northern Territory,Information Media and Telecommunications,2.0481,0.29,2.3381
1999-02-01,Northern Territory,"Professional, Scientific and Technical Services",4.4116,0.4642,4.8757
1999-02-01,Rest of NSW,Information Media and Telecommunications,12.3228,3.5798,15.9027
1999-02-01,Rest of NSW,"Professional, Scientific and Technical Services",29.2731,4.5898,33.8629
1999-02-01,Rest of Qld,Information Media and Telecommunications,9.4567,3.684,13.1407
1999-02-01,Rest of Qld,"Professional, Scientific and Technical Services",26.6005,6.8948,33.4954
1999-02-01,Rest of Vic.,Information Media and Telecommunications,4.3805,2.699,7.0795
1999-02-01,Rest of Vic.,"Professional, Scientific and Technical Services",12.6815,3.8639,16.5454
1999-05-01,Australian Capital Territory,Information Media and Telecommunications,3.8008,0.4408,4.2416
1999-05-01,Australian Capital Territory,"Professional, Scientific and Technical Services",13.8817,2.4875,16.3692
1999-05-01,Greater Adelaide,Information Media and Telecommunications,9.2775,1.7976,11.0752
1999-05-01,Greater Adelaide,"Professional, Scientific and Technical Services",22.6228,5.8944,28.5172
1999-05-01,Greater Brisbane,Information Media and Telecommunications,15.1219,3.7154,18.8373
1999-05-01,Greater Brisbane,"Professional, Scientific and Technical Services",39.8116,10.0485,49.86
1999-05-01,Greater Hobart,Information Media and Telecommunications,1.9877,0.1291,2.1168
1999-05-01,Greater Hobart,"Professional, Scientific and Technical Services",2.6149,0.73,3.3449
1999-05-01,Greater Melbourne,Information Media and Telecommunications,35.2715,7.9095,43.181
1999-05-01,Greater Melbourne,"Professional, Scientific and Technical Services",103.2441,25.9097,129.1538
1999-05-01,Greater Perth,Information Media and Telecommunications,10.7303,2.8321,13.5624
1999-05-01,Greater Perth,"Professional, Scientific and Technical Services",38.2606,9.2124,47.473
1999-05-01,Greater Sydney,Information Media and Telecommunications,46.4747,7.138,53.6127
1999-05-01,Greater Sydney,"Professional, Scientific and Technical Services",140.8095,26.4405,167.25
1999-05-01,Northern Territory,Information Media and Telecommunications,2.418,0.2147,2.6327
1999-05-01,Northern Territory,"Professional, Scientific and Technical Services",3.7658,0.9118,4.6777
1999-05-01,Rest of NSW,Information Media and Telecommunications,11.0491,2.5221,13.5712
1999-05-01,Rest of NSW,"Professional, Scientific and Technical Services",32.2646,8.0403,40.305
1999-05-01,Rest of Qld,Information Media and Telecommunications,7.7356,3.9523,11.6879
1999-05-01,Rest of Qld,"Professional, Scientific and Technical Services",28.088,7.3482,35.4362
1999-05-01,Rest of Vic.,Information Media and Telecommunications,5.5658,2.2286,7.7944
1999-05-01,Rest of Vic.,"Professional, Scientific and Technical Services",16.87,4.9804,21.8503
1999-08-01,Australian Capital Territory,Information Media and Telecommunications,3.8697,0.7181,4.5878
1999-08-01,Australian Capital Territory,"Professional, Scientific and Technical Services",12.803,2.387,15.1901
1999-08-01,Greater Adelaide,Information Media and Telecommunications,8.1722,1.5611,9.7333
1999-08-01,Greater Adelaide,"Professional, Scientific and Technical Services",25.0391,6.8623,31.9014
1999-08-01,Greater Brisbane,Information Media and Telecommunications,13.1879,1.4656,14.6535
1999-08-01,Greater Brisbane,"Professional, Scientific and Technical Services",39.1995,11.7554,50.9549
1999-08-01,Greater Hobart,Information Media and Telecommunications,2.7419,0.4681,3.2099
1999-08-01,Greater Hobart,"Professional, Scientific and Technical Services",3.502,0.9844,4.4864
1999-08-01,Greater Melbourne,Information Media and Telecommunications,34.5746,6.1278,40.7024
1999-08-01,Greater Melbourne,"Professional, Scientific and Technical Services",118.1223,24.6733,142.7955
1999-08-01,Greater Perth,Information Media and Telecommunications,9.3815,2.0437,11.4252
1999-08-01,Greater Perth,"Professional, Scientific and Technical Services",38.962,10.4756,49.4376
1999-08-01,Greater Sydney,Information Media and Telecommunications,48.0552,8.9158,56.971
1999-08-01,Greater Sydney,"Professional, Scientific and Technical Services",125.3998,26.7773,152.177
1999-08-01,Northern Territory,Information Media and Telecommunications,2.028,0.2862,2.3142
1999-08-01,Northern Territory,"Professional, Scientific and Technical Services",4.1017,0.9716,5.0732
1999-08-01,Rest of NSW,Information Media and Telecommunications,10.7135,2.1903,12.9039
1999-08-01,Rest of NSW,"Professional, Scientific and Technical Services",30.7442,7.5864,38.3306
1999-08-01,Rest of Qld,Information Media and Telecommunications,9.4541,3.5732,13.0272
1999-08-01,Rest of Qld,"Professional, Scientific and Technical Services",21.7708,8.2118,29.9825
1999-08-01,Rest of Vic.,Information Media and Telecommunications,5.2414,3.1532,8.3946
1999-08-01,Rest of Vic.,"Professional, Scientific and Technical Services",16.4805,7.0133,23.4938
1999-11-01,Australian Capital Territory,Information Media and Telecommunications,3.8055,0.565,4.3704
1999-11-01,Australian Capital Territory,"Professional, Scientific and Technical Services",13.1747,2.4399,15.6146
1999-11-01,Greater Adelaide,Information Media and Telecommunications,6.7884,1.076,7.8644
1999-11-01,Greater Adelaide,"Professional, Scientific and Technical Services",22.7386,7.8523,30.5909
1999-11-01,Greater Brisbane,Information Media and Telecommunications,16.139,2.9605,19.0996
1999-11-01,Greater Brisbane,"Professional, Scientific and Technical Services",49.7731,11.4477,61.2209
1999-11-01,Greater Hobart,Information Media and Telecommunications,3.0659,0.3368,3.4027
1999-11-01,Greater Hobart,"Professional, Scientific and Technical Services",2.6949,1.147,3.8419
1999-11-01,Greater Melbourne,Information Media and Telecommunications,34.86,6.9918,41.8518
1999-11-01,Greater Melbourne,"Professional, Scientific and Technical Services",111.8843,26.3727,138.257
1999-11-01,Greater Perth,Information Media and Telecommunications,10.5957,2.1929,12.7886
1999-11-01,Greater Perth,"Professional, Scientific and Technical Services",41.9087,11.3643,53.273
1999-11-01,Greater Sydney,Information Media and Telecommunications,58.7801,8.5502,67.3303
1999-11-01,Greater Sydney,"Professional, Scientific and Technical Services",138.6466,24.6121,163.2587
1999-11-01,Northern Territory,Information Media and Telecommunications,2.0022,0.1955,2.1977
1999-11-01,Northern Territory,"Professional, Scientific and Technical Services",3.6461,0.5786,4.2247
1999-11-01,Rest of NSW,Information Media and Telecommunications,13.3919,3.1911,16.583
1999-11-01,Rest of NSW,"Professional, Scientific and Technical Services",31.1859,9.6239,40.8098
1999-11-01,Rest of Qld,Information Media and Telecommunications,11.3967,4.4454,15.8422
1999-11-01,Rest of Qld,"Professional, Scientific and Technical Services",26.5748,7.232,33.8068
1999-11-01,Rest of Vic.,Information Media and Telecommunications,5.5877,3.0638,8.6515
1999-11-01,Rest of Vic.,"Professional, Scientific and Technical Services",12.9159,7.3672,20.2831
2000-02-01,Australian Capital Territory,Information Media and Telecommunications,5.2523,0.5216,5.774
2000-02-01,Australian Capital Territory,"Professional, Scientific and Technical Services",13.3499,2.7232,16.0731
2000-02-01,Greater Adelaide,Information Media and Telecommunications,8.5586,1.3576,9.9162
2000-02-01,Greater Adelaide,"Professional, Scientific and Technical Services",21.0065,6.153,27.1595
2000-02-01,Greater Brisbane,Information Media and Telecommunications,15.8057,1.5703,17.376
2000-02-01,Greater Brisbane,"Professional, Scientific and Technical Services",46.8701,9.1532,56.0233
2000-02-01,Greater Hobart,Information Media and Telecommunications,2.3081,0.7513,3.0594
2000-02-01,Greater Hobart,"Professional, Scientific and Technical Services",2.9013,1.1361,4.0374
2000-02-01,Greater Melbourne,Information Media and Telecommunications,38.8538,8.8268,47.6805
2000-02-01,Greater Melbourne,"Professional, Scientific and Technical Services",105.6229,27.7055,133.3284
2000-02-01,Greater Perth,Information Media and Telecommunications,8.7265,2.3228,11.0493
2000-02-01,Greater Perth,"Professional, Scientific and Technical Services",41.8528,9.3576,51.2105
2000-02-01,Greater Sydney,Information Media and Telecommunications,67.2234,9.8064,77.0298
2000-02-01,Greater Sydney,"Professional, Scientific and Technical Services",148.5989,19.9062,168.5051
2000-02-01,Northern Territory,Information Media and Telecommunications,1.6175,0.2996,1.9171
2000-02-01,Northern Territory,"Professional, Scientific and Technical Services",3.4602,0.5045,3.9647
2000-02-01,Rest of NSW,Information Media and Telecommunications,15.0021,3.2052,18.2073
2000-02-01,Rest of NSW,"Professional, Scientific and Technical Services",30.1921,9.1179,39.31
2000-02-01,Rest of Qld,Information Media and Telecommunications,13.6515,4.8388,18.4903
2000-02-01,Rest of Qld,"Professional, Scientific and Technical Services",27.9044,7.7843,35.6887
2000-02-01,Rest of Vic.,Information Media and Telecommunications,5.3878,1.4613,6.8491
2000-02-01,Rest of Vic.,"Professional, Scientific and Technical Services",13.5526,6.8695,20.4221
2000-05-01,Australian Capital Territory,Information Media and Telecommunications,4.4542,0.7619,5.2161
2000-05-01,Australian Capital Territory,"Professional, Scientific and Technical Services",13.8386,1.7404,15.579
2000-05-01,Greater Adelaide,Information Media and Telecommunications,10.5952,1.1962,11.7914
2000-05-01,Greater Adelaide,"Professional, Scientific and Technical Services",25.5443,6.9903,32.5345
2000-05-01,Greater Brisbane,Information Media and Telecommunications,19.4268,2.8236,22.2504
2000-05-01,Greater Brisbane,"Professional, Scientific and Technical Services",49.0884,11.6266,60.715
2000-05-01,Greater Hobart,Information Media and Telecommunications,1.7922,0.3097,2.1019
2000-05-01,Greater Hobart,"Professional, Scientific and Technical Services",2.3144,2.0258,4.3402
2000-05-01,Greater Melbourne,Information Media and Telecommunications,38.1877,9.0148,47.2025
2000-05-01,Greater Melbourne,"Professional, Scientific and Technical Services",113.0611,24.6501,137.7112
2000-05-01,Greater Perth,Information Media and Telecommunications,9.8125,3.8159,13.6284
2000-05-01,Greater Perth,"Professional, Scientific and Technical Services",41.8077,10.2245,52.0321
2000-05-01,Greater Sydney,Information Media and Telecommunications,67.1496,10.1129,77.2625
2000-05-01,Greater Sydney,"Professional, Scientific and Technical Services",143.2553,28.0146,171.2699
2000-05-01,Northern Territory,Information Media and Telecommunications,1.5749,0.3098,1.8848
2000-05-01,Northern Territory,"Professional, Scientific and Technical Services",3.1749,0.7006,3.8755
2000-05-01,Rest of NSW,Information Media and Telecommunications,10.0977,2.8681,12.9658
2000-05-01,Rest of NSW,"Professional, Scientific and Technical Services",29.7271,7.8224,37.5495
2000-05-01,Rest of Qld,Information Media and Telecommunications,12.6977,3.3313,16.029
2000-05-01,Rest of Qld,"Professional, Scientific and Technical Services",28.6626,6.2785,34.9412
2000-05-01,Rest of Vic.,Information Media and Telecommunications,6.1266,1.6891,7.8158
2000-05-01,Rest of Vic.,"Professional, Scientific and Technical Services",11.699,4.3085,16.0075
2000-08-01,Australian Capital Territory,Information Media and Telecommunications,4.5236,0.8192,5.3428
2000-08-01,Australian Capital Territory,"Professional, Scientific and Technical Services",15.0422,2.6628,17.705
2000-08-01,Greater Adelaide,Information Media and Telecommunications,11.9175,2.0299,13.9474
2000-08-01,Greater Adelaide,"Professional, Scientific and Technical Services",25.162,7.4752,32.6372
2000-08-01,Greater Brisbane,Information Media and Telecommunications,15.9256,3.5167,19.4423
2000-08-01,Greater Brisbane,"Professional, Scientific and Technical Services",46.5353,10.5021,57.0375
2000-08-01,Greater Hobart,Information Media and Telecommunications,1.2484,0.0887,1.3371
2000-08-01,Greater Hobart,"Professional, Scientific and Technical Services",3.0945,0.9248,4.0193
2000-08-01,Greater Melbourne,Information Media and Telecommunications,45.8058,8.0082,53.814
2000-08-01,Greater Melbourne,"Professional, Scientific and Technical Services",112.3837,27.1452,139.5289
2000-08-01,Greater Perth,Information Media and Telecommunications,11.4103,3.4138,14.8241
2000-08-01,Greater Perth,"Professional, Scientific and Technical Services",39.8735,8.8522,48.7257
2000-08-01,Greater Sydney,Information Media and Telecommunications,60.7827,8.6255,69.4082
2000-08-01,Greater Sydney,"Professional, Scientific and Technical Services",149.0731,31.1148,180.1879
2000-08-01,Northern Territory,Information Media and Telecommunications,1.4126,0.0088,1.4213
2000-08-01,Northern Territory,"Professional, Scientific and Technical Services",2.1839,0.6573,2.8412
2000-08-01,Rest of NSW,Information Media and Telecommunications,8.9257,2.9465,11.8721
2000-08-01,Rest of NSW,"Professional, Scientific and Technical Services",30.0597,9.0383,39.098
2000-08-01,Rest of Qld,Information Media and Telecommunications,8.961,3.4834,12.4443
2000-08-01,Rest of Qld,"Professional, Scientific and Technical Services",27.6226,7.3709,34.9934
2000-08-01,Rest of Vic.,Information Media and Telecommunications,6.3331,2.9311,9.2642
2000-08-01,Rest of Vic.,"Professional, Scientific and Technical Services",11.8948,3.6541,15.5489
2000-11-01,Australian Capital Territory,Information Media and Telecommunications,3.7784,1.4566,5.235
2000-11-01,Australian Capital Territory,"Professional, Scientific and Technical Services",14.96,2.6012,17.5612
2000-11-01,Greater Adelaide,Information Media and Telecommunications,11.0961,1.9835,13.0796
2000-11-01,Greater Adelaide,"Professional, Scientific and Technical Services",23.4056,7.9461,31.3517
2000-11-01,Greater Brisbane,Information Media and Telecommunications,14.5934,3.7477,18.341
2000-11-01,Greater Brisbane,"Professional, Scientific and Technical Services",50.4931,7.7595,58.2526
2000-11-01,Greater Hobart,Information Media and Telecommunications,0.8632,0.4856,1.3488
2000-11-01,Greater Hobart,"Professional, Scientific and Technical Services",3.3092,1.1484,4.4577
2000-11-01,Greater Melbourne,Information Media and Telecommunications,51.8436,8.4701,60.3137
2000-11-01,Greater Melbourne,"Professional, Scientific and Technical Services",113.1383,26.4005,139.5387
2000-11-01,Greater Perth,Information Media and Telecommunications,10.1407,4.4004,14.5411
2000-11-01,Greater Perth,"Professional, Scientific and Technical Services",41.7709,9.9014,51.6724
2000-11-01,Greater Sydney,Information Media and Telecommunications,63.0134,10.0302,73.0436
2000-11-01,Greater Sydney,"Professional, Scientific and Technical Services",153.6067,28.0735,181.6802
2000-11-01,Northern Territory,Information Media and Telecommunications,1.7225,0.1348,1.8574
2000-11-01,Northern Territory,"Professional, Scientific and Technical Services",2.6051,0.5173,3.1224
2000-11-01,Rest of NSW,Information Media and Telecommunications,11.8791,4.1329,16.012
2000-11-01,Rest of NSW,"Professional, Scientific and Technical Services",30.8498,10.3633,41.2132
2000-11-01,Rest of Qld,Information Media and Telecommunications,5.9852,3.6941,9.6793
2000-11-01,Rest of Qld,"Professional, Scientific and Technical Services",29.7075,8.8787,38.5862
2000-11-01,Rest of Vic.,Information Media and Telecommunications,3.5734,2.2486,5.822
2000-11-01,Rest of Vic.,"Professional, Scientific and Technical Services",15.0903,4.0027,19.093
2001-02-01,Australian Capital Territory,Information Media and Telecommunications,4.2942,1.2487,5.5428
2001-02-01,Australian Capital Territory,"Professional, Scientific and Technical Services",15.2703,3.0792,18.3495
2001-02-01,Greater Adelaide,Information Media and Telecommunications,10.1407,1.5644,11.7051
2001-02-01,Greater Adelaide,"Professional, Scientific and Technical Services",23.6185,6.8529,30.4714
2001-02-01,Greater Brisbane,Information Media and Telecommunications,12.299,3.5808,15.8799
2001-02-01,Greater Brisbane,"Professional, Scientific and Technical Services",48.8489,12.1383,60.9872
2001-02-01,Greater Hobart,Information Media and Telecommunications,1.5822,0.3585,1.9408
2001-02-01,Greater Hobart,"Professional, Scientific and Technical Services",3.6506,0.825,4.4756
2001-02-01,Greater Melbourne,Information Media and Telecommunications,52.1747,6.931,59.1057
2001-02-01,Greater Melbourne,"Professional, Scientific and Technical Services",123.34,24.5718,147.9117
2001-02-01,Greater Perth,Information Media and Telecommunications,10.3272,3.7355,14.0627
2001-02-01,Greater Perth,"Professional, Scientific and Technical Services",43.6172,14.1326,57.7498
2001-02-01,Greater Sydney,Information Media and Telecommunications,64.4523,9.3464,73.7987
2001-02-01,Greater Sydney,"Professional, Scientific and Technical Services",159.5539,29.2154,188.7693
2001-02-01,Northern Territory,Information Media and Telecommunications,2.1052,0.1156,2.2208
2001-02-01,Northern Territory,"Professional, Scientific and Technical Services",1.9085,0.492,2.4004
2001-02-01,Rest of NSW,Information Media and Telecommunications,13.8843,5.4609,19.3452
2001-02-01,Rest of NSW,"Professional, Scientific and Technical Services",38.8374,12.3971,51.2345
2001-02-01,Rest of Qld,Information Media and Telecommunications,8.4888,3.1128,11.6016
2001-02-01,Rest of Qld,"Professional, Scientific and Technical Services",29.0435,7.7537,36.7972
2001-02-01,Rest of Vic.,Information Media and Telecommunications,4.6764,1.8423,6.5187
2001-02-01,Rest of Vic.,"Professional, Scientific and Technical Services",16.1467,3.6766,19.8233
2001-05-01,Australian Capital Territory,Information Media and Telecommunications,5.7632,1.1618,6.925
2001-05-01,Australian Capital Territory,"Professional, Scientific and Technical Services",13.5268,3.2875,16.8142
2001-05-01,Greater Adelaide,Information Media and Telecommunications,11.9078,2.007,13.9148
2001-05-01,Greater Adelaide,"Professional, Scientific and Technical Services",22.4921,5.8695,28.3616
2001-05-01,Greater Brisbane,Information Media and Telecommunications,13.6322,3.0004,16.6326
2001-05-01,Greater Brisbane,"Professional, Scientific and Technical Services",43.4245,13.9112,57.3358
2001-05-01,Greater Hobart,Information Media and Telecommunications,1.5251,0.904,2.4292
2001-05-01,Greater Hobart,"Professional, Scientific and Technical Services",3.3558,0.6292,3.985
2001-05-01,Greater Melbourne,Information Media and Telecommunications,51.719,7.5212,59.2402
2001-05-01,Greater Melbourne,"Professional, Scientific and Technical Services",113.7632,28.7503,142.5135
2001-05-01,Greater Perth,Information Media and Telecommunications,10.6567,4.0585,14.7152
2001-05-01,Greater Perth,"Professional, Scientific and Technical Services",43.2809,12.2795,55.5604
2001-05-01,Greater Sydney,Information Media and Telecommunications,63.6785,7.7068,71.3853
2001-05-01,Greater Sydney,"Professional, Scientific and Technical Services",156.07,33.3179,189.3878
2001-05-01,Northern Territory,Information Media and Telecommunications,2.3397,0.558,2.8977
2001-05-01,Northern Territory,"Professional, Scientific and Technical Services",2.5389,0.6479,3.1868
2001-05-01,Rest of NSW,Information Media and Telecommunications,12.3535,7.2663,19.6197
2001-05-01,Rest of NSW,"Professional, Scientific and Technical Services",34.1374,10.1533,44.2907
2001-05-01,Rest of Qld,Information Media and Telecommunications,8.4452,4.0994,12.5445
2001-05-01,Rest of Qld,"Professional, Scientific and Technical Services",27.769,8.681,36.4499
2001-05-01,Rest of Vic.,Information Media and Telecommunications,5.1009,3.8485,8.9494
2001-05-01,Rest of Vic.,"Professional, Scientific and Technical Services",13.822,6.0329,19.8549
2001-08-01,Australian Capital Territory,Information Media and Telecommunications,4.1198,1.082,5.2018
2001-08-01,Australian Capital Territory,"Professional, Scientific and Technical Services",13.8578,3.7343,17.5921
2001-08-01,Greater Adelaide,Information Media and Telecommunications,9.1471,2.5841,11.7311
2001-08-01,Greater Adelaide,"Professional, Scientific and Technical Services",24.4429,6.6268,31.0697
2001-08-01,Greater Brisbane,Information Media and Telecommunications,11.9634,2.4162,14.3795
2001-08-01,Greater Brisbane,"Professional, Scientific and Technical Services",40.8114,13.2782,54.0896
2001-08-01,Greater Hobart,Information Media and Telecommunications,1.9663,0.5844,2.5507
2001-08-01,Greater Hobart,"Professional, Scientific and Technical Services",3.6811,1.1655,4.8466
2001-08-01,Greater Melbourne,Information Media and Telecommunications,44.7271,9.3233,54.0504
2001-08-01,Greater Melbourne,"Professional, Scientific and Technical Services",106.1206,30.1092,136.2298
2001-08-01,Greater Perth,Information Media and Telecommunications,11.2748,4.2469,15.5217
2001-08-01,Greater Perth,"Professional, Scientific and Technical Services",39.4328,9.2642,48.6971
2001-08-01,Greater Sydney,Information Media and Telecommunications,60.7355,9.4052,70.1407
2001-08-01,Greater Sydney,"Professional, Scientific and Technical Services",145.8258,29.3791,175.2049
2001-08-01,Northern Territory,Information Media and Telecommunications,2.0331,0.2376,2.2707
2001-08-01,Northern Territory,"Professional, Scientific and Technical Services",3.3732,1.2688,4.6419
2001-08-01,Rest of NSW,Information Media and Telecommunications,9.9686,4.997,14.9656
2001-08-01,Rest of NSW,"Professional, Scientific and Technical Services",31.2667,14.5327,45.7994
2001-08-01,Rest of Qld,Information Media and Telecommunications,7.7611,3.2039,10.965
2001-08-01,Rest of Qld,"Professional, Scientific and Technical Services",28.1634,6.7167,34.8802
2001-08-01,Rest of Vic.,Information Media and Telecommunications,4.1592,2.4397,6.5989
2001-08-01,Rest of Vic.,"Professional, Scientific and Technical Services",13.3291,6.7714,20.1005
2001-11-01,Australian Capital Territory,Information Media and Telecommunications,3.618,0.938,4.556
2001-11-01,Australian Capital Territory,"Professional, Scientific and Technical Services",13.7617,3.0171,16.7788
2001-11-01,Greater Adelaide,Information Media and Telecommunications,7.703,2.4304,10.1334
2001-11-01,Greater Adelaide,"Professional, Scientific and Technical Services",20.6158,5.6324,26.2481
2001-11-01,Greater Brisbane,Information Media and Telecommunications,11.0477,3.0894,14.1371
2001-11-01,Greater Brisbane,"Professional, Scientific and Technical Services",43.9307,11.7508,55.6814
2001-11-01,Greater Hobart,Information Media and Telecommunications,2.1671,0.566,2.7331
2001-11-01,Greater Hobart,"Professional, Scientific and Technical Services",3.3986,1.1157,4.5143
2001-11-01,Greater Melbourne,Information Media and Telecommunications,43.2936,11.2354,54.529
2001-11-01,Greater Melbourne,"Professional, Scientific and Technical Services",103.357,23.7969,127.1539
2001-11-01,Greater Perth,Information Media and Telecommunications,9.5698,4.2819,13.8517
2001-11-01,Greater Perth,"Professional, Scientific and Technical Services",37.9708,10.3419,48.3127
2001-11-01,Greater Sydney,Information Media and Telecommunications,61.5261,10.3648,71.8909
2001-11-01,Greater Sydney,"Professional, Scientific and Technical Services",143.1667,31.4415,174.6082
2001-11-01,Northern Territory,Information Media and Telecommunications,1.3106,0.2893,1.6
2001-11-01,Northern Territory,"Professional, Scientific and Technical Services",3.3023,1.1986,4.5009
2001-11-01,Rest of NSW,Information Media and Telecommunications,9.9333,4.0857,14.019
2001-11-01,Rest of NSW,"Professional, Scientific and Technical Services",30.2889,9.6313,39.9201
2001-11-01,Rest of Qld,Information Media and Telecommunications,6.2935,4.3906,10.6842
2001-11-01,Rest of Qld,"Professional, Scientific and Technical Services",27.0532,8.2986,35.3519
2001-11-01,Rest of Vic.,Information Media and Telecommunications,6.0578,1.7389,7.7967
2001-11-01,Rest of Vic.,"Professional, Scientific and Technical Services",13.4313,5.5338,18.9651
2002-02-01,Australian Capital Territory,Information Media and Telecommunications,3.7032,0.5463,4.2495
2002-02-01,Australian Capital Territory,"Professional, Scientific and Technical Services",15.2777,2.9243,18.202
2002-02-01,Greater Adelaide,Information Media and Telecommunications,8.5817,2.3059,10.8877
2002-02-01,Greater Adelaide,"Professional, Scientific and Technical Services",23.3834,5.3458,28.7292
2002-02-01,Greater Brisbane,Information Media and Telecommunications,9.3903,3.7346,13.1249
2002-02-01,Greater Brisbane,"Professional, Scientific and Technical Services",44.8834,12.0147,56.8981
2002-02-01,Greater Hobart,Information Media and Telecommunications,1.9266,0.3837,2.3103
2002-02-01,Greater Hobart,"Professional, Scientific and Technical Services",3.484,0.8644,4.3485
2002-02-01,Greater Melbourne,Information Media and Telecommunications,42.9708,9.2297,52.2005
2002-02-01,Greater Melbourne,"Professional, Scientific and Technical Services",116.9758,27.4664,144.4422
2002-02-01,Greater Perth,Information Media and Telecommunications,11.2768,3.3639,14.6407
2002-02-01,Greater Perth,"Professional, Scientific and Technical Services",37.8577,12.5135,50.3711
2002-02-01,Greater Sydney,Information Media and Telecommunications,66.2941,7.3003,73.5944
2002-02-01,Greater Sydney,"Professional, Scientific and Technical Services",154.4444,33.478,187.9224
2002-02-01,Northern Territory,Information Media and Telecommunications,1.6884,0.0938,1.7821
2002-02-01,Northern Territory,"Professional, Scientific and Technical Services",3.7443,0.7555,4.4998
2002-02-01,Rest of NSW,Information Media and Telecommunications,11.9687,4.6298,16.5985
2002-02-01,Rest of NSW,"Professional, Scientific and Technical Services",28.1446,10.1816,38.3262
2002-02-01,Rest of Qld,Information Media and Telecommunications,7.8176,2.843,10.6606
2002-02-01,Rest of Qld,"Professional, Scientific and Technical Services",27.8559,5.9265,33.7825
2002-02-01,Rest of Vic.,Information Media and Telecommunications,6.4845,1.8701,8.3546
2002-02-01,Rest of Vic.,"Professional, Scientific and Technical Services",14.0148,3.6947,17.7095
2002-05-01,Australian Capital Territory,Information Media and Telecommunications,3.2,0.7354,3.9354
2002-05-01,Australian Capital Territory,"Professional, Scientific and Technical Services",13.2785,3.0121,16.2906
2002-05-01,Greater Adelaide,Information Media and Telecommunications,8.3938,2.1641,10.5579
2002-05-01,Greater Adelaide,"Professional, Scientific and Technical Services",26.4802,7.1784,33.6586
2002-05-01,Greater Brisbane,Information Media and Telecommunications,11.5264,3.3732,14.8995
2002-05-01,Greater Brisbane,"Professional, Scientific and Technical Services",42.2339,13.3061,55.5399
2002-05-01,Greater Hobart,Information Media and Telecommunications,1.863,0.1674,2.0304
2002-05-01,Greater Hobart,"Professional, Scientific and Technical Services",3.2895,0.667,3.9565
2002-05-01,Greater Melbourne,Information Media and Telecommunications,40.0531,8.4379,48.491
2002-05-01,Greater Melbourne,"Professional, Scientific and Technical Services",114.258,24.5324,138.7904
2002-05-01,Greater Perth,Information Media and Telecommunications,9.5673,3.4169,12.9843
2002-05-01,Greater Perth,"Professional, Scientific and Technical Services",38.3368,10.6894,49.0261
2002-05-01,Greater Sydney,Information Media and Telecommunications,63.8995,10.4866,74.3861
2002-05-01,Greater Sydney,"Professional, Scientific and Technical Services",154.5749,34.832,189.407
2002-05-01,Northern Territory,Information Media and Telecommunications,0.9297,0.3127,1.2424
2002-05-01,Northern Territory,"Professional, Scientific and Technical Services",3.5518,0.8703,4.4221
2002-05-01,Rest of NSW,Information Media and Telecommunications,9.5933,6.2288,15.8222
2002-05-01,Rest of NSW,"Professional, Scientific and Technical Services",27.6454,10.6329,38.2784
2002-05-01,Rest of Qld,Information Media and Telecommunications,9.5658,3.3163,12.8821
2002-05-01,Rest of Qld,"Professional, Scientific and Technical Services",30.12,7.6882,37.8082
2002-05-01,Rest of Vic.,Information Media and Telecommunications,6.3632,2.4937,8.8569
2002-05-01,Rest of Vic.,"Professional, Scientific and Technical Services",15.8094,5.1315,20.9409
2002-08-01,Australian Capital Territory,Information Media and Telecommunications,3.5956,0.9834,4.579
2002-08-01,Australian Capital Territory,"Professional, Scientific and Technical Services",13.8166,2.5453,16.3619
2002-08-01,Greater Adelaide,Information Media and Telecommunications,8.7851,1.0074,9.7925
2002-08-01,Greater Adelaide,"Professional, Scientific and Technical Services",27.9837,7.0002,34.9839
2002-08-01,Greater Brisbane,Information Media and Telecommunications,12.9659,5.1992,18.1652
2002-08-01,Greater Brisbane,"Professional, Scientific and Technical Services",44.3126,12.8689,57.1815
2002-08-01,Greater Hobart,Information Media and Telecommunications,1.744,0.0831,1.8271
2002-08-01,Greater Hobart,"Professional, Scientific and Technical Services",3.3793,1.0612,4.4406
2002-08-01,Greater Melbourne,Information Media and Telecommunications,42.4018,6.1367,48.5385
2002-08-01,Greater Melbourne,"Professional, Scientific and Technical Services",110.7997,24.0101,134.8098
2002-08-01,Greater Perth,Information Media and Telecommunications,8.9721,4.3769,13.349
2002-08-01,Greater Perth,"Professional, Scientific and Technical Services",39.6431,10.779,50.4222
2002-08-01,Greater Sydney,Information Media and Telecommunications,67.6979,10.6468,78.3447
2002-08-01,Greater Sydney,"Professional, Scientific and Technical Services",160.9667,39.8605,200.8271
2002-08-01,Northern Territory,Information Media and Telecommunications,1.0225,0.0788,1.1013
2002-08-01,Northern Territory,"Professional, Scientific and Technical Services",2.8645,0.6256,3.4901
2002-08-01,Rest of NSW,Information Media and Telecommunications,11.2763,6.2554,17.5316
2002-08-01,Rest of NSW,"Professional, Scientific and Technical Services",26.6515,11.3053,37.9568
2002-08-01,Rest of Qld,Information Media and Telecommunications,10.3175,4.1026,14.4201
2002-08-01,Rest of Qld,"Professional, Scientific and Technical Services",29.5884,7.8358,37.4241
2002-08-01,Rest of Vic.,Information Media and Telecommunications,4.8484,2.5827,7.4311
2002-08-01,Rest of Vic.,"Professional, Scientific and Technical Services",14.2686,4.2494,18.518
2002-11-01,Australian Capital Territory,Information Media and Telecommunications,5.2489,0.9272,6.1761
2002-11-01,Australian Capital Territory,"Professional, Scientific and Technical Services",13.7135,1.9044,15.6179
2002-11-01,Greater Adelaide,Information Media and Telecommunications,7.9253,1.7278,9.653
2002-11-01,Greater Adelaide,"Professional, Scientific and Technical Services",26.8148,7.7579,34.5727
2002-11-01,Greater Brisbane,Information Media and Telecommunications,15.3221,4.9062,20.2283
2002-11-01,Greater Brisbane,"Professional, Scientific and Technical Services",42.5099,10.881,53.3909
2002-11-01,Greater Hobart,Information Media and Telecommunications,1.6737,0.2414,1.9151
2002-11-01,Greater Hobart,"Professional, Scientific and Technical Services",3.9009,1.4461,5.347
2002-11-01,Greater Melbourne,Information Media and Telecommunications,42.962,5.7376,48.6996
2002-11-01,Greater Melbourne,"Professional, Scientific and Technical Services",106.8346,25.6681,132.5027
2002-11-01,Greater Perth,Information Media and Telecommunications,10.0992,4.4191,14.5183
2002-11-01,Greater Perth,"Professional, Scientific and Technical Services",44.0985,11.9268,56.0254
2002-11-01,Greater Sydney,Information Media and Telecommunications,60.5831,10.0159,70.599
2002-11-01,Greater Sydney,"Professional, Scientific and Technical Services",150.7658,36.4857,187.2514
2002-11-01,Northern Territory,Information Media and Telecommunications,1.2913,0.1269,1.4182
2002-11-01,Northern Territory,"Professional, Scientific and Technical Services",3.8052,0.579,4.3842
2002-11-01,Rest of NSW,Information Media and Telecommunications,11.5559,5.1606,16.7166
2002-11-01,Rest of NSW,"Professional, Scientific and Technical Services",27.2859,10.5209,37.8068
2002-11-01,Rest of Qld,Information Media and Telecommunications,10.6401,5.0164,15.6565
2002-11-01,Rest of Qld,"Professional, Scientific and Technical Services",27.1063,10.1942,37.3005
2002-11-01,Rest of Vic.,Information Media and Telecommunications,5.8622,2.5573,8.4195
2002-11-01,Rest of Vic.,"Professional, Scientific and Technical Services",16.5581,3.6394,20.1975
2003-02-01,Australian Capital Territory,Information Media and Telecommunications,4.5194,0.9665,5.4859
2003-02-01,Australian Capital Territory,"Professional, Scientific and Technical Services",13.9568,2.5056,16.4624
2003-02-01,Greater Adelaide,Information Media and Telecommunications,11.3176,2.5521,13.8697
2003-02-01,Greater Adelaide,"Professional, Scientific and Technical Services",25.5062,6.2395,31.7457
2003-02-01,Greater Brisbane,Information Media and Telecommunications,17.1994,4.4534,21.6527
2003-02-01,Greater Brisbane,"Professional, Scientific and Technical Services",49.2345,11.577,60.8114
2003-02-01,Greater Hobart,Information Media and Telecommunications,1.6289,0.2774,1.9063
2003-02-01,Greater Hobart,"Professional, Scientific and Technical Services",4.3644,1.3746,5.7391
2003-02-01,Greater Melbourne,Information Media and Telecommunications,45.9188,8.4887,54.4075
2003-02-01,Greater Melbourne,"Professional, Scientific and Technical Services",118.3198,28.721,147.0408
2003-02-01,Greater Perth,Information Media and Telecommunications,12.3183,3.46,15.7783
2003-02-01,Greater Perth,"Professional, Scientific and Technical Services",40.1099,12.7078,52.8177
2003-02-01,Greater Sydney,Information Media and Telecommunications,59.1175,11.8977,71.0152
2003-02-01,Greater Sydney,"Professional, Scientific and Technical Services",144.3029,33.284,177.5869
2003-02-01,Northern Territory,Information Media and Telecommunications,0.9914,0.1191,1.1105
2003-02-01,Northern Territory,"Professional, Scientific and Technical Services",3.4749,0.4225,3.8974
2003-02-01,Rest of NSW,Information Media and Telecommunications,10.5657,4.4085,14.9742
2003-02-01,Rest of NSW,"Professional, Scientific and Technical Services",29.5869,7.9655,37.5524
2003-02-01,Rest of Qld,Information Media and Telecommunications,10.7417,4.996,15.7377
2003-02-01,Rest of Qld,"Professional, Scientific and Technical Services",29.1832,8.2983,37.4815
2003-02-01,Rest of Vic.,Information Media and Telecommunications,6.1061,2.7068,8.813
2003-02-01,Rest of Vic.,"Professional, Scientific and Technical Services",15.6081,5.8953,21.5033
2003-05-01,Australian Capital Territory,Information Media and Telecommunications,4.0147,0.8159,4.8306
2003-05-01,Australian Capital Territory,"Professional, Scientific and Technical Services",14.519,2.8562,17.3752
2003-05-01,Greater Adelaide,Information Media and Telecommunications,12.3804,2.9497,15.3301
2003-05-01,Greater Adelaide,"Professional, Scientific and Technical Services",25.6759,5.8584,31.5343
2003-05-01,Greater Brisbane,Information Media and Telecommunications,19.9413,4.2938,24.235
2003-05-01,Greater Brisbane,"Professional, Scientific and Technical Services",53.1935,14.5902,67.7837
2003-05-01,Greater Hobart,Information Media and Telecommunications,1.6543,0.3448,1.999
2003-05-01,Greater Hobart,"Professional, Scientific and Technical Services",4.2676,1.0992,5.3668
2003-05-01,Greater Melbourne,Information Media and Telecommunications,45.2042,8.5732,53.7774
2003-05-01,Greater Melbourne,"Professional, Scientific and Technical Services",109.0954,29.2546,138.35
2003-05-01,Greater Perth,Information Media and Telecommunications,13.264,2.9091,16.1731
2003-05-01,Greater Perth,"Professional, Scientific and Technical Services",42.815,12.8374,55.6524
2003-05-01,Greater Sydney,Information Media and Telecommunications,61.3667,8.2901,69.6568
2003-05-01,Greater Sydney,"Professional, Scientific and Technical Services",145.8179,32.1503,177.9682
2003-05-01,Northern Territory,Information Media and Telecommunications,1.8895,0.2831,2.1726
2003-05-01,Northern Territory,"Professional, Scientific and Technical Services",3.1264,0.5307,3.6571
2003-05-01,Rest of NSW,Information Media and Telecommunications,6.3129,4.4077,10.7207
2003-05-01,Rest of NSW,"Professional, Scientific and Technical Services",37.1633,11.3422,48.5055
2003-05-01,Rest of Qld,Information Media and Telecommunications,11.755,5.0684,16.8234
2003-05-01,Rest of Qld,"Professional, Scientific and Technical Services",24.4394,12.882,37.3214
2003-05-01,Rest of Vic.,Information Media and Telecommunications,6.7038,3.4919,10.1957
2003-05-01,Rest of Vic.,"Professional, Scientific and Technical Services",15.9531,6.941,22.8941
2003-08-01,Australian Capital Territory,Information Media and Telecommunications,4.2315,0.4371,4.6686
2003-08-01,Australian Capital Territory,"Professional, Scientific and Technical Services",14.9396,2.1633,17.1029
2003-08-01,Greater Adelaide,Information Media and Telecommunications,10.7776,3.3373,14.1149
2003-08-01,Greater Adelaide,"Professional, Scientific and Technical Services",23.8224,6.4768,30.2992
2003-08-01,Greater Brisbane,Information Media and Telecommunications,15.0366,3.8443,18.8809
2003-08-01,Greater Brisbane,"Professional, Scientific and Technical Services",47.1212,16.5734,63.6945
2003-08-01,Greater Hobart,Information Media and Telecommunications,1.8112,0.5648,2.376
2003-08-01,Greater Hobart,"Professional, Scientific and Technical Services",3.0946,1.0511,4.1457
2003-08-01,Greater Melbourne,Information Media and Telecommunications,45.0313,9.1178,54.1491
2003-08-01,Greater Melbourne,"Professional, Scientific and Technical Services",108.8843,35.4368,144.3211
2003-08-01,Greater Perth,Information Media and Telecommunications,10.3776,3.5128,13.8904
2003-08-01,Greater Perth,"Professional, Scientific and Technical Services",36.7743,11.0254,47.7997
2003-08-01,Greater Sydney,Information Media and Telecommunications,59.914,10.1929,70.107
2003-08-01,Greater Sydney,"Professional, Scientific and Technical Services",148.6514,33.3424,181.9938
2003-08-01,Northern Territory,Information Media and Telecommunications,1.8618,0.0138,1.8755
2003-08-01,Northern Territory,"Professional, Scientific and Technical Services",3.9178,0.5993,4.5172
2003-08-01,Rest of NSW,Information Media and Telecommunications,8.2473,3.8955,12.1428
2003-08-01,Rest of NSW,"Professional, Scientific and Technical Services",39.7965,10.6461,50.4426
2003-08-01,Rest of Qld,Information Media and Telecommunications,9.3323,1.8712,11.2034
2003-08-01,Rest of Qld,"Professional, Scientific and Technical Services",28.4188,9.606,38.0248
2003-08-01,Rest of Vic.,Information Media and Telecommunications,7.8705,3.0641,10.9345
2003-08-01,Rest of Vic.,"Professional, Scientific and Technical Services",16.7248,6.2999,23.0247
2003-11-01,Australian Capital Territory,Information Media and Telecommunications,4.4607,0.7265,5.1872
2003-11-01,Australian Capital Territory,"Professional, Scientific and Technical Services",13.6429,2.7119,16.3548
2003-11-01,Greater Adelaide,Information Media and Telecommunications,10.4322,3.7736,14.2058
2003-11-01,Greater Adelaide,"Professional, Scientific and Technical Services",24.9417,8.3238,33.2656
2003-11-01,Greater Brisbane,Information Media and Telecommunications,12.95,2.0837,15.0337
2003-11-01,Greater Brisbane,"Professional, Scientific and Technical Services",46.5939,15.5754,62.1693
2003-11-01,Greater Hobart,Information Media and Telecommunications,2.2163,0.3541,2.5705
2003-11-01,Greater Hobart,"Professional, Scientific and Technical Services",2.8198,1.1722,3.992
2003-11-01,Greater Melbourne,Information Media and Telecommunications,41.326,6.5283,47.8544
2003-11-01,Greater Melbourne,"Professional, Scientific and Technical Services",112.2707,27.149,139.4197
2003-11-01,Greater Perth,Information Media and Telecommunications,10.7187,1.7574,12.4762
2003-11-01,Greater Perth,"Professional, Scientific and Technical Services",43.7143,10.254,53.9683
2003-11-01,Greater Sydney,Information Media and Telecommunications,54.9802,11.9775,66.9577
2003-11-01,Greater Sydney,"Professional, Scientific and Technical Services",165.9492,35.2327,201.1819
2003-11-01,Northern Territory,Information Media and Telecommunications,1.3406,0.0204,1.361
2003-11-01,Northern Territory,"Professional, Scientific and Technical Services",3.3339,0.7629,4.0969
2003-11-01,Rest of NSW,Information Media and Telecommunications,13.1211,4.0198,17.1409
2003-11-01,Rest of NSW,"Professional, Scientific and Technical Services",32.7693,10.8184,43.5878
2003-11-01,Rest of Qld,Information Media and Telecommunications,10.7957,3.1401,13.9358
2003-11-01,Rest of Qld,"Professional, Scientific and Technical Services",29.4202,12.6094,42.0296
2003-11-01,Rest of Vic.,Information Media and Telecommunications,5.6585,3.2675,8.9259
2003-11-01,Rest of Vic.,"Professional, Scientific and Technical Services",19.8397,6.2358,26.0755
2004-02-01,Australian Capital Territory,Information Media and Telecommunications,4.0156,0.7436,4.7591
2004-02-01,Australian Capital Territory,"Professional, Scientific and Technical Services",13.9197,2.5956,16.5153
2004-02-01,Greater Adelaide,Information Media and Telecommunications,10.9996,2.2313,13.2309
2004-02-01,Greater Adelaide,"Professional, Scientific and Technical Services",25.6367,7.1989,32.8357
2004-02-01,Greater Brisbane,Information Media and Telecommunications,11.8003,3.5057,15.306
2004-02-01,Greater Brisbane,"Professional, Scientific and Technical Services",46.5802,10.3694,56.9496
2004-02-01,Greater Hobart,Information Media and Telecommunications,1.6561,0.688,2.3441
2004-02-01,Greater Hobart,"Professional, Scientific and Technical Services",2.9085,1.6704,4.5789
2004-02-01,Greater Melbourne,Information Media and Telecommunications,41.4659,6.7353,48.2012
2004-02-01,Greater Melbourne,"Professional, Scientific and Technical Services",114.7302,25.7378,140.468
2004-02-01,Greater Perth,Information Media and Telecommunications,11.082,3.8491,14.9311
2004-02-01,Greater Perth,"Professional, Scientific and Technical Services",44.3427,12.0079,56.3506
2004-02-01,Greater Sydney,Information Media and Telecommunications,60.6517,10.4818,71.1335
2004-02-01,Greater Sydney,"Professional, Scientific and Technical Services",151.8658,35.7095,187.5754
2004-02-01,Northern Territory,Information Media and Telecommunications,1.9082,0.0126,1.9209
2004-02-01,Northern Territory,"Professional, Scientific and Technical Services",3.2871,0.996,4.2831
2004-02-01,Rest of NSW,Information Media and Telecommunications,10.3267,4.5775,14.9042
2004-02-01,Rest of NSW,"Professional, Scientific and Technical Services",26.0222,12.9576,38.9798
2004-02-01,Rest of Qld,Information Media and Telecommunications,10.3094,5.3317,15.6411
2004-02-01,Rest of Qld,"Professional, Scientific and Technical Services",33.453,8.0195,41.4725
2004-02-01,Rest of Vic.,Information Media and Telecommunications,4.085,2.8268,6.9117
2004-02-01,Rest of Vic.,"Professional, Scientific and Technical Services",19.5369,4.073,23.61
2004-05-01,Australian Capital Territory,Information Media and Telecommunications,3.4385,1.1627,4.6013
2004-05-01,Australian Capital Territory,"Professional, Scientific and Technical Services",14.9791,2.5444,17.5235
2004-05-01,Greater Adelaide,Information Media and Telecommunications,8.3565,2.3507,10.7072
2004-05-01,Greater Adelaide,"Professional, Scientific and Technical Services",23.2897,7.4714,30.7611
2004-05-01,Greater Brisbane,Information Media and Telecommunications,15.1704,3.8162,18.9866
2004-05-01,Greater Brisbane,"Professional, Scientific and Technical Services",45.6132,11.4428,57.056
2004-05-01,Greater Hobart,Information Media and Telecommunications,1.9956,0.3615,2.3571
2004-05-01,Greater Hobart,"Professional, Scientific and Technical Services",3.4193,1.6623,5.0816
2004-05-01,Greater Melbourne,Information Media and Telecommunications,46.3705,7.6828,54.0533
2004-05-01,Greater Melbourne,"Professional, Scientific and Technical Services",111.2045,30.8829,142.0874
2004-05-01,Greater Perth,Information Media and Telecommunications,10.3396,3.3392,13.6788
2004-05-01,Greater Perth,"Professional, Scientific and Technical Services",40.7273,11.7305,52.4578
2004-05-01,Greater Sydney,Information Media and Telecommunications,57.4935,10.9518,68.4452
2004-05-01,Greater Sydney,"Professional, Scientific and Technical Services",153.1474,37.1649,190.3123
2004-05-01,Northern Territory,Information Media and Telecommunications,1.9479,0.2419,2.1898
2004-05-01,Northern Territory,"Professional, Scientific and Technical Services",3.2888,0.9259,4.2146
2004-05-01,Rest of NSW,Information Media and Telecommunications,11.5963,4.2512,15.8475
2004-05-01,Rest of NSW,"Professional, Scientific and Technical Services",27.2639,12.4615,39.7254
2004-05-01,Rest of Qld,Information Media and Telecommunications,11.2806,6.1366,17.4173
2004-05-01,Rest of Qld,"Professional, Scientific and Technical Services",33.4389,11.0189,44.4579
2004-05-01,Rest of Vic.,Information Media and Telecommunications,5.538,2.7884,8.3264
2004-05-01,Rest of Vic.,"Professional, Scientific and Technical Services",17.2012,4.0293,21.2305
2004-08-01,Australian Capital Territory,Information Media and Telecommunications,4.3131,0.8191,5.1323
2004-08-01,Australian Capital Territory,"Professional, Scientific and Technical Services",13.431,3.0993,16.5303
2004-08-01,Greater Adelaide,Information Media and Telecommunications,9.3311,2.8114,12.1425
2004-08-01,Greater Adelaide,"Professional, Scientific and Technical Services",24.8639,7.6625,32.5264
2004-08-01,Greater Brisbane,Information Media and Telecommunications,16.1215,4.1063,20.2278
2004-08-01,Greater Brisbane,"Professional, Scientific and Technical Services",50.8624,13.1751,64.0375
2004-08-01,Greater Hobart,Information Media and Telecommunications,2.026,0.2137,2.2397
2004-08-01,Greater Hobart,"Professional, Scientific and Technical Services",4.7943,0.7214,5.5157
2004-08-01,Greater Melbourne,Information Media and Telecommunications,43.223,8.328,51.551
2004-08-01,Greater Melbourne,"Professional, Scientific and Technical Services",111.222,28.0349,139.2569
2004-08-01,Greater Perth,Information Media and Telecommunications,9.9886,3.5933,13.5819
2004-08-01,Greater Perth,"Professional, Scientific and Technical Services",37.4034,12.0651,49.4685
2004-08-01,Greater Sydney,Information Media and Telecommunications,50.748,8.3349,59.0829
2004-08-01,Greater Sydney,"Professional, Scientific and Technical Services",147.3181,30.6814,177.9995
2004-08-01,Northern Territory,Information Media and Telecommunications,1.1838,0.2819,1.4657
2004-08-01,Northern Territory,"Professional, Scientific and Technical Services",3.344,0.7716,4.1156
2004-08-01,Rest of NSW,Information Media and Telecommunications,11.6158,3.2606,14.8764
2004-08-01,Rest of NSW,"Professional, Scientific and Technical Services",35.3635,11.1437,46.5072
2004-08-01,Rest of Qld,Information Media and Telecommunications,14.3975,6.167,20.5645
2004-08-01,Rest of Qld,"Professional, Scientific and Technical Services",39.613,10.2609,49.874
2004-08-01,Rest of Vic.,Information Media and Telecommunications,4.844,2.0429,6.8869
2004-08-01,Rest of Vic.,"Professional, Scientific and Technical Services",16.5871,4.7809,21.368
2004-11-01,Australian Capital Territory,Information Media and Telecommunications,4.1194,1.0309,5.1503
2004-11-01,Australian Capital Territory,"Professional, Scientific and Technical Services",14.3476,2.8957,17.2433
2004-11-01,Greater Adelaide,Information Media and Telecommunications,11.3392,2.6283,13.9675
2004-11-01,Greater Adelaide,"Professional, Scientific and Technical Services",27.9936,9.0612,37.0548
2004-11-01,Greater Brisbane,Information Media and Telecommunications,14.5506,2.7551,17.3057
2004-11-01,Greater Brisbane,"Professional, Scientific and Technical Services",55.4577,13.5519,69.0096
2004-11-01,Greater Hobart,Information Media and Telecommunications,1.5567,0.4602,2.0169
2004-11-01,Greater Hobart,"Professional, Scientific and Technical Services",4.6616,1.6788,6.3403
2004-11-01,Greater Melbourne,Information Media and Telecommunications,46.3433,10.1086,56.4519
2004-11-01,Greater Melbourne,"Professional, Scientific and Technical Services",119.0424,26.0357,145.0781
2004-11-01,Greater Perth,Information Media and Telecommunications,13.7845,3.4981,17.2827
2004-11-01,Greater Perth,"Professional, Scientific and Technical Services",38.5388,11.5684,50.1072
2004-11-01,Greater Sydney,Information Media and Telecommunications,59.1261,5.7792,64.9053
2004-11-01,Greater Sydney,"Professional, Scientific and Technical Services",149.5164,35.1215,184.6379
2004-11-01,Northern Territory,Information Media and Telecommunications,0.8534,0.5151,1.3685
2004-11-01,Northern Territory,"Professional, Scientific and Technical Services",3.4048,0.8245,4.2294
2004-11-01,Rest of NSW,Information Media and Telecommunications,12.243,4.1512,16.3942
2004-11-01,Rest of NSW,"Professional, Scientific and Technical Services",31.0274,13.0259,44.0533
2004-11-01,Rest of Qld,Information Media and Telecommunications,16.9839,3.2857,20.2695
2004-11-01,Rest of Qld,"Professional, Scientific and Technical Services",34.7392,9.3969,44.1361
2004-11-01,Rest of Vic.,Information Media and Telecommunications,5.6203,1.0879,6.7083
2004-11-01,Rest of Vic.,"Professional, Scientific and Technical Services",15.0014,7.6349,22.6363
2005-02-01,Australian Capital Territory,Information Media and Telecommunications,4.5974,1.0391,5.6365
2005-02-01,Australian Capital Territory,"Professional, Scientific and Technical Services",14.2317,3.66,17.8917
2005-02-01,Greater Adelaide,Information Media and Telecommunications,10.834,2.8402,13.6743
2005-02-01,Greater Adelaide,"Professional, Scientific and Technical Services",28.7921,9.0769,37.869
2005-02-01,Greater Brisbane,Information Media and Telecommunications,14.0602,2.1129,16.1731
2005-02-01,Greater Brisbane,"Professional, Scientific and Technical Services",54.8775,12.5732,67.4507
2005-02-01,Greater Hobart,Information Media and Telecommunications,1.6221,0.6173,2.2394
2005-02-01,Greater Hobart,"Professional, Scientific and Technical Services",3.681,1.357,5.038
2005-02-01,Greater Melbourne,Information Media and Telecommunications,48.9903,7.6376,56.6279
2005-02-01,Greater Melbourne,"Professional, Scientific and Technical Services",115.0793,28.0523,143.1315
2005-02-01,Greater Perth,Information Media and Telecommunications,12.2923,3.6233,15.9156
2005-02-01,Greater Perth,"Professional, Scientific and Technical Services",50.4043,12.9148,63.3191
2005-02-01,Greater Sydney,Information Media and Telecommunications,62.9378,10.3637,73.3015
2005-02-01,Greater Sydney,"Professional, Scientific and Technical Services",153.9013,37.5249,191.4263
2005-02-01,Northern Territory,Information Media and Telecommunications,0.9426,0.1521,1.0947
2005-02-01,Northern Territory,"Professional, Scientific and Technical Services",4.0957,0.4159,4.5116
2005-02-01,Rest of NSW,Information Media and Telecommunications,8.8483,6.5831,15.4314
2005-02-01,Rest of NSW,"Professional, Scientific and Technical Services",30.3213,14.7718,45.0931
2005-02-01,Rest of Qld,Information Media and Telecommunications,10.6696,2.5334,13.2031
2005-02-01,Rest of Qld,"Professional, Scientific and Technical Services",33.9015,9.1159,43.0174
2005-02-01,Rest of Vic.,Information Media and Telecommunications,7.251,1.107,8.358
2005-02-01,Rest of Vic.,"Professional, Scientific and Technical Services",18.0713,5.9601,24.0315
2005-05-01,Australian Capital Territory,Information Media and Telecommunications,4.0147,1.0562,5.0709
2005-05-01,Australian Capital Territory,"Professional, Scientific and Technical Services",13.0308,4.2117,17.2425
2005-05-01,Greater Adelaide,Information Media and Telecommunications,9.9196,2.7776,12.6973
2005-05-01,Greater Adelaide,"Professional, Scientific and Technical Services",25.5994,10.3004,35.8998
2005-05-01,Greater Brisbane,Information Media and Telecommunications,15.9532,2.7622,18.7153
2005-05-01,Greater Brisbane,"Professional, Scientific and Technical Services",58.6972,13.9655,72.6626
2005-05-01,Greater Hobart,Information Media and Telecommunications,2.3494,0.8396,3.189
2005-05-01,Greater Hobart,"Professional, Scientific and Technical Services",4.2484,1.256,5.5044
2005-05-01,Greater Melbourne,Information Media and Telecommunications,50.4161,9.716,60.132
2005-05-01,Greater Melbourne,"Professional, Scientific and Technical Services",113.5958,30.2334,143.8292
2005-05-01,Greater Perth,Information Media and Telecommunications,13.915,2.9254,16.8404
2005-05-01,Greater Perth,"Professional, Scientific and Technical Services",46.7187,15.0253,61.744
2005-05-01,Greater Sydney,Information Media and Telecommunications,68.6154,12.6047,81.2201
2005-05-01,Greater Sydney,"Professional, Scientific and Technical Services",160.192,42.2358,202.4279
2005-05-01,Northern Territory,Information Media and Telecommunications,1.0623,0.0,1.0623
2005-05-01,Northern Territory,"Professional, Scientific and Technical Services",4.0108,0.3732,4.384
2005-05-01,Rest of NSW,Information Media and Telecommunications,9.5024,2.9908,12.4932
2005-05-01,Rest of NSW,"Professional, Scientific and Technical Services",34.0179,12.946,46.9639
2005-05-01,Rest of Qld,Information Media and Telecommunications,11.5703,5.098,16.6683
2005-05-01,Rest of Qld,"Professional, Scientific and Technical Services",33.933,11.0022,44.9352
2005-05-01,Rest of Vic.,Information Media and Telecommunications,7.8847,0.3474,8.2321
2005-05-01,Rest of Vic.,"Professional, Scientific and Technical Services",18.5807,8.0527,26.6334
2005-08-01,Australian Capital Territory,Information Media and Telecommunications,3.8438,0.9496,4.7934
2005-08-01,Australian Capital Territory,"Professional, Scientific and Technical Services",12.1927,3.8401,16.0328
2005-08-01,Greater Adelaide,Information Media and Telecommunications,10.9359,3.4553,14.3912
2005-08-01,Greater Adelaide,"Professional, Scientific and Technical Services",25.1562,9.5051,34.6613
2005-08-01,Greater Brisbane,Information Media and Telecommunications,14.6396,3.4158,18.0554
2005-08-01,Greater Brisbane,"Professional, Scientific and Technical Services",60.582,15.7317,76.3137
2005-08-01,Greater Hobart,Information Media and Telecommunications,3.1486,0.561,3.7097
2005-08-01,Greater Hobart,"Professional, Scientific and Technical Services",3.4778,1.1849,4.6626
2005-08-01,Greater Melbourne,Information Media and Telecommunications,43.4945,12.5474,56.0419
2005-08-01,Greater Melbourne,"Professional, Scientific and Technical Services",123.8787,32.1272,156.0059
2005-08-01,Greater Perth,Information Media and Telecommunications,13.7417,3.0851,16.8269
2005-08-01,Greater Perth,"Professional, Scientific and Technical Services",48.1667,13.7097,61.8764
2005-08-01,Greater Sydney,Information Media and Telecommunications,67.1199,11.7079,78.8278
2005-08-01,Greater Sydney,"Professional, Scientific and Technical Services",160.5654,38.4181,198.9834
2005-08-01,Northern Territory,Information Media and Telecommunications,1.6894,0.2445,1.9339
2005-08-01,Northern Territory,"Professional, Scientific and Technical Services",3.1179,0.4679,3.5858
2005-08-01,Rest of NSW,Information Media and Telecommunications,9.2833,3.2986,12.5819
2005-08-01,Rest of NSW,"Professional, Scientific and Technical Services",37.3139,12.175,49.489
2005-08-01,Rest of Qld,Information Media and Telecommunications,14.6674,4.1599,18.8273
2005-08-01,Rest of Qld,"Professional, Scientific and Technical Services",34.3767,11.3339,45.7106
2005-08-01,Rest of Vic.,Information Media and Telecommunications,6.3439,0.4514,6.7953
2005-08-01,Rest of Vic.,"Professional, Scientific and Technical Services",21.7621,7.8626,29.6248
2005-11-01,Australian Capital Territory,Information Media and Telecommunications,3.7951,1.0089,4.804
2005-11-01,Australian Capital Territory,"Professional, Scientific and Technical Services",14.7645,3.7094,18.4739
2005-11-01,Greater Adelaide,Information Media and Telecommunications,10.443,2.8721,13.3151
2005-11-01,Greater Adelaide,"Professional, Scientific and Technical Services",27.3297,6.442,33.7717
2005-11-01,Greater Brisbane,Information Media and Telecommunications,12.5496,3.4799,16.0295
2005-11-01,Greater Brisbane,"Professional, Scientific and Technical Services",56.5538,12.976,69.5298
2005-11-01,Greater Hobart,Information Media and Telecommunications,2.8719,0.4255,3.2973
2005-11-01,Greater Hobart,"Professional, Scientific and Technical Services",4.2991,1.2547,5.5537
2005-11-01,Greater Melbourne,Information Media and Telecommunications,44.0845,8.6396,52.7241
2005-11-01,Greater Melbourne,"Professional, Scientific and Technical Services",129.1125,32.6471,161.7596
2005-11-01,Greater Perth,Information Media and Telecommunications,12.3278,4.7356,17.0634
2005-11-01,Greater Perth,"Professional, Scientific and Technical Services",55.7604,13.6082,69.3686
2005-11-01,Greater Sydney,Information Media and Telecommunications,65.4417,10.8187,76.2604
2005-11-01,Greater Sydney,"Professional, Scientific and Technical Services",158.8106,37.9999,196.8105
2005-11-01,Northern Territory,Information Media and Telecommunications,1.7392,0.3785,2.1177
2005-11-01,Northern Territory,"Professional, Scientific and Technical Services",3.6946,0.9727,4.6672
2005-11-01,Rest of NSW,Information Media and Telecommunications,11.3358,4.4711,15.8069
2005-11-01,Rest of NSW,"Professional, Scientific and Technical Services",41.7297,16.5314,58.2611
2005-11-01,Rest of Qld,Information Media and Telecommunications,16.132,5.2495,21.3815
2005-11-01,Rest of Qld,"Professional, Scientific and Technical Services",37.0716,10.1554,47.227
2005-11-01,Rest of Vic.,Information Media and Telecommunications,7.7709,1.7216,9.4925
2005-11-01,Rest of Vic.,"Professional, Scientific and Technical Services",20.0605,11.2568,31.3173
2006-02-01,Australian Capital Territory,Information Media and Telecommunications,3.8169,0.7586,4.5754
2006-02-01,Australian Capital Territory,"Professional, Scientific and Technical Services",16.2302,2.4305,18.6607
2006-02-01,Greater Adelaide,Information Media and Telecommunications,10.5775,3.8921,14.4696
2006-02-01,Greater Adelaide,"Professional, Scientific and Technical Services",24.114,8.1848,32.2988
2006-02-01,Greater Brisbane,Information Media and Telecommunications,11.9495,3.4673,15.4168
2006-02-01,Greater Brisbane,"Professional, Scientific and Technical Services",55.6352,13.0651,68.7003
2006-02-01,Greater Hobart,Information Media and Telecommunications,1.5941,0.4746,2.0686
2006-02-01,Greater Hobart,"Professional, Scientific and Technical Services",3.5279,1.3428,4.8707
2006-02-01,Greater Melbourne,Information Media and Telecommunications,44.7566,8.9318,53.6884
2006-02-01,Greater Melbourne,"Professional, Scientific and Technical Services",125.9683,36.1376,162.1059
2006-02-01,Greater Perth,Information Media and Telecommunications,12.4552,3.7219,16.1771
2006-02-01,Greater Perth,"Professional, Scientific and Technical Services",52.8823,11.1392,64.0215
2006-02-01,Greater Sydney,Information Media and Telecommunications,62.5811,10.0231,72.6042
2006-02-01,Greater Sydney,"Professional, Scientific and Technical Services",162.7093,39.0934,201.8027
2006-02-01,Northern Territory,Information Media and Telecommunications,1.5966,0.4566,2.0532
2006-02-01,Northern Territory,"Professional, Scientific and Technical Services",4.0308,0.8276,4.8584
2006-02-01,Rest of NSW,Information Media and Telecommunications,15.3779,2.7347,18.1126
2006-02-01,Rest of NSW,"Professional, Scientific and Technical Services",43.1572,17.8312,60.9884
2006-02-01,Rest of Qld,Information Media and Telecommunications,11.3898,3.6857,15.0755
2006-02-01,Rest of Qld,"Professional, Scientific and Technical Services",38.8673,11.2579,50.1252
2006-02-01,Rest of Vic.,Information Media and Telecommunications,7.7596,1.8693,9.6289
2006-02-01,Rest of Vic.,"Professional, Scientific and Technical Services",18.9495,7.9701,26.9195
2006-05-01,Australian Capital Territory,Information Media and Telecommunications,3.9625,0.6521,4.6146
2006-05-01,Australian Capital Territory,"Professional, Scientific and Technical Services",14.4958,4.0191,18.5149
2006-05-01,Greater Adelaide,Information Media and Telecommunications,10.779,2.5802,13.3592
2006-05-01,Greater Adelaide,"Professional, Scientific and Technical Services",22.7852,10.6335,33.4188
2006-05-01,Greater Brisbane,Information Media and Telecommunications,10.0572,2.8453,12.9025
2006-05-01,Greater Brisbane,"Professional, Scientific and Technical Services",61.0597,13.9197,74.9794
2006-05-01,Greater Hobart,Information Media and Telecommunications,1.604,0.108,1.712
2006-05-01,Greater Hobart,"Professional, Scientific and Technical Services",4.6678,1.6576,6.3254
2006-05-01,Greater Melbourne,Information Media and Telecommunications,50.0986,12.3552,62.4538
2006-05-01,Greater Melbourne,"Professional, Scientific and Technical Services",130.6281,35.781,166.4091
2006-05-01,Greater Perth,Information Media and Telecommunications,16.1893,4.4161,20.6055
2006-05-01,Greater Perth,"Professional, Scientific and Technical Services",49.5495,13.0468,62.5963
2006-05-01,Greater Sydney,Information Media and Telecommunications,61.0093,12.1701,73.1795
2006-05-01,Greater Sydney,"Professional, Scientific and Technical Services",168.0271,34.4669,202.494
2006-05-01,Northern Territory,Information Media and Telecommunications,1.8183,0.2066,2.0248
2006-05-01,Northern Territory,"Professional, Scientific and Technical Services",4.2713,1.0438,5.3152
2006-05-01,Rest of NSW,Information Media and Telecommunications,14.2808,4.4796,18.7604
2006-05-01,Rest of NSW,"Professional, Scientific and Technical Services",41.7409,13.9994,55.7403
2006-05-01,Rest of Qld,Information Media and Telecommunications,11.2548,4.9394,16.1942
2006-05-01,Rest of Qld,"Professional, Scientific and Technical Services",40.7207,12.4485,53.1692
2006-05-01,Rest of Vic.,Information Media and Telecommunications,10.0498,2.023,12.0728
2006-05-01,Rest of Vic.,"Professional, Scientific and Technical Services",18.1617,7.4774,25.639
2006-08-01,Australian Capital Territory,Information Media and Telecommunications,3.7841,0.8744,4.6584
2006-08-01,Australian Capital Territory,"Professional, Scientific and Technical Services",16.3137,2.8639,19.1776
2006-08-01,Greater Adelaide,Information Media and Telecommunications,9.9462,2.1082,12.0544
2006-08-01,Greater Adelaide,"Professional, Scientific and Technical Services",28.2445,9.201,37.4455
2006-08-01,Greater Brisbane,Information Media and Telecommunications,19.8793,3.1924,23.0717
2006-08-01,Greater Brisbane,"Professional, Scientific and Technical Services",71.7871,18.4442,90.2313
2006-08-01,Greater Hobart,Information Media and Telecommunications,1.4694,0.3713,1.8407
2006-08-01,Greater Hobart,"Professional, Scientific and Technical Services",5.1981,1.618,6.8161
2006-08-01,Greater Melbourne,Information Media and Telecommunications,44.7653,9.0211,53.7864
2006-08-01,Greater Melbourne,"Professional, Scientific and Technical Services",133.4092,35.4124,168.8216
2006-08-01,Greater Perth,Information Media and Telecommunications,15.0052,4.5883,19.5935
2006-08-01,Greater Perth,"Professional, Scientific and Technical Services",52.3666,17.6147,69.9813
2006-08-01,Greater Sydney,Information Media and Telecommunications,67.0741,15.1054,82.1796
2006-08-01,Greater Sydney,"Professional, Scientific and Technical Services",158.8049,46.4419,205.2468
2006-08-01,Northern Territory,Information Media and Telecommunications,2.0293,0.1109,2.1402
2006-08-01,Northern Territory,"Professional, Scientific and Technical Services",4.6383,0.8933,5.5316
2006-08-01,Rest of NSW,Information Media and Telecommunications,9.8198,3.8558,13.6756
2006-08-01,Rest of NSW,"Professional, Scientific and Technical Services",42.8495,11.6108,54.4602
2006-08-01,Rest of Qld,Information Media and Telecommunications,9.4727,2.2305,11.7031
2006-08-01,Rest of Qld,"Professional, Scientific and Technical Services",35.7868,10.7968,46.5836
2006-08-01,Rest of Vic.,Information Media and Telecommunications,12.9728,1.1322,14.105
2006-08-01,Rest of Vic.,"Professional, Scientific and Technical Services",21.8388,5.7937,27.6326
2006-11-01,Australian Capital Territory,Information Media and Telecommunications,4.0803,0.6692,4.7495
2006-11-01,Australian Capital Territory,"Professional, Scientific and Technical Services",16.7108,3.387,20.0977
2006-11-01,Greater Adelaide,Information Media and Telecommunications,9.5792,2.7606,12.3399
2006-11-01,Greater Adelaide,"Professional, Scientific and Technical Services",31.8716,8.1604,40.0321
2006-11-01,Greater Brisbane,Information Media and Telecommunications,14.606,3.4908,18.0968
2006-11-01,Greater Brisbane,"Professional, Scientific and Technical Services",65.3,15.5214,80.8214
2006-11-01,Greater Hobart,Information Media and Telecommunications,1.5889,0.5573,2.1462
2006-11-01,Greater Hobart,"Professional, Scientific and Technical Services",5.7551,1.2563,7.0114
2006-11-01,Greater Melbourne,Information Media and Telecommunications,41.6878,12.4494,54.1372
2006-11-01,Greater Melbourne,"Professional, Scientific and Technical Services",128.8832,32.0441,160.9273
2006-11-01,Greater Perth,Information Media and Telecommunications,12.5312,3.5831,16.1143
2006-11-01,Greater Perth,"Professional, Scientific and Technical Services",53.8635,14.2474,68.1109
2006-11-01,Greater Sydney,Information Media and Telecommunications,68.7821,15.9946,84.7767
2006-11-01,Greater Sydney,"Professional, Scientific and Technical Services",176.3128,45.1874,221.5002
2006-11-01,Northern Territory,Information Media and Telecommunications,2.8474,0.4289,3.2763
2006-11-01,Northern Territory,"Professional, Scientific and Technical Services",4.275,1.0875,5.3625
2006-11-01,Rest of NSW,Information Media and Telecommunications,9.2022,5.2414,14.4436
2006-11-01,Rest of NSW,"Professional, Scientific and Technical Services",39.4697,9.3109,48.7806
2006-11-01,Rest of Qld,Information Media and Telecommunications,11.319,3.0945,14.4135
2006-11-01,Rest of Qld,"Professional, Scientific and Technical Services",37.9251,10.4311,48.3562
2006-11-01,Rest of Vic.,Information Media and Telecommunications,10.4567,2.4363,12.893
2006-11-01,Rest of Vic.,"Professional, Scientific and Technical Services",16.8057,8.5652,25.3709
2007-02-01,Australian Capital Territory,Information Media and Telecommunications,4.9163,1.1273,6.0436
2007-02-01,Australian Capital Territory,"Professional, Scientific and Technical Services",15.5203,2.8941,18.4143
2007-02-01,Greater Adelaide,Information Media and Telecommunications,12.0663,3.1459,15.2122
2007-02-01,Greater Adelaide,"Professional, Scientific and Technical Services",29.133,8.3951,37.5281
2007-02-01,Greater Brisbane,Information Media and Telecommunications,19.765,4.2946,24.0596
2007-02-01,Greater Brisbane,"Professional, Scientific and Technical Services",67.8294,10.7391,78.5686
2007-02-01,Greater Hobart,Information Media and Telecommunications,1.3689,0.182,1.551
2007-02-01,Greater Hobart,"Professional, Scientific and Technical Services",4.8251,1.2509,6.076
2007-02-01,Greater Melbourne,Information Media and Telecommunications,38.6831,10.0073,48.6904
2007-02-01,Greater Melbourne,"Professional, Scientific and Technical Services",138.1644,29.0942,167.2586
2007-02-01,Greater Perth,Information Media and Telecommunications,11.5682,3.7072,15.2754
2007-02-01,Greater Perth,"Professional, Scientific and Technical Services",53.433,15.396,68.8291
2007-02-01,Greater Sydney,Information Media and Telecommunications,72.1411,12.0665,84.2077
2007-02-01,Greater Sydney,"Professional, Scientific and Technical Services",171.8472,33.0194,204.8666
2007-02-01,Northern Territory,Information Media and Telecommunications,3.1655,0.5271,3.6926
2007-02-01,Northern Territory,"Professional, Scientific and Technical Services",4.2689,0.8475,5.1164
2007-02-01,Rest of NSW,Information Media and Telecommunications,10.7799,5.9572,16.7371
2007-02-01,Rest of NSW,"Professional, Scientific and Technical Services",31.3896,12.489,43.8786
2007-02-01,Rest of Qld,Information Media and Telecommunications,11.7653,3.9479,15.7132
2007-02-01,Rest of Qld,"Professional, Scientific and Technical Services",36.2724,11.7385,48.0109
2007-02-01,Rest of Vic.,Information Media and Telecommunications,8.9309,2.4,11.3309
2007-02-01,Rest of Vic.,"Professional, Scientific and Technical Services",16.6494,5.995,22.6445
2007-05-01,Australian Capital Territory,Information Media and Telecommunications,3.516,1.0891,4.6051
2007-05-01,Australian Capital Territory,"Professional, Scientific and Technical Services",15.4454,3.1067,18.5521
2007-05-01,Greater Adelaide,Information Media and Telecommunications,9.0837,3.1388,12.2224
2007-05-01,Greater Adelaide,"Professional, Scientific and Technical Services",28.7325,11.7482,40.4807
2007-05-01,Greater Brisbane,Information Media and Telecommunications,21.1729,2.9166,24.0895
2007-05-01,Greater Brisbane,"Professional, Scientific and Technical Services",61.1276,14.3917,75.5193
2007-05-01,Greater Hobart,Information Media and Telecommunications,1.8112,0.0623,1.8735
2007-05-01,Greater Hobart,"Professional, Scientific and Technical Services",4.909,1.6381,6.5471
2007-05-01,Greater Melbourne,Information Media and Telecommunications,45.2815,8.5993,53.8807
2007-05-01,Greater Melbourne,"Professional, Scientific and Technical Services",138.8692,31.8992,170.7684
2007-05-01,Greater Perth,Information Media and Telecommunications,11.6626,4.3011,15.9637
2007-05-01,Greater Perth,"Professional, Scientific and Technical Services",57.6756,15.9675,73.6431
2007-05-01,Greater Sydney,Information Media and Telecommunications,70.8742,12.8988,83.773
2007-05-01,Greater Sydney,"Professional, Scientific and Technical Services",167.9135,34.0209,201.9344
2007-05-01,Northern Territory,Information Media and Telecommunications,2.449,0.259,2.7081
2007-05-01,Northern Territory,"Professional, Scientific and Technical Services",4.8713,0.6184,5.4897
2007-05-01,Rest of NSW,Information Media and Telecommunications,11.3228,5.0694,16.3921
2007-05-01,Rest of NSW,"Professional, Scientific and Technical Services",35.4577,14.6864,50.1441
2007-05-01,Rest of Qld,Information Media and Telecommunications,14.7391,5.5181,20.2571
2007-05-01,Rest of Qld,"Professional, Scientific and Technical Services",39.3257,13.3734,52.6991
2007-05-01,Rest of Vic.,Information Media and Telecommunications,5.9148,2.161,8.0758
2007-05-01,Rest of Vic.,"Professional, Scientific and Technical Services",17.5682,7.2597,24.8279
2007-08-01,Australian Capital Territory,Information Media and Telecommunications,3.7714,1.0443,4.8157
2007-08-01,Australian Capital Territory,"Professional, Scientific and Technical Services",17.9374,3.2418,21.1793
2007-08-01,Greater Adelaide,Information Media and Telecommunications,10.7498,1.9747,12.7245
2007-08-01,Greater Adelaide,"Professional, Scientific and Technical Services",27.9882,9.0373,37.0255
2007-08-01,Greater Brisbane,Information Media and Telecommunications,18.7641,3.2174,21.9815
2007-08-01,Greater Brisbane,"Professional, Scientific and Technical Services",68.0275,16.3652,84.3927
2007-08-01,Greater Hobart,Information Media and Telecommunications,1.5884,0.0836,1.672
2007-08-01,Greater Hobart,"Professional, Scientific and Technical Services",3.7677,1.6818,5.4496
2007-08-01,Greater Melbourne,Information Media and Telecommunications,47.6643,8.239,55.9034
2007-08-01,Greater Melbourne,"Professional, Scientific and Technical Services",145.1785,36.1403,181.3189
2007-08-01,Greater Perth,Information Media and Telecommunications,9.9693,4.5213,14.4906
2007-08-01,Greater Perth,"Professional, Scientific and Technical Services",65.2116,18.5324,83.744
2007-08-01,Greater Sydney,Information Media and Telecommunications,63.4964,7.0319,70.5283
2007-08-01,Greater Sydney,"Professional, Scientific and Technical Services",155.8709,38.0965,193.9674
2007-08-01,Northern Territory,Information Media and Telecommunications,1.8284,0.3641,2.1925
2007-08-01,Northern Territory,"Professional, Scientific and Technical Services",4.0161,0.8853,4.9014
2007-08-01,Rest of NSW,Information Media and Telecommunications,7.892,4.4505,12.3425
2007-08-01,Rest of NSW,"Professional, Scientific and Technical Services",37.5485,14.8739,52.4224
2007-08-01,Rest of Qld,Information Media and Telecommunications,16.5793,3.892,20.4713
2007-08-01,Rest of Qld,"Professional, Scientific and Technical Services",40.2075,13.1558,53.3633
2007-08-01,Rest of Vic.,Information Media and Telecommunications,6.9793,2.8431,9.8223
2007-08-01,Rest of Vic.,"Professional, Scientific and Technical Services",22.0432,8.7227,30.766
2007-11-01,Australian Capital Territory,Information Media and Telecommunications,3.873,0.9314,4.8043
2007-11-01,Australian Capital Territory,"Professional, Scientific and Technical Services",18.8229,3.1863,22.0092
2007-11-01,Greater Adelaide,Information Media and Telecommunications,8.6311,2.9693,11.6004
2007-11-01,Greater Adelaide,"Professional, Scientific and Technical Services",26.37,10.2581,36.6282
2007-11-01,Greater Brisbane,Information Media and Telecommunications,19.5893,2.5786,22.1679
2007-11-01,Greater Brisbane,"Professional, Scientific and Technical Services",67.1702,17.1551,84.3253
2007-11-01,Greater Hobart,Information Media and Telecommunications,1.7702,0.4898,2.26
2007-11-01,Greater Hobart,"Professional, Scientific and Technical Services",4.5947,1.5028,6.0975
2007-11-01,Greater Melbourne,Information Media and Telecommunications,51.1828,7.9877,59.1705
2007-11-01,Greater Melbourne,"Professional, Scientific and Technical Services",150.7893,34.2324,185.0217
2007-11-01,Greater Perth,Information Media and Telecommunications,8.8554,6.4924,15.3478
2007-11-01,Greater Perth,"Professional, Scientific and Technical Services",63.0522,14.9836,78.0358
2007-11-01,Greater Sydney,Information Media and Telecommunications,60.3209,8.1537,68.4746
2007-11-01,Greater Sydney,"Professional, Scientific and Technical Services",156.4461,32.1062,188.5523
2007-11-01,Northern Territory,Information Media and Telecommunications,2.1414,0.3158,2.4572
2007-11-01,Northern Territory,"Professional, Scientific and Technical Services",3.3789,0.8143,4.1933
2007-11-01,Rest of NSW,Information Media and Telecommunications,9.4336,3.8345,13.2681
2007-11-01,Rest of NSW,"Professional, Scientific and Technical Services",39.9911,15.7534,55.7445
2007-11-01,Rest of Qld,Information Media and Telecommunications,12.0053,6.1833,18.1886
2007-11-01,Rest of Qld,"Professional, Scientific and Technical Services",44.7296,13.2105,57.9402
2007-11-01,Rest of Vic.,Information Media and Telecommunications,7.7727,3.3052,11.0778
2007-11-01,Rest of Vic.,"Professional, Scientific and Technical Services",19.1484,8.7179,27.8663
2008-02-01,Australian Capital Territory,Information Media and Telecommunications,4.4842,1.0162,5.5004
2008-02-01,Australian Capital Territory,"Professional, Scientific and Technical Services",17.5312,3.6765,21.2077
2008-02-01,Greater Adelaide,Information Media and Telecommunications,6.4848,2.4428,8.9275
2008-02-01,Greater Adelaide,"Professional, Scientific and Technical Services",28.7711,9.6568,38.4279
2008-02-01,Greater Brisbane,Information Media and Telecommunications,18.7228,2.9814,21.7042
2008-02-01,Greater Brisbane,"Professional, Scientific and Technical Services",68.6001,20.5541,89.1542
2008-02-01,Greater Hobart,Information Media and Telecommunications,1.0439,0.1786,1.2225
2008-02-01,Greater Hobart,"Professional, Scientific and Technical Services",4.7279,0.8485,5.5763
2008-02-01,Greater Melbourne,Information Media and Telecommunications,48.5956,9.1615,57.7571
2008-02-01,Greater Melbourne,"Professional, Scientific and Technical Services",150.8091,40.9855,191.7946
2008-02-01,Greater Perth,Information Media and Telecommunications,9.1357,2.5462,11.6818
2008-02-01,Greater Perth,"Professional, Scientific and Technical Services",66.9322,13.9072,80.8395
2008-02-01,Greater Sydney,Information Media and Telecommunications,62.6907,9.7734,72.4641
2008-02-01,Greater Sydney,"Professional, Scientific and Technical Services",187.8638,35.4216,223.2854
2008-02-01,Northern Territory,Information Media and Telecommunications,2.3095,0.1482,2.4577
2008-02-01,Northern Territory,"Professional, Scientific and Technical Services",3.5783,0.8623,4.4407
2008-02-01,Rest of NSW,Information Media and Telecommunications,8.7053,4.3427,13.048
2008-02-01,Rest of NSW,"Professional, Scientific and Technical Services",42.4654,12.2676,54.733
2008-02-01,Rest of Qld,Information Media and Telecommunications,12.913,4.4059,17.3189
2008-02-01,Rest of Qld,"Professional, Scientific and Technical Services",40.3269,11.1568,51.4837
2008-02-01,Rest of Vic.,Information Media and Telecommunications,6.6583,2.2501,8.9083
2008-02-01,Rest of Vic.,"Professional, Scientific and Technical Services",17.8736,5.2975,23.1711
2008-05-01,Australian Capital Territory,Information Media and Telecommunications,3.2976,0.8668,4.1644
2008-05-01,Australian Capital Territory,"Professional, Scientific and Technical Services",16.3637,4.3005,20.6642
2008-05-01,Greater Adelaide,Information Media and Telecommunications,7.2844,4.1722,11.4566
2008-05-01,Greater Adelaide,"Professional, Scientific and Technical Services",28.1973,10.0316,38.2289
2008-05-01,Greater Brisbane,Information Media and Telecommunications,20.1614,3.2924,23.4538
2008-05-01,Greater Brisbane,"Professional, Scientific and Technical Services",57.6834,15.394,73.0774
2008-05-01,Greater Hobart,Information Media and Telecommunications,1.7158,0.3687,2.0845
2008-05-01,Greater Hobart,"Professional, Scientific and Technical Services",4.6885,1.1543,5.8428
2008-05-01,Greater Melbourne,Information Media and Telecommunications,39.6762,11.8846,51.5608
2008-05-01,Greater Melbourne,"Professional, Scientific and Technical Services",147.1779,37.1123,184.2902
2008-05-01,Greater Perth,Information Media and Telecommunications,9.8976,5.5481,15.4458
2008-05-01,Greater Perth,"Professional, Scientific and Technical Services",59.7397,13.6465,73.3862
2008-05-01,Greater Sydney,Information Media and Telecommunications,59.8449,9.4975,69.3424
2008-05-01,Greater Sydney,"Professional, Scientific and Technical Services",195.861,38.0218,233.8827
2008-05-01,Northern Territory,Information Media and Telecommunications,1.8129,0.3875,2.2004
2008-05-01,Northern Territory,"Professional, Scientific and Technical Services",4.5106,0.8403,5.3509
2008-05-01,Rest of NSW,Information Media and Telecommunications,7.1858,2.7319,9.9177
2008-05-01,Rest of NSW,"Professional, Scientific and Technical Services",40.713,11.8868,52.5998
2008-05-01,Rest of Qld,Information Media and Telecommunications,13.0601,4.0842,17.1443
2008-05-01,Rest of Qld,"Professional, Scientific and Technical Services",43.4725,12.3829,55.8554
2008-05-01,Rest of Vic.,Information Media and Telecommunications,6.0194,3.3634,9.3828
2008-05-01,Rest of Vic.,"Professional, Scientific and Technical Services",15.4313,5.8237,21.255
2008-08-01,Australian Capital Territory,Information Media and Telecommunications,4.9402,1.1208,6.061
2008-08-01,Australian Capital Territory,"Professional, Scientific and Technical Services",19.4764,3.2922,22.7686
2008-08-01,Greater Adelaide,Information Media and Telecommunications,8.1527,1.8487,10.0014
2008-08-01,Greater Adelaide,"Professional, Scientific and Technical Services",25.6522,9.19,34.8422
2008-08-01,Greater Brisbane,Information Media and Telecommunications,16.4612,3.595,20.0562
2008-08-01,Greater Brisbane,"Professional, Scientific and Technical Services",67.746,15.0462,82.7922
2008-08-01,Greater Hobart,Information Media and Telecommunications,1.8697,0.5651,2.4348
2008-08-01,Greater Hobart,"Professional, Scientific and Technical Services",4.9738,2.1718,7.1457
2008-08-01,Greater Melbourne,Information Media and Telecommunications,45.6258,8.3182,53.944
2008-08-01,Greater Melbourne,"Professional, Scientific and Technical Services",133.0934,36.3406,169.4339
2008-08-01,Greater Perth,Information Media and Telecommunications,10.3715,3.5747,13.9463
2008-08-01,Greater Perth,"Professional, Scientific and Technical Services",59.1929,15.5916,74.7845
2008-08-01,Greater Sydney,Information Media and Telecommunications,62.8033,9.5147,72.318
2008-08-01,Greater Sydney,"Professional, Scientific and Technical Services",174.8898,45.0914,219.9812
2008-08-01,Northern Territory,Information Media and Telecommunications,1.162,0.7075,1.8695
2008-08-01,Northern Territory,"Professional, Scientific and Technical Services",4.7134,0.5819,5.2954
2008-08-01,Rest of NSW,Information Media and Telecommunications,10.4043,1.5274,11.9318
2008-08-01,Rest of NSW,"Professional, Scientific and Technical Services",39.9235,18.2292,58.1527
2008-08-01,Rest of Qld,Information Media and Telecommunications,10.4553,2.772,13.2273
2008-08-01,Rest of Qld,"Professional, Scientific and Technical Services",41.4179,11.0146,52.4325
2008-08-01,Rest of Vic.,Information Media and Telecommunications,5.176,2.2844,7.4604
2008-08-01,Rest of Vic.,"Professional, Scientific and Technical Services",18.4753,5.749,24.2244
2008-11-01,Australian Capital Territory,Information Media and Telecommunications,4.2148,1.1582,5.373
2008-11-01,Australian Capital Territory,"Professional, Scientific and Technical Services",19.1957,3.4124,22.6081
2008-11-01,Greater Adelaide,Information Media and Telecommunications,9.1323,1.6533,10.7856
2008-11-01,Greater Adelaide,"Professional, Scientific and Technical Services",34.8523,8.8217,43.674
2008-11-01,Greater Brisbane,Information Media and Telecommunications,19.886,3.2038,23.0897
2008-11-01,Greater Brisbane,"Professional, Scientific and Technical Services",79.2579,18.6654,97.9233
2008-11-01,Greater Hobart,Information Media and Telecommunications,1.8411,0.2858,2.127
2008-11-01,Greater Hobart,"Professional, Scientific and Technical Services",4.1976,2.0955,6.2931
2008-11-01,Greater Melbourne,Information Media and Telecommunications,42.7573,15.0509,57.8082
2008-11-01,Greater Melbourne,"Professional, Scientific and Technical Services",154.8024,34.4571,189.2595
2008-11-01,Greater Perth,Information Media and Telecommunications,7.0009,3.2582,10.2591
2008-11-01,Greater Perth,"Professional, Scientific and Technical Services",54.5567,13.815,68.3717
2008-11-01,Greater Sydney,Information Media and Telecommunications,60.3841,11.4818,71.8659
2008-11-01,Greater Sydney,"Professional, Scientific and Technical Services",174.8113,46.8962,221.7075
2008-11-01,Northern Territory,Information Media and Telecommunications,1.8924,0.3533,2.2457
2008-11-01,Northern Territory,"Professional, Scientific and Technical Services",3.9808,0.4037,4.3845
2008-11-01,Rest of NSW,Information Media and Telecommunications,8.2931,3.5911,11.8843
2008-11-01,Rest of NSW,"Professional, Scientific and Technical Services",38.2801,19.6116,57.8916
2008-11-01,Rest of Qld,Information Media and Telecommunications,11.0055,1.9703,12.9758
2008-11-01,Rest of Qld,"Professional, Scientific and Technical Services",43.7139,11.0798,54.7938
2008-11-01,Rest of Vic.,Information Media and Telecommunications,6.8595,1.7876,8.6471
2008-11-01,Rest of Vic.,"Professional, Scientific and Technical Services",18.223,7.7737,25.9967
2009-02-01,Australian Capital Territory,Information Media and Telecommunications,3.5169,0.6612,4.1782
2009-02-01,Australian Capital Territory,"Professional, Scientific and Technical Services",20.7405,4.2593,24.9999
2009-02-01,Greater Adelaide,Information Media and Telecommunications,8.4143,3.4742,11.8885
2009-02-01,Greater Adelaide,"Professional, Scientific and Technical Services",29.542,8.688,38.2299
2009-02-01,Greater Brisbane,Information Media and Telecommunications,21.3366,3.1194,24.456
2009-02-01,Greater Brisbane,"Professional, Scientific and Technical Services",76.5978,18.0319,94.6297
2009-02-01,Greater Hobart,Information Media and Telecommunications,1.9122,0.2415,2.1538
2009-02-01,Greater Hobart,"Professional, Scientific and Technical Services",5.6585,2.3397,7.9982
2009-02-01,Greater Melbourne,Information Media and Telecommunications,47.7324,9.3507,57.0831
2009-02-01,Greater Melbourne,"Professional, Scientific and Technical Services",142.5448,36.8448,179.3896
2009-02-01,Greater Perth,Information Media and Telecommunications,7.5452,2.903,10.4482
2009-02-01,Greater Perth,"Professional, Scientific and Technical Services",48.9826,12.9359,61.9185
2009-02-01,Greater Sydney,Information Media and Telecommunications,63.2337,12.5714,75.8052
2009-02-01,Greater Sydney,"Professional, Scientific and Technical Services",173.0894,44.4652,217.5545
2009-02-01,Northern Territory,Information Media and Telecommunications,1.6858,0.4911,2.1769
2009-02-01,Northern Territory,"Professional, Scientific and Technical Services",3.6756,0.591,4.2667
2009-02-01,Rest of NSW,Information Media and Telecommunications,9.6429,4.0312,13.6741
2009-02-01,Rest of NSW,"Professional, Scientific and Technical Services",36.1239,13.4167,49.5407
2009-02-01,Rest of Qld,Information Media and Telecommunications,10.3574,1.5802,11.9376
2009-02-01,Rest of Qld,"Professional, Scientific and Technical Services",37.7412,14.8799,52.6211
2009-02-01,Rest of Vic.,Information Media and Telecommunications,4.2481,1.572,5.8201
2009-02-01,Rest of Vic.,"Professional, Scientific and Technical Services",18.3535,6.7183,25.0717
2009-05-01,Australian Capital Territory,Information Media and Telecommunications,3.565,0.1912,3.7562
2009-05-01,Australian Capital Territory,"Professional, Scientific and Technical Services",17.8466,3.1907,21.0373
2009-05-01,Greater Adelaide,Information Media and Telecommunications,9.2398,2.0739,11.3136
2009-05-01,Greater Adelaide,"Professional, Scientific and Technical Services",33.8163,11.5044,45.3207
2009-05-01,Greater Brisbane,Information Media and Telecommunications,16.6086,3.1148,19.7235
2009-05-01,Greater Brisbane,"Professional, Scientific and Technical Services",79.0586,20.4246,99.4832
2009-05-01,Greater Hobart,Information Media and Telecommunications,1.2299,0.2289,1.4588
2009-05-01,Greater Hobart,"Professional, Scientific and Technical Services",7.9875,2.9525,10.94
2009-05-01,Greater Melbourne,Information Media and Telecommunications,49.1748,13.3725,62.5473
2009-05-01,Greater Melbourne,"Professional, Scientific and Technical Services",138.9359,36.6148,175.5506
2009-05-01,Greater Perth,Information Media and Telecommunications,7.2199,2.9187,10.1386
2009-05-01,Greater Perth,"Professional, Scientific and Technical Services",47.2797,15.5911,62.8708
2009-05-01,Greater Sydney,Information Media and Telecommunications,59.2614,12.5547,71.8161
2009-05-01,Greater Sydney,"Professional, Scientific and Technical Services",165.9853,58.1006,224.0859
2009-05-01,Northern Territory,Information Media and Telecommunications,1.9877,0.1816,2.1693
2009-05-01,Northern Territory,"Professional, Scientific and Technical Services",4.5673,0.819,5.3863
2009-05-01,Rest of NSW,Information Media and Telecommunications,9.1598,5.2242,14.3841
2009-05-01,Rest of NSW,"Professional, Scientific and Technical Services",33.1387,12.0023,45.141
2009-05-01,Rest of Qld,Information Media and Telecommunications,12.1272,2.6892,14.8165
2009-05-01,Rest of Qld,"Professional, Scientific and Technical Services",30.7662,14.188,44.9543
2009-05-01,Rest of Vic.,Information Media and Telecommunications,6.4412,0.0,6.4412
2009-05-01,Rest of Vic.,"Professional, Scientific and Technical Services",12.7111,5.0661,17.7771
2009-08-01,Australian Capital Territory,Information Media and Telecommunications,3.3357,0.5185,3.8542
2009-08-01,Australian Capital Territory,"Professional, Scientific and Technical Services",19.547,3.6522,23.1991
2009-08-01,Greater Adelaide,Information Media and Telecommunications,7.9245,1.6969,9.6214
2009-08-01,Greater Adelaide,"Professional, Scientific and Technical Services",31.8897,11.9075,43.7972
2009-08-01,Greater Brisbane,Information Media and Telecommunications,10.0742,4.3498,14.4241
2009-08-01,Greater Brisbane,"Professional, Scientific and Technical Services",81.9409,15.0517,96.9926
2009-08-01,Greater Hobart,Information Media and Telecommunications,1.7079,0.5465,2.2544
2009-08-01,Greater Hobart,"Professional, Scientific and Technical Services",5.665,1.9177,7.5827
2009-08-01,Greater Melbourne,Information Media and Telecommunications,48.0957,12.5827,60.6784
2009-08-01,Greater Melbourne,"Professional, Scientific and Technical Services",143.0876,41.5773,184.6649
2009-08-01,Greater Perth,Information Media and Telecommunications,9.3872,3.9414,13.3286
2009-08-01,Greater Perth,"Professional, Scientific and Technical Services",43.9948,14.5833,58.5782
2009-08-01,Greater Sydney,Information Media and Telecommunications,56.1804,9.8938,66.0742
2009-08-01,Greater Sydney,"Professional, Scientific and Technical Services",182.1289,46.7754,228.9043
2009-08-01,Northern Territory,Information Media and Telecommunications,1.93,0.1582,2.0883
2009-08-01,Northern Territory,"Professional, Scientific and Technical Services",5.1981,0.7368,5.9349
2009-08-01,Rest of NSW,Information Media and Telecommunications,8.3842,3.2213,11.6055
2009-08-01,Rest of NSW,"Professional, Scientific and Technical Services",32.2927,12.8416,45.1343
2009-08-01,Rest of Qld,Information Media and Telecommunications,8.8163,2.432,11.2483
2009-08-01,Rest of Qld,"Professional, Scientific and Technical Services",34.6238,12.2097,46.8335
2009-08-01,Rest of Vic.,Information Media and Telecommunications,6.7683,0.5573,7.3257
2009-08-01,Rest of Vic.,"Professional, Scientific and Technical Services",15.3877,7.3728,22.7605
2009-11-01,Australian Capital Territory,Information Media and Telecommunications,4.4961,1.376,5.8721
2009-11-01,Australian Capital Territory,"Professional, Scientific and Technical Services",16.8111,3.9925,20.8036
2009-11-01,Greater Adelaide,Information Media and Telecommunications,6.3983,2.4057,8.804
2009-11-01,Greater Adelaide,"Professional, Scientific and Technical Services",38.3929,9.5824,47.9753
2009-11-01,Greater Brisbane,Information Media and Telecommunications,12.6863,6.0462,18.7326
2009-11-01,Greater Brisbane,"Professional, Scientific and Technical Services",75.9409,15.855,91.7959
2009-11-01,Greater Hobart,Information Media and Telecommunications,2.2486,0.4557,2.7043
2009-11-01,Greater Hobart,"Professional, Scientific and Technical Services",5.1515,1.5282,6.6797
2009-11-01,Greater Melbourne,Information Media and Telecommunications,43.3449,9.8047,53.1496
2009-11-01,Greater Melbourne,"Professional, Scientific and Technical Services",153.3955,44.8338,198.2293
2009-11-01,Greater Perth,Information Media and Telecommunications,11.6251,4.532,16.1571
2009-11-01,Greater Perth,"Professional, Scientific and Technical Services",58.7012,16.9717,75.6729
2009-11-01,Greater Sydney,Information Media and Telecommunications,57.636,9.5278,67.1637
2009-11-01,Greater Sydney,"Professional, Scientific and Technical Services",181.4395,41.7793,223.2188
2009-11-01,Northern Territory,Information Media and Telecommunications,1.5237,0.2657,1.7894
2009-11-01,Northern Territory,"Professional, Scientific and Technical Services",5.9134,1.0542,6.9676
2009-11-01,Rest of NSW,Information Media and Telecommunications,7.3532,5.1181,12.4713
2009-11-01,Rest of NSW,"Professional, Scientific and Technical Services",36.9936,15.4327,52.4263
2009-11-01,Rest of Qld,Information Media and Telecommunications,9.07,2.4528,11.5228
2009-11-01,Rest of Qld,"Professional, Scientific and Technical Services",45.6435,13.9673,59.6108
2009-11-01,Rest of Vic.,Information Media and Telecommunications,7.56,1.6793,9.2393
2009-11-01,Rest of Vic.,"Professional, Scientific and Technical Services",17.957,6.7159,24.673
2010-02-01,Australian Capital Territory,Information Media and Telecommunications,3.8231,0.7607,4.5837
2010-02-01,Australian Capital Territory,"Professional, Scientific and Technical Services",17.1758,4.1894,21.3652
2010-02-01,Greater Adelaide,Information Media and Telecommunications,9.5465,1.481,11.0275
2010-02-01,Greater Adelaide,"Professional, Scientific and Technical Services",38.2813,11.4904,49.7717
2010-02-01,Greater Brisbane,Information Media and Telecommunications,12.1112,5.015,17.1262
2010-02-01,Greater Brisbane,"Professional, Scientific and Technical Services",77.1291,17.333,94.4621
2010-02-01,Greater Hobart,Information Media and Telecommunications,1.9173,0.5144,2.4317
2010-02-01,Greater Hobart,"Professional, Scientific and Technical Services",4.3461,1.4127,5.7589
2010-02-01,Greater Melbourne,Information Media and Telecommunications,44.2394,10.3015,54.5409
2010-02-01,Greater Melbourne,"Professional, Scientific and Technical Services",148.902,44.0624,192.9644
2010-02-01,Greater Perth,Information Media and Telecommunications,9.979,2.6114,12.5904
2010-02-01,Greater Perth,"Professional, Scientific and Technical Services",63.477,19.2844,82.7614
2010-02-01,Greater Sydney,Information Media and Telecommunications,56.267,10.0486,66.3156
2010-02-01,Greater Sydney,"Professional, Scientific and Technical Services",200.3638,42.7273,243.0911
2010-02-01,Northern Territory,Information Media and Telecommunications,1.1008,0.0736,1.1744
2010-02-01,Northern Territory,"Professional, Scientific and Technical Services",5.2816,1.1414,6.423
2010-02-01,Rest of NSW,Information Media and Telecommunications,11.6922,3.2596,14.9518
2010-02-01,Rest of NSW,"Professional, Scientific and Technical Services",41.7882,15.1457,56.9339
2010-02-01,Rest of Qld,Information Media and Telecommunications,9.7723,2.9192,12.6915
2010-02-01,Rest of Qld,"Professional, Scientific and Technical Services",45.0579,12.9203,57.9782
2010-02-01,Rest of Vic.,Information Media and Telecommunications,5.1688,2.0225,7.1913
2010-02-01,Rest of Vic.,"Professional, Scientific and Technical Services",18.1471,9.1435,27.2906
2010-05-01,Australian Capital Territory,Information Media and Telecommunications,3.3269,1.0409,4.3678
2010-05-01,Australian Capital Territory,"Professional, Scientific and Technical Services",17.4155,4.2765,21.692
2010-05-01,Greater Adelaide,Information Media and Telecommunications,11.1181,2.3039,13.422
2010-05-01,Greater Adelaide,"Professional, Scientific and Technical Services",35.1566,10.5382,45.6948
2010-05-01,Greater Brisbane,Information Media and Telecommunications,12.9347,4.394,17.3287
2010-05-01,Greater Brisbane,"Professional, Scientific and Technical Services",72.08,16.8983,88.9783
2010-05-01,Greater Hobart,Information Media and Telecommunications,2.5258,0.6793,3.2051
2010-05-01,Greater Hobart,"Professional, Scientific and Technical Services",4.9701,1.558,6.5281
2010-05-01,Greater Melbourne,Information Media and Telecommunications,46.6597,11.0064,57.6661
2010-05-01,Greater Melbourne,"Professional, Scientific and Technical Services",151.3564,42.7602,194.1165
2010-05-01,Greater Perth,Information Media and Telecommunications,8.9356,3.4089,12.3445
2010-05-01,Greater Perth,"Professional, Scientific and Technical Services",64.329,16.7846,81.1136
2010-05-01,Greater Sydney,Information Media and Telecommunications,57.681,12.0951,69.7761
2010-05-01,Greater Sydney,"Professional, Scientific and Technical Services",196.0759,45.493,241.5689
2010-05-01,Northern Territory,Information Media and Telecommunications,1.368,0.5065,1.8746
2010-05-01,Northern Territory,"Professional, Scientific and Technical Services",5.0233,0.9285,5.9518
2010-05-01,Rest of NSW,Information Media and Telecommunications,13.8545,2.319,16.1735
2010-05-01,Rest of NSW,"Professional, Scientific and Technical Services",37.2173,14.028,51.2453
2010-05-01,Rest of Qld,Information Media and Telecommunications,8.8517,3.6391,12.4908
2010-05-01,Rest of Qld,"Professional, Scientific and Technical Services",40.9369,17.8453,58.7822
2010-05-01,Rest of Vic.,Information Media and Telecommunications,4.5874,1.6065,6.194
2010-05-01,Rest of Vic.,"Professional, Scientific and Technical Services",16.7808,5.9831,22.7639
2010-08-01,Australian Capital Territory,Information Media and Telecommunications,2.8648,1.0965,3.9613
2010-08-01,Australian Capital Territory,"Professional, Scientific and Technical Services",17.2153,4.1712,21.3865
2010-08-01,Greater Adelaide,Information Media and Telecommunications,12.4132,3.1678,15.581
2010-08-01,Greater Adelaide,"Professional, Scientific and Technical Services",29.8588,8.8566,38.7154
2010-08-01,Greater Brisbane,Information Media and Telecommunications,13.2575,5.3117,18.5692
2010-08-01,Greater Brisbane,"Professional, Scientific and Technical Services",70.4526,13.0836,83.5362
2010-08-01,Greater Hobart,Information Media and Telecommunications,2.4171,0.5836,3.0008
2010-08-01,Greater Hobart,"Professional, Scientific and Technical Services",7.1832,1.7635,8.9467
2010-08-01,Greater Melbourne,Information Media and Telecommunications,44.9041,12.0124,56.9165
2010-08-01,Greater Melbourne,"Professional, Scientific and Technical Services",152.3524,39.8954,192.2478
2010-08-01,Greater Perth,Information Media and Telecommunications,6.2537,3.2911,9.5448
2010-08-01,Greater Perth,"Professional, Scientific and Technical Services",63.6898,21.253,84.9428
2010-08-01,Greater Sydney,Information Media and Telecommunications,51.9024,7.9993,59.9018
2010-08-01,Greater Sydney,"Professional, Scientific and Technical Services",202.0727,53.2131,255.2858
2010-08-01,Northern Territory,Information Media and Telecommunications,1.9158,0.3009,2.2168
2010-08-01,Northern Territory,"Professional, Scientific and Technical Services",4.954,0.9171,5.8711
2010-08-01,Rest of NSW,Information Media and Telecommunications,10.0799,2.0349,12.1148
2010-08-01,Rest of NSW,"Professional, Scientific and Technical Services",38.3948,15.2929,53.6877
2010-08-01,Rest of Qld,Information Media and Telecommunications,9.0254,3.5159,12.5413
2010-08-01,Rest of Qld,"Professional, Scientific and Technical Services",40.8633,17.1404,58.0037
2010-08-01,Rest of Vic.,Information Media and Telecommunications,6.4484,1.5228,7.9712
2010-08-01,Rest of Vic.,"Professional, Scientific and Technical Services",18.7239,7.9876,26.7115
2010-11-01,Australian Capital Territory,Information Media and Telecommunications,2.7258,0.9751,3.7009
2010-11-01,Australian Capital Territory,"Professional, Scientific and Technical Services",15.582,3.537,19.1191
2010-11-01,Greater Adelaide,Information Media and Telecommunications,9.0006,3.1462,12.1468
2010-11-01,Greater Adelaide,"Professional, Scientific and Technical Services",31.407,6.5387,37.9457
2010-11-01,Greater Brisbane,Information Media and Telecommunications,14.3398,4.2836,18.6234
2010-11-01,Greater Brisbane,"Professional, Scientific and Technical Services",72.5183,15.2711,87.7894
2010-11-01,Greater Hobart,Information Media and Telecommunications,2.4406,0.1515,2.5921
2010-11-01,Greater Hobart,"Professional, Scientific and Technical Services",7.7839,1.9395,9.7234
2010-11-01,Greater Melbourne,Information Media and Telecommunications,41.4136,11.8144,53.228
2010-11-01,Greater Melbourne,"Professional, Scientific and Technical Services",149.2461,44.4834,193.7295
2010-11-01,Greater Perth,Information Media and Telecommunications,8.3171,4.331,12.6481
2010-11-01,Greater Perth,"Professional, Scientific and Technical Services",66.0813,19.6364,85.7176
2010-11-01,Greater Sydney,Information Media and Telecommunications,59.411,9.3902,68.8012
2010-11-01,Greater Sydney,"Professional, Scientific and Technical Services",189.8541,54.4422,244.2962
2010-11-01,Northern Territory,Information Media and Telecommunications,1.8489,0.7857,2.6345
2010-11-01,Northern Territory,"Professional, Scientific and Technical Services",4.8922,1.2121,6.1043
2010-11-01,Rest of NSW,Information Media and Telecommunications,8.4235,4.0075,12.431
2010-11-01,Rest of NSW,"Professional, Scientific and Technical Services",33.9093,20.3433,54.2526
2010-11-01,Rest of Qld,Information Media and Telecommunications,7.884,3.788,11.6719
2010-11-01,Rest of Qld,"Professional, Scientific and Technical Services",40.2654,14.5097,54.7751
2010-11-01,Rest of Vic.,Information Media and Telecommunications,5.1224,2.4965,7.6189
2010-11-01,Rest of Vic.,"Professional, Scientific and Technical Services",17.8946,6.4672,24.3617
2011-02-01,Australian Capital Territory,Information Media and Telecommunications,3.1107,0.8939,4.0046
2011-02-01,Australian Capital Territory,"Professional, Scientific and Technical Services",15.338,3.6942,19.0322
2011-02-01,Greater Adelaide,Information Media and Telecommunications,9.8486,1.9529,11.8015
2011-02-01,Greater Adelaide,"Professional, Scientific and Technical Services",34.85,10.4928,45.3428
2011-02-01,Greater Brisbane,Information Media and Telecommunications,17.448,3.4944,20.9425
2011-02-01,Greater Brisbane,"Professional, Scientific and Technical Services",77.6461,18.322,95.9681
2011-02-01,Greater Hobart,Information Media and Telecommunications,2.0024,0.4086,2.411
2011-02-01,Greater Hobart,"Professional, Scientific and Technical Services",5.9149,2.8878,8.8027
2011-02-01,Greater Melbourne,Information Media and Telecommunications,41.3086,9.143,50.4515
2011-02-01,Greater Melbourne,"Professional, Scientific and Technical Services",166.2956,40.2406,206.5362
2011-02-01,Greater Perth,Information Media and Telecommunications,8.2074,3.8735,12.0809
2011-02-01,Greater Perth,"Professional, Scientific and Technical Services",59.6022,19.5843,79.1865
2011-02-01,Greater Sydney,Information Media and Telecommunications,60.3623,10.1511,70.5135
2011-02-01,Greater Sydney,"Professional, Scientific and Technical Services",187.4149,49.92,237.335
2011-02-01,Northern Territory,Information Media and Telecommunications,1.4476,0.1746,1.6223
2011-02-01,Northern Territory,"Professional, Scientific and Technical Services",5.1626,0.5188,5.6814
2011-02-01,Rest of NSW,Information Media and Telecommunications,9.459,3.4082,12.8671
2011-02-01,Rest of NSW,"Professional, Scientific and Technical Services",45.4364,19.8268,65.2632
2011-02-01,Rest of Qld,Information Media and Telecommunications,8.3357,5.3159,13.6516
2011-02-01,Rest of Qld,"Professional, Scientific and Technical Services",48.1678,15.9089,64.0768
2011-02-01,Rest of Vic.,Information Media and Telecommunications,3.6736,2.4774,6.151
2011-02-01,Rest of Vic.,"Professional, Scientific and Technical Services",21.3845,6.0397,27.4242
2011-05-01,Australian Capital Territory,Information Media and Telecommunications,3.4685,1.4938,4.9623
2011-05-01,Australian Capital Territory,"Professional, Scientific and Technical Services",14.9296,3.7781,18.7077
2011-05-01,Greater Adelaide,Information Media and Telecommunications,10.7383,2.1121,12.8503
2011-05-01,Greater Adelaide,"Professional, Scientific and Technical Services",36.1598,12.9216,49.0814
2011-05-01,Greater Brisbane,Information Media and Telecommunications,17.3152,4.3753,21.6906
2011-05-01,Greater Brisbane,"Professional, Scientific and Technical Services",77.8839,22.068,99.9519
2011-05-01,Greater Hobart,Information Media and Telecommunications,3.219,0.2999,3.5189
2011-05-01,Greater Hobart,"Professional, Scientific and Technical Services",4.2469,1.4625,5.7094
2011-05-01,Greater Melbourne,Information Media and Telecommunications,36.325,11.4955,47.8205
2011-05-01,Greater Melbourne,"Professional, Scientific and Technical Services",159.0314,34.8301,193.8615
2011-05-01,Greater Perth,Information Media and Telecommunications,9.0436,5.1071,14.1507
2011-05-01,Greater Perth,"Professional, Scientific and Technical Services",56.2418,19.0667,75.3085
2011-05-01,Greater Sydney,Information Media and Telecommunications,62.0924,9.0493,71.1417
2011-05-01,Greater Sydney,"Professional, Scientific and Technical Services",179.3176,42.8428,222.1604
2011-05-01,Northern Territory,Information Media and Telecommunications,1.5119,0.0,1.5119
2011-05-01,Northern Territory,"Professional, Scientific and Technical Services",5.5997,0.5242,6.1239
2011-05-01,Rest of NSW,Information Media and Telecommunications,10.8242,2.0172,12.8414
2011-05-01,Rest of NSW,"Professional, Scientific and Technical Services",49.0332,16.6157,65.6488
2011-05-01,Rest of Qld,Information Media and Telecommunications,10.0008,3.1356,13.1364
2011-05-01,Rest of Qld,"Professional, Scientific and Technical Services",41.3999,15.9917,57.3916
2011-05-01,Rest of Vic.,Information Media and Telecommunications,3.5621,1.9869,5.549
2011-05-01,Rest of Vic.,"Professional, Scientific and Technical Services",19.0852,9.5754,28.6606
2011-08-01,Australian Capital Territory,Information Media and Telecommunications,3.1888,0.5425,3.7313
2011-08-01,Australian Capital Territory,"Professional, Scientific and Technical Services",15.3725,2.8806,18.2532
2011-08-01,Greater Adelaide,Information Media and Telecommunications,8.1549,2.364,10.5189
2011-08-01,Greater Adelaide,"Professional, Scientific and Technical Services",30.2185,9.0789,39.2974
2011-08-01,Greater Brisbane,Information Media and Telecommunications,17.384,2.8009,20.1849
2011-08-01,Greater Brisbane,"Professional, Scientific and Technical Services",76.5655,20.9365,97.502
2011-08-01,Greater Hobart,Information Media and Telecommunications,1.8152,0.2226,2.0377
2011-08-01,Greater Hobart,"Professional, Scientific and Technical Services",4.329,1.3553,5.6843
2011-08-01,Greater Melbourne,Information Media and Telecommunications,41.5367,9.1476,50.6843
2011-08-01,Greater Melbourne,"Professional, Scientific and Technical Services",168.6668,38.9686,207.6354
2011-08-01,Greater Perth,Information Media and Telecommunications,10.2186,2.258,12.4766
2011-08-01,Greater Perth,"Professional, Scientific and Technical Services",67.9832,15.8614,83.8445
2011-08-01,Greater Sydney,Information Media and Telecommunications,58.0342,8.038,66.0722
2011-08-01,Greater Sydney,"Professional, Scientific and Technical Services",192.048,51.5029,243.5509
2011-08-01,Northern Territory,Information Media and Telecommunications,1.4002,0.1501,1.5503
2011-08-01,Northern Territory,"Professional, Scientific and Technical Services",4.1975,0.6465,4.844
2011-08-01,Rest of NSW,Information Media and Telecommunications,10.7192,3.1003,13.8195
2011-08-01,Rest of NSW,"Professional, Scientific and Technical Services",40.8118,18.6032,59.415
2011-08-01,Rest of Qld,Information Media and Telecommunications,7.8099,1.9549,9.7648
2011-08-01,Rest of Qld,"Professional, Scientific and Technical Services",40.4666,13.8888,54.3554
2011-08-01,Rest of Vic.,Information Media and Telecommunications,5.0674,2.1936,7.261
2011-08-01,Rest of Vic.,"Professional, Scientific and Technical Services",19.3547,9.9211,29.2757
2011-11-01,Australian Capital Territory,Information Media and Telecommunications,3.1376,0.7255,3.863
2011-11-01,Australian Capital Territory,"Professional, Scientific and Technical Services",16.5952,4.0896,20.6848
2011-11-01,Greater Adelaide,Information Media and Telecommunications,7.9819,2.2328,10.2147
2011-11-01,Greater Adelaide,"Professional, Scientific and Technical Services",33.5383,9.7321,43.2704
2011-11-01,Greater Brisbane,Information Media and Telecommunications,16.9171,4.0071,20.9242
2011-11-01,Greater Brisbane,"Professional, Scientific and Technical Services",68.7329,17.4982,86.2311
2011-11-01,Greater Hobart,Information Media and Telecommunications,1.2816,1.1415,2.4231
2011-11-01,Greater Hobart,"Professional, Scientific and Technical Services",5.937,1.4301,7.3671
2011-11-01,Greater Melbourne,Information Media and Telecommunications,40.4149,11.4967,51.9117
2011-11-01,Greater Melbourne,"Professional, Scientific and Technical Services",150.7161,43.0736,193.7898
2011-11-01,Greater Perth,Information Media and Telecommunications,9.3669,2.5507,11.9176
2011-11-01,Greater Perth,"Professional, Scientific and Technical Services",67.2435,18.6905,85.934
2011-11-01,Greater Sydney,Information Media and Telecommunications,58.0974,8.3521,66.4495
2011-11-01,Greater Sydney,"Professional, Scientific and Technical Services",193.4304,47.9247,241.3551
2011-11-01,Northern Territory,Information Media and Telecommunications,0.6691,0.6761,1.3451
2011-11-01,Northern Territory,"Professional, Scientific and Technical Services",5.5173,0.4945,6.0118
2011-11-01,Rest of NSW,Information Media and Telecommunications,8.0262,1.2759,9.3021
2011-11-01,Rest of NSW,"Professional, Scientific and Technical Services",41.7054,18.08,59.7854
2011-11-01,Rest of Qld,Information Media and Telecommunications,7.3384,1.4689,8.8073
2011-11-01,Rest of Qld,"Professional, Scientific and Technical Services",45.1268,13.877,59.0038
2011-11-01,Rest of Vic.,Information Media and Telecommunications,3.8452,3.4048,7.25
2011-11-01,Rest of Vic.,"Professional, Scientific and Technical Services",19.1745,8.1092,27.2837
2012-02-01,Australian Capital Territory,Information Media and Telecommunications,4.557,1.1099,5.6669
2012-02-01,Australian Capital Territory,"Professional, Scientific and Technical Services",16.9688,3.9353,20.9041
2012-02-01,Greater Adelaide,Information Media and Telecommunications,8.6799,2.1543,10.8342
2012-02-01,Greater Adelaide,"Professional, Scientific and Technical Services",31.7279,10.9576,42.6855
2012-02-01,Greater Brisbane,Information Media and Telecommunications,15.3916,3.9934,19.385
2012-02-01,Greater Brisbane,"Professional, Scientific and Technical Services",68.5315,19.8752,88.4068
2012-02-01,Greater Hobart,Information Media and Telecommunications,1.5207,0.8934,2.4142
2012-02-01,Greater Hobart,"Professional, Scientific and Technical Services",5.8334,1.6891,7.5225
2012-02-01,Greater Melbourne,Information Media and Telecommunications,44.9369,9.039,53.976
2012-02-01,Greater Melbourne,"Professional, Scientific and Technical Services",163.7431,48.2612,212.0043
2012-02-01,Greater Perth,Information Media and Telecommunications,8.595,2.8992,11.4942
2012-02-01,Greater Perth,"Professional, Scientific and Technical Services",67.1151,19.0263,86.1415
2012-02-01,Greater Sydney,Information Media and Telecommunications,67.9595,13.4412,81.4007
2012-02-01,Greater Sydney,"Professional, Scientific and Technical Services",211.3404,47.4534,258.7938
2012-02-01,Northern Territory,Information Media and Telecommunications,1.1026,0.81,1.9126
2012-02-01,Northern Territory,"Professional, Scientific and Technical Services",5.4759,0.6394,6.1153
2012-02-01,Rest of NSW,Information Media and Telecommunications,8.151,3.1918,11.3428
2012-02-01,Rest of NSW,"Professional, Scientific and Technical Services",32.6454,19.9533,52.5987
2012-02-01,Rest of Qld,Information Media and Telecommunications,7.0631,3.212,10.2751
2012-02-01,Rest of Qld,"Professional, Scientific and Technical Services",37.9521,15.0867,53.0388
2012-02-01,Rest of Vic.,Information Media and Telecommunications,6.718,2.2145,8.9325
2012-02-01,Rest of Vic.,"Professional, Scientific and Technical Services",21.273,8.6699,29.9429
2012-05-01,Australian Capital Territory,Information Media and Telecommunications,4.0217,1.3996,5.4213
2012-05-01,Australian Capital Territory,"Professional, Scientific and Technical Services",17.3786,4.9963,22.3748
2012-05-01,Greater Adelaide,Information Media and Telecommunications,9.515,2.8038,12.3188
2012-05-01,Greater Adelaide,"Professional, Scientific and Technical Services",36.0857,11.0275,47.1133
2012-05-01,Greater Brisbane,Information Media and Telecommunications,15.879,4.9145,20.7935
2012-05-01,Greater Brisbane,"Professional, Scientific and Technical Services",84.8902,19.6935,104.5837
2012-05-01,Greater Hobart,Information Media and Telecommunications,1.8684,1.2486,3.117
2012-05-01,Greater Hobart,"Professional, Scientific and Technical Services",5.5899,2.0816,7.6715
2012-05-01,Greater Melbourne,Information Media and Telecommunications,47.9374,10.6914,58.6288
2012-05-01,Greater Melbourne,"Professional, Scientific and Technical Services",165.796,49.5705,215.3665
2012-05-01,Greater Perth,Information Media and Telecommunications,9.4672,3.0099,12.4771
2012-05-01,Greater Perth,"Professional, Scientific and Technical Services",64.0255,17.2469,81.2724
2012-05-01,Greater Sydney,Information Media and Telecommunications,66.4359,19.8185,86.2544
2012-05-01,Greater Sydney,"Professional, Scientific and Technical Services",218.7052,54.3803,273.0855
2012-05-01,Northern Territory,Information Media and Telecommunications,0.9621,0.6373,1.5995
2012-05-01,Northern Territory,"Professional, Scientific and Technical Services",6.4557,1.1916,7.6473
2012-05-01,Rest of NSW,Information Media and Telecommunications,7.9197,3.817,11.7366
2012-05-01,Rest of NSW,"Professional, Scientific and Technical Services",36.5544,20.5704,57.1248
2012-05-01,Rest of Qld,Information Media and Telecommunications,9.6084,2.5548,12.1631
2012-05-01,Rest of Qld,"Professional, Scientific and Technical Services",39.3646,15.3693,54.734
2012-05-01,Rest of Vic.,Information Media and Telecommunications,5.4938,2.1843,7.6781
2012-05-01,Rest of Vic.,"Professional, Scientific and Technical Services",23.55,7.4809,31.0309
2012-08-01,Australian Capital Territory,Information Media and Telecommunications,2.0307,0.7666,2.7973
2012-08-01,Australian Capital Territory,"Professional, Scientific and Technical Services",19.8035,4.2841,24.0875
2012-08-01,Greater Adelaide,Information Media and Telecommunications,8.7177,3.2539,11.9716
2012-08-01,Greater Adelaide,"Professional, Scientific and Technical Services",35.991,12.2733,48.2643
2012-08-01,Greater Brisbane,Information Media and Telecommunications,15.3366,3.3028,18.6394
2012-08-01,Greater Brisbane,"Professional, Scientific and Technical Services",85.0428,22.7909,107.8337
2012-08-01,Greater Hobart,Information Media and Telecommunications,2.3096,1.0319,3.3415
2012-08-01,Greater Hobart,"Professional, Scientific and Technical Services",5.0429,1.6782,6.7211
2012-08-01,Greater Melbourne,Information Media and Telecommunications,47.725,7.7662,55.4912
2012-08-01,Greater Melbourne,"Professional, Scientific and Technical Services",175.6582,45.387,221.0452
2012-08-01,Greater Perth,Information Media and Telecommunications,9.3441,4.319,13.6631
2012-08-01,Greater Perth,"Professional, Scientific and Technical Services",73.3818,18.4133,91.7951
2012-08-01,Greater Sydney,Information Media and Telecommunications,67.0507,15.2791,82.3297
2012-08-01,Greater Sydney,"Professional, Scientific and Technical Services",207.401,54.4843,261.8853
2012-08-01,Northern Territory,Information Media and Telecommunications,1.1968,0.7599,1.9567
2012-08-01,Northern Territory,"Professional, Scientific and Technical Services",5.5896,1.5896,7.1793
2012-08-01,Rest of NSW,Information Media and Telecommunications,10.2993,4.991,15.2903
2012-08-01,Rest of NSW,"Professional, Scientific and Technical Services",34.0507,14.6859,48.7367
2012-08-01,Rest of Qld,Information Media and Telecommunications,12.4359,3.3381,15.774
2012-08-01,Rest of Qld,"Professional, Scientific and Technical Services",36.49,12.2636,48.7536
2012-08-01,Rest of Vic.,Information Media and Telecommunications,5.7106,2.3135,8.0241
2012-08-01,Rest of Vic.,"Professional, Scientific and Technical Services",17.1419,7.4426,24.5845
2012-11-01,Australian Capital Territory,Information Media and Telecommunications,2.3076,0.5192,2.8269
2012-11-01,Australian Capital Territory,"Professional, Scientific and Technical Services",18.6762,3.6137,22.2899
2012-11-01,Greater Adelaide,Information Media and Telecommunications,8.6919,2.5263,11.2182
2012-11-01,Greater Adelaide,"Professional, Scientific and Technical Services",33.9728,12.5892,46.5619
2012-11-01,Greater Brisbane,Information Media and Telecommunications,14.3734,2.7889,17.1623
2012-11-01,Greater Brisbane,"Professional, Scientific and Technical Services",83.5544,23.9039,107.4583
2012-11-01,Greater Hobart,Information Media and Telecommunications,1.7785,0.2559,2.0345
2012-11-01,Greater Hobart,"Professional, Scientific and Technical Services",5.7193,2.1217,7.841
2012-11-01,Greater Melbourne,Information Media and Telecommunications,38.3982,7.2386,45.6367
2012-11-01,Greater Melbourne,"Professional, Scientific and Technical Services",173.0762,49.2035,222.2797
2012-11-01,Greater Perth,Information Media and Telecommunications,9.985,3.6672,13.6522
2012-11-01,Greater Perth,"Professional, Scientific and Technical Services",70.3033,18.9249,89.2282
2012-11-01,Greater Sydney,Information Media and Telecommunications,71.2781,13.5324,84.8105
2012-11-01,Greater Sydney,"Professional, Scientific and Technical Services",203.227,47.2832,250.5103
2012-11-01,Northern Territory,Information Media and Telecommunications,1.7547,0.5058,2.2605
2012-11-01,Northern Territory,"Professional, Scientific and Technical Services",4.9865,1.0429,6.0294
2012-11-01,Rest of NSW,Information Media and Telecommunications,10.4889,1.8265,12.3153
2012-11-01,Rest of NSW,"Professional, Scientific and Technical Services",38.1168,15.7613,53.8781
2012-11-01,Rest of Qld,Information Media and Telecommunications,8.7457,2.2491,10.9947
2012-11-01,Rest of Qld,"Professional, Scientific and Technical Services",36.571,13.8393,50.4103
2012-11-01,Rest of Vic.,Information Media and Telecommunications,5.4561,2.1195,7.5756
2012-11-01,Rest of Vic.,"Professional, Scientific and Technical Services",16.6786,9.0729,25.7515
2013-02-01,Australian Capital Territory,Information Media and Telecommunications,3.3022,0.7121,4.0143
2013-02-01,Australian Capital Territory,"Professional, Scientific and Technical Services",17.5549,3.7581,21.313
2013-02-01,Greater Adelaide,Information Media and Telecommunications,10.0114,3.1758,13.1872
2013-02-01,Greater Adelaide,"Professional, Scientific and Technical Services",35.4478,11.1906,46.6384
2013-02-01,Greater Brisbane,Information Media and Telecommunications,12.0789,3.6721,15.751
2013-02-01,Greater Brisbane,"Professional, Scientific and Technical Services",78.4874,21.0844,99.5718
2013-02-01,Greater Hobart,Information Media and Telecommunications,1.8707,0.6821,2.5528
2013-02-01,Greater Hobart,"Professional, Scientific and Technical Services",5.3482,1.8377,7.1859
2013-02-01,Greater Melbourne,Information Media and Telecommunications,51.2863,8.7902,60.0765
2013-02-01,Greater Melbourne,"Professional, Scientific and Technical Services",174.2964,51.3969,225.6933
2013-02-01,Greater Perth,Information Media and Telecommunications,8.1817,4.1243,12.306
2013-02-01,Greater Perth,"Professional, Scientific and Technical Services",76.4768,22.3897,98.8664
2013-02-01,Greater Sydney,Information Media and Telecommunications,58.5268,11.0491,69.5759
2013-02-01,Greater Sydney,"Professional, Scientific and Technical Services",201.7321,47.7034,249.4355
2013-02-01,Northern Territory,Information Media and Telecommunications,1.5595,0.5153,2.0749
2013-02-01,Northern Territory,"Professional, Scientific and Technical Services",5.6384,0.8073,6.4457
2013-02-01,Rest of NSW,Information Media and Telecommunications,11.3848,3.188,14.5728
2013-02-01,Rest of NSW,"Professional, Scientific and Technical Services",34.1025,15.9087,50.0113
2013-02-01,Rest of Qld,Information Media and Telecommunications,7.1696,1.9197,9.0893
2013-02-01,Rest of Qld,"Professional, Scientific and Technical Services",41.3201,15.6424,56.9625
2013-02-01,Rest of Vic.,Information Media and Telecommunications,5.8378,1.5231,7.3609
2013-02-01,Rest of Vic.,"Professional, Scientific and Technical Services",19.9118,8.1794,28.0911
2013-05-01,Australian Capital Territory,Information Media and Telecommunications,4.1197,0.6923,4.812
2013-05-01,Australian Capital Territory,"Professional, Scientific and Technical Services",19.7067,4.2484,23.9551
2013-05-01,Greater Adelaide,Information Media and Telecommunications,9.5821,3.5894,13.1716
2013-05-01,Greater Adelaide,"Professional, Scientific and Technical Services",30.6336,9.4322,40.0658
2013-05-01,Greater Brisbane,Information Media and Telecommunications,18.7675,5.6396,24.4071
2013-05-01,Greater Brisbane,"Professional, Scientific and Technical Services",88.4221,21.2082,109.6303
2013-05-01,Greater Hobart,Information Media and Telecommunications,1.4019,0.2551,1.657
2013-05-01,Greater Hobart,"Professional, Scientific and Technical Services",5.3374,1.3009,6.6383
2013-05-01,Greater Melbourne,Information Media and Telecommunications,42.3948,12.0912,54.4861
2013-05-01,Greater Melbourne,"Professional, Scientific and Technical Services",175.605,38.8758,214.4808
2013-05-01,Greater Perth,Information Media and Telecommunications,10.0798,2.1985,12.2783
2013-05-01,Greater Perth,"Professional, Scientific and Technical Services",68.9953,19.9132,88.9085
2013-05-01,Greater Sydney,Information Media and Telecommunications,61.5773,13.0909,74.6682
2013-05-01,Greater Sydney,"Professional, Scientific and Technical Services",201.9432,49.6675,251.6107
2013-05-01,Northern Territory,Information Media and Telecommunications,1.0418,0.0661,1.1079
2013-05-01,Northern Territory,"Professional, Scientific and Technical Services",6.1214,0.648,6.7694
2013-05-01,Rest of NSW,Information Media and Telecommunications,9.1291,3.9846,13.1137
2013-05-01,Rest of NSW,"Professional, Scientific and Technical Services",36.7981,14.8416,51.6397
2013-05-01,Rest of Qld,Information Media and Telecommunications,7.5725,2.8091,10.3816
2013-05-01,Rest of Qld,"Professional, Scientific and Technical Services",53.2461,13.5472,66.7934
2013-05-01,Rest of Vic.,Information Media and Telecommunications,3.6907,1.3941,5.0847
2013-05-01,Rest of Vic.,"Professional, Scientific and Technical Services",22.6106,7.6814,30.2919
2013-08-01,Australian Capital Territory,Information Media and Telecommunications,4.3818,0.7898,5.1717
2013-08-01,Australian Capital Territory,"Professional, Scientific and Technical Services",17.4165,3.6041,21.0207
2013-08-01,Greater Adelaide,Information Media and Telecommunications,7.6349,2.4692,10.1041
2013-08-01,Greater Adelaide,"Professional, Scientific and Technical Services",30.3288,10.4816,40.8104
2013-08-01,Greater Brisbane,Information Media and Telecommunications,17.7779,5.6293,23.4072
2013-08-01,Greater Brisbane,"Professional, Scientific and Technical Services",81.7277,17.6968,99.4245
2013-08-01,Greater Hobart,Information Media and Telecommunications,2.6583,0.2019,2.8602
2013-08-01,Greater Hobart,"Professional, Scientific and Technical Services",4.0628,1.107,5.1698
2013-08-01,Greater Melbourne,Information Media and Telecommunications,32.539,11.5818,44.1208
2013-08-01,Greater Melbourne,"Professional, Scientific and Technical Services",189.3622,53.4498,242.812
2013-08-01,Greater Perth,Information Media and Telecommunications,9.2908,1.7178,11.0086
2013-08-01,Greater Perth,"Professional, Scientific and Technical Services",72.557,18.9473,91.5043
2013-08-01,Greater Sydney,Information Media and Telecommunications,50.1768,17.7729,67.9496
2013-08-01,Greater Sydney,"Professional, Scientific and Technical Services",201.7944,48.151,249.9454
2013-08-01,Northern Territory,Information Media and Telecommunications,1.2285,0.4165,1.645
2013-08-01,Northern Territory,"Professional, Scientific and Technical Services",4.6405,0.9532,5.5937
2013-08-01,Rest of NSW,Information Media and Telecommunications,5.7358,2.3001,8.0359
2013-08-01,Rest of NSW,"Professional, Scientific and Technical Services",32.0024,11.0389,43.0412
2013-08-01,Rest of Qld,Information Media and Telecommunications,9.0891,0.9444,10.0335
2013-08-01,Rest of Qld,"Professional, Scientific and Technical Services",52.449,13.5695,66.0185
2013-08-01,Rest of Vic.,Information Media and Telecommunications,6.1474,3.3296,9.477
2013-08-01,Rest of Vic.,"Professional, Scientific and Technical Services",19.4196,10.2099,29.6295
2013-11-01,Australian Capital Territory,Information Media and Telecommunications,2.8042,1.037,3.8412
2013-11-01,Australian Capital Territory,"Professional, Scientific and Technical Services",13.9958,3.1586,17.1544
2013-11-01,Greater Adelaide,Information Media and Telecommunications,6.9139,3.091,10.0049
2013-11-01,Greater Adelaide,"Professional, Scientific and Technical Services",29.3248,13.3638,42.6886
2013-11-01,Greater Brisbane,Information Media and Telecommunications,11.4534,3.1083,14.5617
2013-11-01,Greater Brisbane,"Professional, Scientific and Technical Services",74.3602,19.7677,94.1279
2013-11-01,Greater Hobart,Information Media and Telecommunications,2.3989,0.4275,2.8263
2013-11-01,Greater Hobart,"Professional, Scientific and Technical Services",3.6117,1.1268,4.7385
2013-11-01,Greater Melbourne,Information Media and Telecommunications,39.2218,10.9984,50.2202
2013-11-01,Greater Melbourne,"Professional, Scientific and Technical Services",180.267,40.2252,220.4922
2013-11-01,Greater Perth,Information Media and Telecommunications,8.4203,2.2739,10.6942
2013-11-01,Greater Perth,"Professional, Scientific and Technical Services",65.2557,21.5964,86.8521
2013-11-01,Greater Sydney,Information Media and Telecommunications,49.7647,11.3702,61.1348
2013-11-01,Greater Sydney,"Professional, Scientific and Technical Services",203.5484,50.5038,254.0522
2013-11-01,Northern Territory,Information Media and Telecommunications,1.1335,0.1351,1.2687
2013-11-01,Northern Territory,"Professional, Scientific and Technical Services",5.3442,1.5088,6.853
2013-11-01,Rest of NSW,Information Media and Telecommunications,5.9617,2.999,8.9607
2013-11-01,Rest of NSW,"Professional, Scientific and Technical Services",33.1036,16.9825,50.0861
2013-11-01,Rest of Qld,Information Media and Telecommunications,6.9613,2.5989,9.5603
2013-11-01,Rest of Qld,"Professional, Scientific and Technical Services",40.9175,14.707,55.6245
2013-11-01,Rest of Vic.,Information Media and Telecommunications,4.668,1.3903,6.0583
2013-11-01,Rest of Vic.,"Professional, Scientific and Technical Services",19.3901,10.1358,29.5259
2014-02-01,Australian Capital Territory,Information Media and Telecommunications,4.4789,2.1283,6.6072
2014-02-01,Australian Capital Territory,"Professional, Scientific and Technical Services",16.2338,3.0793,19.3131
2014-02-01,Greater Adelaide,Information Media and Telecommunications,6.494,2.7901,9.2841
2014-02-01,Greater Adelaide,"Professional, Scientific and Technical Services",30.4848,12.7615,43.2463
2014-02-01,Greater Brisbane,Information Media and Telecommunications,15.1396,4.0414,19.181
2014-02-01,Greater Brisbane,"Professional, Scientific and Technical Services",85.7779,21.178,106.9558
2014-02-01,Greater Hobart,Information Media and Telecommunications,1.6625,0.3943,2.0568
2014-02-01,Greater Hobart,"Professional, Scientific and Technical Services",4.2496,1.3291,5.5787
2014-02-01,Greater Melbourne,Information Media and Telecommunications,41.3169,11.2141,52.5311
2014-02-01,Greater Melbourne,"Professional, Scientific and Technical Services",175.4243,42.9628,218.387
2014-02-01,Greater Perth,Information Media and Telecommunications,9.4049,1.508,10.9129
2014-02-01,Greater Perth,"Professional, Scientific and Technical Services",73.5907,15.4715,89.0622
2014-02-01,Greater Sydney,Information Media and Telecommunications,57.9927,11.0625,69.0551
2014-02-01,Greater Sydney,"Professional, Scientific and Technical Services",191.5125,51.455,242.9675
2014-02-01,Northern Territory,Information Media and Telecommunications,0.7968,0.2265,1.0233
2014-02-01,Northern Territory,"Professional, Scientific and Technical Services",6.3631,1.5299,7.8929
2014-02-01,Rest of NSW,Information Media and Telecommunications,6.1619,3.2406,9.4025
2014-02-01,Rest of NSW,"Professional, Scientific and Technical Services",38.7007,15.8294,54.5301
2014-02-01,Rest of Qld,Information Media and Telecommunications,6.9112,5.1954,12.1066
2014-02-01,Rest of Qld,"Professional, Scientific and Technical Services",40.2215,17.0407,57.2623
2014-02-01,Rest of Vic.,Information Media and Telecommunications,5.343,1.7015,7.0445
2014-02-01,Rest of Vic.,"Professional, Scientific and Technical Services",18.9797,7.8058,26.7855
2014-05-01,Australian Capital Territory,Information Media and Telecommunications,3.1488,1.2373,4.3861
2014-05-01,Australian Capital Territory,"Professional, Scientific and Technical Services",14.4532,5.3013,19.7545
2014-05-01,Greater Adelaide,Information Media and Telecommunications,5.2217,2.1174,7.3391
2014-05-01,Greater Adelaide,"Professional, Scientific and Technical Services",32.1587,11.6394,43.7981
2014-05-01,Greater Brisbane,Information Media and Telecommunications,13.9347,3.8932,17.8279
2014-05-01,Greater Brisbane,"Professional, Scientific and Technical Services",94.0322,20.4434,114.4756
2014-05-01,Greater Hobart,Information Media and Telecommunications,2.0445,1.1353,3.1798
2014-05-01,Greater Hobart,"Professional, Scientific and Technical Services",4.5258,1.3096,5.8354
2014-05-01,Greater Melbourne,Information Media and Telecommunications,38.7577,8.6562,47.4139
2014-05-01,Greater Melbourne,"Professional, Scientific and Technical Services",173.7973,49.3142,223.1116
2014-05-01,Greater Perth,Information Media and Telecommunications,10.6117,3.2301,13.8418
2014-05-01,Greater Perth,"Professional, Scientific and Technical Services",78.9399,20.7858,99.7257
2014-05-01,Greater Sydney,Information Media and Telecommunications,61.5294,9.8821,71.4115
2014-05-01,Greater Sydney,"Professional, Scientific and Technical Services",207.0812,49.7639,256.8451
2014-05-01,Northern Territory,Information Media and Telecommunications,1.5308,0.2504,1.7812
2014-05-01,Northern Territory,"Professional, Scientific and Technical Services",5.1765,0.8909,6.0673
2014-05-01,Rest of NSW,Information Media and Telecommunications,7.433,1.3824,8.8155
2014-05-01,Rest of NSW,"Professional, Scientific and Technical Services",39.1753,15.9482,55.1235
2014-05-01,Rest of Qld,Information Media and Telecommunications,10.8766,4.4987,15.3753
2014-05-01,Rest of Qld,"Professional, Scientific and Technical Services",51.7061,9.2971,61.0031
2014-05-01,Rest of Vic.,Information Media and Telecommunications,7.4445,0.8957,8.3402
2014-05-01,Rest of Vic.,"Professional, Scientific and Technical Services",21.0565,6.2157,27.2722
2014-08-01,Australian Capital Territory,Information Media and Telecommunications,3.6002,0.9072,4.5074
2014-08-01,Australian Capital Territory,"Professional, Scientific and Technical Services",17.6149,5.1447,22.7596
2014-08-01,Greater Adelaide,Information Media and Telecommunications,5.6797,2.5458,8.2255
2014-08-01,Greater Adelaide,"Professional, Scientific and Technical Services",40.4476,9.3594,49.807
2014-08-01,Greater Brisbane,Information Media and Telecommunications,14.3334,2.1,16.4334
2014-08-01,Greater Brisbane,"Professional, Scientific and Technical Services",86.6508,20.1895,106.8404
2014-08-01,Greater Hobart,Information Media and Telecommunications,1.9245,0.5176,2.4421
2014-08-01,Greater Hobart,"Professional, Scientific and Technical Services",3.3586,1.7351,5.0937
2014-08-01,Greater Melbourne,Information Media and Telecommunications,44.539,9.3478,53.8868
2014-08-01,Greater Melbourne,"Professional, Scientific and Technical Services",166.5251,53.9336,220.4587
2014-08-01,Greater Perth,Information Media and Telecommunications,8.7354,2.7062,11.4415
2014-08-01,Greater Perth,"Professional, Scientific and Technical Services",86.2181,22.2256,108.4438
2014-08-01,Greater Sydney,Information Media and Telecommunications,62.856,10.8653,73.7213
2014-08-01,Greater Sydney,"Professional, Scientific and Technical Services",206.1508,46.8172,252.968
2014-08-01,Northern Territory,Information Media and Telecommunications,1.5479,0.4783,2.0263
2014-08-01,Northern Territory,"Professional, Scientific and Technical Services",7.8454,1.2743,9.1197
2014-08-01,Rest of NSW,Information Media and Telecommunications,7.0291,4.2149,11.244
2014-08-01,Rest of NSW,"Professional, Scientific and Technical Services",28.5965,14.7442,43.3407
2014-08-01,Rest of Qld,Information Media and Telecommunications,13.3797,4.5902,17.97
2014-08-01,Rest of Qld,"Professional, Scientific and Technical Services",54.4379,15.8644,70.3023
2014-08-01,Rest of Vic.,Information Media and Telecommunications,8.4705,2.3143,10.7848
2014-08-01,Rest of Vic.,"Professional, Scientific and Technical Services",17.6283,8.4574,26.0857
2014-11-01,Australian Capital Territory,Information Media and Telecommunications,3.2978,0.8561,4.1539
2014-11-01,Australian Capital Territory,"Professional, Scientific and Technical Services",15.0572,5.4212,20.4784
2014-11-01,Greater Adelaide,Information Media and Telecommunications,8.4344,1.9356,10.37
2014-11-01,Greater Adelaide,"Professional, Scientific and Technical Services",34.3123,10.0407,44.3531
2014-11-01,Greater Brisbane,Information Media and Telecommunications,13.7392,3.4367,17.1759
2014-11-01,Greater Brisbane,"Professional, Scientific and Technical Services",88.4833,25.7248,114.2081
2014-11-01,Greater Hobart,Information Media and Telecommunications,1.6972,0.5791,2.2763
2014-11-01,Greater Hobart,"Professional, Scientific and Technical Services",4.2637,1.561,5.8246
2014-11-01,Greater Melbourne,Information Media and Telecommunications,47.7091,8.7935,56.5026
2014-11-01,Greater Melbourne,"Professional, Scientific and Technical Services",163.0054,55.3061,218.3115
2014-11-01,Greater Perth,Information Media and Telecommunications,8.8719,1.6633,10.5352
2014-11-01,Greater Perth,"Professional, Scientific and Technical Services",79.5311,17.851,97.3821
2014-11-01,Greater Sydney,Information Media and Telecommunications,58.0769,12.5138,70.5906
2014-11-01,Greater Sydney,"Professional, Scientific and Technical Services",215.2167,52.1539,267.3707
2014-11-01,Northern Territory,Information Media and Telecommunications,1.1296,0.1891,1.3187
2014-11-01,Northern Territory,"Professional, Scientific and Technical Services",5.1916,1.1016,6.2933
2014-11-01,Rest of NSW,Information Media and Telecommunications,3.9672,4.0371,8.0044
2014-11-01,Rest of NSW,"Professional, Scientific and Technical Services",33.9062,15.6108,49.517
2014-11-01,Rest of Qld,Information Media and Telecommunications,10.2192,3.4605,13.6797
2014-11-01,Rest of Qld,"Professional, Scientific and Technical Services",53.2018,17.5913,70.7931
2014-11-01,Rest of Vic.,Information Media and Telecommunications,5.8562,2.3878,8.244
2014-11-01,Rest of Vic.,"Professional, Scientific and Technical Services",14.4948,7.2715,21.7663
2015-02-01,Australian Capital Territory,Information Media and Telecommunications,3.307,1.2044,4.5114
2015-02-01,Australian Capital Territory,"Professional, Scientific and Technical Services",15.2999,3.0701,18.3699
2015-02-01,Greater Adelaide,Information Media and Telecommunications,9.0032,2.18,11.1832
2015-02-01,Greater Adelaide,"Professional, Scientific and Technical Services",38.7824,9.2733,48.0557
2015-02-01,Greater Brisbane,Information Media and Telecommunications,14.966,4.6421,19.6082
2015-02-01,Greater Brisbane,"Professional, Scientific and Technical Services",83.8153,24.1465,107.9619
2015-02-01,Greater Hobart,Information Media and Telecommunications,1.9638,1.0215,2.9853
2015-02-01,Greater Hobart,"Professional, Scientific and Technical Services",3.2237,2.4218,5.6455
2015-02-01,Greater Melbourne,Information Media and Telecommunications,50.4005,11.0173,61.4178
2015-02-01,Greater Melbourne,"Professional, Scientific and Technical Services",192.874,55.8897,248.7637
2015-02-01,Greater Perth,Information Media and Telecommunications,7.4094,3.5412,10.9506
2015-02-01,Greater Perth,"Professional, Scientific and Technical Services",80.2798,20.6882,100.968
2015-02-01,Greater Sydney,Information Media and Telecommunications,58.2471,14.5428,72.7899
2015-02-01,Greater Sydney,"Professional, Scientific and Technical Services",220.0105,53.819,273.8295
2015-02-01,Northern Territory,Information Media and Telecommunications,1.0884,0.3889,1.4773
2015-02-01,Northern Territory,"Professional, Scientific and Technical Services",6.0736,2.0334,8.107
2015-02-01,Rest of NSW,Information Media and Telecommunications,4.2508,3.3317,7.5825
2015-02-01,Rest of NSW,"Professional, Scientific and Technical Services",36.7027,17.8084,54.5111
2015-02-01,Rest of Qld,Information Media and Telecommunications,8.6099,3.0414,11.6513
2015-02-01,Rest of Qld,"Professional, Scientific and Technical Services",50.9963,17.2491,68.2453
2015-02-01,Rest of Vic.,Information Media and Telecommunications,3.9119,1.6112,5.5231
2015-02-01,Rest of Vic.,"Professional, Scientific and Technical Services",19.1665,9.2593,28.4258
2015-05-01,Australian Capital Territory,Information Media and Telecommunications,3.5445,1.0227,4.5672
2015-05-01,Australian Capital Territory,"Professional, Scientific and Technical Services",17.469,3.0928,20.5619
2015-05-01,Greater Adelaide,Information Media and Telecommunications,8.9681,2.5983,11.5664
2015-05-01,Greater Adelaide,"Professional, Scientific and Technical Services",36.2943,11.6018,47.8962
2015-05-01,Greater Brisbane,Information Media and Telecommunications,12.8764,5.0687,17.9452
2015-05-01,Greater Brisbane,"Professional, Scientific and Technical Services",94.8505,23.1137,117.9642
2015-05-01,Greater Hobart,Information Media and Telecommunications,2.2578,0.8652,3.1229
2015-05-01,Greater Hobart,"Professional, Scientific and Technical Services",4.8622,2.4625,7.3247
2015-05-01,Greater Melbourne,Information Media and Telecommunications,46.3874,9.8307,56.2182
2015-05-01,Greater Melbourne,"Professional, Scientific and Technical Services",189.5219,60.4398,249.9617
2015-05-01,Greater Perth,Information Media and Telecommunications,7.0989,4.7267,11.8256
2015-05-01,Greater Perth,"Professional, Scientific and Technical Services",76.5505,18.9686,95.519
2015-05-01,Greater Sydney,Information Media and Telecommunications,65.0919,11.2176,76.3095
2015-05-01,Greater Sydney,"Professional, Scientific and Technical Services",242.669,54.2834,296.9525
2015-05-01,Northern Territory,Information Media and Telecommunications,1.5392,0.2363,1.7755
2015-05-01,Northern Territory,"Professional, Scientific and Technical Services",7.8789,1.5481,9.4269
2015-05-01,Rest of NSW,Information Media and Telecommunications,3.6621,3.2061,6.8681
2015-05-01,Rest of NSW,"Professional, Scientific and Technical Services",43.6727,13.6878,57.3606
2015-05-01,Rest of Qld,Information Media and Telecommunications,8.4212,3.0072,11.4283
2015-05-01,Rest of Qld,"Professional, Scientific and Technical Services",55.542,16.7114,72.2534
2015-05-01,Rest of Vic.,Information Media and Telecommunications,2.6624,2.1523,4.8147
2015-05-01,Rest of Vic.,"Professional, Scientific and Technical Services",18.9241,10.6608,29.5849
2015-08-01,Australian Capital Territory,Information Media and Telecommunications,3.5329,0.979,4.5119
2015-08-01,Australian Capital Territory,"Professional, Scientific and Technical Services",14.4499,2.829,17.2789
2015-08-01,Greater Adelaide,Information Media and Telecommunications,8.1954,1.8888,10.0842
2015-08-01,Greater Adelaide,"Professional, Scientific and Technical Services",38.3806,12.4902,50.8708
2015-08-01,Greater Brisbane,Information Media and Telecommunications,14.5549,1.2852,15.8401
2015-08-01,Greater Brisbane,"Professional, Scientific and Technical Services",89.8896,25.4283,115.3179
2015-08-01,Greater Hobart,Information Media and Telecommunications,1.8166,0.4055,2.2221
2015-08-01,Greater Hobart,"Professional, Scientific and Technical Services",4.8491,2.4049,7.254
2015-08-01,Greater Melbourne,Information Media and Telecommunications,48.5777,9.9512,58.5288
2015-08-01,Greater Melbourne,"Professional, Scientific and Technical Services",177.6199,51.7086,229.3284
2015-08-01,Greater Perth,Information Media and Telecommunications,10.1619,5.1372,15.2991
2015-08-01,Greater Perth,"Professional, Scientific and Technical Services",69.9653,19.9134,89.8787
2015-08-01,Greater Sydney,Information Media and Telecommunications,66.5992,11.407,78.0062
2015-08-01,Greater Sydney,"Professional, Scientific and Technical Services",228.9857,62.1589,291.1447
2015-08-01,Northern Territory,Information Media and Telecommunications,1.4713,0.174,1.6453
2015-08-01,Northern Territory,"Professional, Scientific and Technical Services",5.9546,0.908,6.8626
2015-08-01,Rest of NSW,Information Media and Telecommunications,6.667,2.6715,9.3386
2015-08-01,Rest of NSW,"Professional, Scientific and Technical Services",45.2204,10.9257,56.1461
2015-08-01,Rest of Qld,Information Media and Telecommunications,8.804,4.4033,13.2074
2015-08-01,Rest of Qld,"Professional, Scientific and Technical Services",47.027,16.2276,63.2546
2015-08-01,Rest of Vic.,Information Media and Telecommunications,1.8269,2.6788,4.5057
2015-08-01,Rest of Vic.,"Professional, Scientific and Technical Services",18.118,6.9209,25.0389
2015-11-01,Australian Capital Territory,Information Media and Telecommunications,3.3998,0.5796,3.9794
2015-11-01,Australian Capital Territory,"Professional, Scientific and Technical Services",16.837,5.1186,21.9556
2015-11-01,Greater Adelaide,Information Media and Telecommunications,6.9951,2.4877,9.4828
2015-11-01,Greater Adelaide,"Professional, Scientific and Technical Services",36.325,12.1288,48.4537
2015-11-01,Greater Brisbane,Information Media and Telecommunications,13.8512,1.2491,15.1004
2015-11-01,Greater Brisbane,"Professional, Scientific and Technical Services",82.0382,24.1632,106.2014
2015-11-01,Greater Hobart,Information Media and Telecommunications,2.8939,0.5357,3.4296
2015-11-01,Greater Hobart,"Professional, Scientific and Technical Services",5.1589,2.0437,7.2027
2015-11-01,Greater Melbourne,Information Media and Telecommunications,40.8096,14.4369,55.2465
2015-11-01,Greater Melbourne,"Professional, Scientific and Technical Services",182.5734,53.2823,235.8557
2015-11-01,Greater Perth,Information Media and Telecommunications,9.7159,3.3841,13.0999
2015-11-01,Greater Perth,"Professional, Scientific and Technical Services",76.0674,17.5788,93.6462
2015-11-01,Greater Sydney,Information Media and Telecommunications,60.8119,11.6152,72.4271
2015-11-01,Greater Sydney,"Professional, Scientific and Technical Services",249.0726,59.5354,308.608
2015-11-01,Northern Territory,Information Media and Telecommunications,0.9491,0.0592,1.0083
2015-11-01,Northern Territory,"Professional, Scientific and Technical Services",5.7897,0.7028,6.4925
2015-11-01,Rest of NSW,Information Media and Telecommunications,10.3383,3.0349,13.3732
2015-11-01,Rest of NSW,"Professional, Scientific and Technical Services",48.4932,16.7365,65.2298
2015-11-01,Rest of Qld,Information Media and Telecommunications,11.9967,6.1969,18.1936
2015-11-01,Rest of Qld,"Professional, Scientific and Technical Services",51.6799,18.7614,70.4413
2015-11-01,Rest of Vic.,Information Media and Telecommunications,5.5582,3.2574,8.8155
2015-11-01,Rest of Vic.,"Professional, Scientific and Technical Services",17.6293,7.3021,24.9314
2016-02-01,Australian Capital Territory,Information Media and Telecommunications,3.7249,0.5058,4.2307
2016-02-01,Australian Capital Territory,"Professional, Scientific and Technical Services",18.2981,4.1367,22.4347
2016-02-01,Greater Adelaide,Information Media and Telecommunications,5.8411,2.3455,8.1866
2016-02-01,Greater Adelaide,"Professional, Scientific and Technical Services",39.4287,12.5645,51.9931
2016-02-01,Greater Brisbane,Information Media and Telecommunications,14.0379,2.6098,16.6477
2016-02-01,Greater Brisbane,"Professional, Scientific and Technical Services",97.9844,24.0098,121.9941
2016-02-01,Greater Hobart,Information Media and Telecommunications,1.9308,0.4864,2.4173
2016-02-01,Greater Hobart,"Professional, Scientific and Technical Services",4.7463,1.3537,6.1
2016-02-01,Greater Melbourne,Information Media and Telecommunications,39.8815,10.3909,50.2724
2016-02-01,Greater Melbourne,"Professional, Scientific and Technical Services",181.4294,49.9895,231.4189
2016-02-01,Greater Perth,Information Media and Telecommunications,10.4254,3.1722,13.5976
2016-02-01,Greater Perth,"Professional, Scientific and Technical Services",70.3245,20.2546,90.5791
2016-02-01,Greater Sydney,Information Media and Telecommunications,57.398,10.2783,67.6763
2016-02-01,Greater Sydney,"Professional, Scientific and Technical Services",252.4264,55.0049,307.4313
2016-02-01,Northern Territory,Information Media and Telecommunications,0.7523,0.2291,0.9815
2016-02-01,Northern Territory,"Professional, Scientific and Technical Services",6.585,0.7036,7.2885
2016-02-01,Rest of NSW,Information Media and Telecommunications,8.2947,4.8315,13.1262
2016-02-01,Rest of NSW,"Professional, Scientific and Technical Services",40.5484,23.2871,63.8355
2016-02-01,Rest of Qld,Information Media and Telecommunications,15.2056,4.5511,19.7567
2016-02-01,Rest of Qld,"Professional, Scientific and Technical Services",52.3213,17.6606,69.9819
2016-02-01,Rest of Vic.,Information Media and Telecommunications,5.7678,2.5032,8.271
2016-02-01,Rest of Vic.,"Professional, Scientific and Technical Services",23.9238,7.8728,31.7967
2016-05-01,Australian Capital Territory,Information Media and Telecommunications,2.6573,0.1957,2.853
2016-05-01,Australian Capital Territory,"Professional, Scientific and Technical Services",19.1264,4.5871,23.7134
2016-05-01,Greater Adelaide,Information Media and Telecommunications,6.8949,1.9619,8.8568
2016-05-01,Greater Adelaide,"Professional, Scientific and Technical Services",36.9595,13.6751,50.6347
2016-05-01,Greater Brisbane,Information Media and Telecommunications,11.8671,2.4421,14.3092
2016-05-01,Greater Brisbane,"Professional, Scientific and Technical Services",72.7817,22.1336,94.9153
2016-05-01,Greater Hobart,Information Media and Telecommunications,1.7417,0.327,2.0687
2016-05-01,Greater Hobart,"Professional, Scientific and Technical Services",4.9862,1.8701,6.8563
2016-05-01,Greater Melbourne,Information Media and Telecommunications,41.5411,8.1449,49.686
2016-05-01,Greater Melbourne,"Professional, Scientific and Technical Services",184.38,62.3531,246.7331
2016-05-01,Greater Perth,Information Media and Telecommunications,9.8555,5.1441,14.9995
2016-05-01,Greater Perth,"Professional, Scientific and Technical Services",58.4171,27.3645,85.7816
2016-05-01,Greater Sydney,Information Media and Telecommunications,54.7205,10.3272,65.0477
2016-05-01,Greater Sydney,"Professional, Scientific and Technical Services",244.4484,54.9202,299.3687
2016-05-01,Northern Territory,Information Media and Telecommunications,0.5734,0.0956,0.669
2016-05-01,Northern Territory,"Professional, Scientific and Technical Services",4.99,0.8891,5.8791
2016-05-01,Rest of NSW,Information Media and Telecommunications,5.8998,3.2899,9.1897
2016-05-01,Rest of NSW,"Professional, Scientific and Technical Services",40.1782,18.1187,58.2969
2016-05-01,Rest of Qld,Information Media and Telecommunications,16.0925,2.2917,18.3842
2016-05-01,Rest of Qld,"Professional, Scientific and Technical Services",51.7955,14.4848,66.2803
2016-05-01,Rest of Vic.,Information Media and Telecommunications,5.7399,2.2856,8.0255
2016-05-01,Rest of Vic.,"Professional, Scientific and Technical Services",19.486,7.1982,26.6842
2016-08-01,Australian Capital Territory,Information Media and Telecommunications,2.4102,0.7613,3.1715
2016-08-01,Australian Capital Territory,"Professional, Scientific and Technical Services",22.2047,3.9769,26.1816
2016-08-01,Greater Adelaide,Information Media and Telecommunications,5.7564,3.4062,9.1626
2016-08-01,Greater Adelaide,"Professional, Scientific and Technical Services",43.4717,10.9438,54.4154
2016-08-01,Greater Brisbane,Information Media and Telecommunications,12.6881,3.9666,16.6546
2016-08-01,Greater Brisbane,"Professional, Scientific and Technical Services",78.5518,28.0655,106.6172
2016-08-01,Greater Hobart,Information Media and Telecommunications,2.0587,0.0007,2.0594
2016-08-01,Greater Hobart,"Professional, Scientific and Technical Services",4.8149,1.375,6.1899
2016-08-01,Greater Melbourne,Information Media and Telecommunications,44.7062,7.7675,52.4736
2016-08-01,Greater Melbourne,"Professional, Scientific and Technical Services",187.9278,58.6779,246.6057
2016-08-01,Greater Perth,Information Media and Telecommunications,5.9594,4.918,10.8774
2016-08-01,Greater Perth,"Professional, Scientific and Technical Services",70.7901,25.505,96.2951
2016-08-01,Greater Sydney,Information Media and Telecommunications,63.2834,11.3621,74.6455
2016-08-01,Greater Sydney,"Professional, Scientific and Technical Services",255.3146,52.6847,307.9993
2016-08-01,Northern Territory,Information Media and Telecommunications,1.1441,0.1593,1.3033
2016-08-01,Northern Territory,"Professional, Scientific and Technical Services",5.9975,1.2852,7.2827
2016-08-01,Rest of NSW,Information Media and Telecommunications,7.1905,2.8464,10.0369
2016-08-01,Rest of NSW,"Professional, Scientific and Technical Services",42.5334,23.9791,66.5125
2016-08-01,Rest of Qld,Information Media and Telecommunications,14.4267,4.2016,18.6283
2016-08-01,Rest of Qld,"Professional, Scientific and Technical Services",59.2829,17.4125,76.6955
2016-08-01,Rest of Vic.,Information Media and Telecommunications,4.0828,1.8809,5.9637
2016-08-01,Rest of Vic.,"Professional, Scientific and Technical Services",21.2603,13.2398,34.5
2016-11-01,Australian Capital Territory,Information Media and Telecommunications,3.4464,0.7654,4.2119
2016-11-01,Australian Capital Territory,"Professional, Scientific and Technical Services",23.3592,4.4388,27.798
2016-11-01,Greater Adelaide,Information Media and Telecommunications,5.7996,3.4255,9.225
2016-11-01,Greater Adelaide,"Professional, Scientific and Technical Services",37.6624,11.0984,48.7608
2016-11-01,Greater Brisbane,Information Media and Telecommunications,15.2789,3.4243,18.7032
2016-11-01,Greater Brisbane,"Professional, Scientific and Technical Services",91.6979,26.9301,118.628
2016-11-01,Greater Hobart,Information Media and Telecommunications,1.9928,0.0028,1.9956
2016-11-01,Greater Hobart,"Professional, Scientific and Technical Services",3.4186,1.4432,4.8618
2016-11-01,Greater Melbourne,Information Media and Telecommunications,43.2299,9.7126,52.9426
2016-11-01,Greater Melbourne,"Professional, Scientific and Technical Services",185.188,49.4813,234.6693
2016-11-01,Greater Perth,Information Media and Telecommunications,8.0437,4.4858,12.5295
2016-11-01,Greater Perth,"Professional, Scientific and Technical Services",68.1984,20.8419,89.0403
2016-11-01,Greater Sydney,Information Media and Telecommunications,58.7441,12.9621,71.7062
2016-11-01,Greater Sydney,"Professional, Scientific and Technical Services",242.7473,61.2348,303.9821
2016-11-01,Northern Territory,Information Media and Telecommunications,1.2436,0.0975,1.3412
2016-11-01,Northern Territory,"Professional, Scientific and Technical Services",6.9012,0.8491,7.7503
2016-11-01,Rest of NSW,Information Media and Telecommunications,11.6014,2.0827,13.6841
2016-11-01,Rest of NSW,"Professional, Scientific and Technical Services",46.526,21.4004,67.9264
2016-11-01,Rest of Qld,Information Media and Telecommunications,12.1432,4.2007,16.3438
2016-11-01,Rest of Qld,"Professional, Scientific and Technical Services",42.44,14.2377,56.6777
2016-11-01,Rest of Vic.,Information Media and Telecommunications,1.9558,2.323,4.2788
2016-11-01,Rest of Vic.,"Professional, Scientific and Technical Services",20.4274,7.8031,28.2305
2017-02-01,Australian Capital Territory,Information Media and Telecommunications,2.2867,0.7612,3.0479
2017-02-01,Australian Capital Territory,"Professional, Scientific and Technical Services",25.3168,3.7448,29.0616
2017-02-01,Greater Adelaide,Information Media and Telecommunications,6.2067,2.2341,8.4408
2017-02-01,Greater Adelaide,"Professional, Scientific and Technical Services",28.7566,10.3082,39.0648
2017-02-01,Greater Brisbane,Information Media and Telecommunications,17.057,5.0635,22.1206
2017-02-01,Greater Brisbane,"Professional, Scientific and Technical Services",90.2781,24.7272,115.0053
2017-02-01,Greater Hobart,Information Media and Telecommunications,2.0797,0.5707,2.6505
2017-02-01,Greater Hobart,"Professional, Scientific and Technical Services",6.1918,1.4141,7.6059
2017-02-01,Greater Melbourne,Information Media and Telecommunications,43.5455,10.1244,53.6699
2017-02-01,Greater Melbourne,"Professional, Scientific and Technical Services",198.8309,53.3077,252.1386
2017-02-01,Greater Perth,Information Media and Telecommunications,7.493,3.9586,11.4516
2017-02-01,Greater Perth,"Professional, Scientific and Technical Services",58.3223,18.3051,76.6274
2017-02-01,Greater Sydney,Information Media and Telecommunications,59.0854,11.6959,70.7813
2017-02-01,Greater Sydney,"Professional, Scientific and Technical Services",249.939,61.9495,311.8885
2017-02-01,Northern Territory,Information Media and Telecommunications,1.0921,0.1674,1.2596
2017-02-01,Northern Territory,"Professional, Scientific and Technical Services",6.6235,1.0077,7.6312
2017-02-01,Rest of NSW,Information Media and Telecommunications,6.5365,3.9359,10.4724
2017-02-01,Rest of NSW,"Professional, Scientific and Technical Services",46.189,19.8684,66.0575
2017-02-01,Rest of Qld,Information Media and Telecommunications,12.2896,3.2085,15.4981
2017-02-01,Rest of Qld,"Professional, Scientific and Technical Services",44.1002,14.0868,58.1871
2017-02-01,Rest of Vic.,Information Media and Telecommunications,3.3757,1.2202,4.5959
2017-02-01,Rest of Vic.,"Professional, Scientific and Technical Services",23.7753,7.4775,31.2528
2017-05-01,Australian Capital Territory,Information Media and Telecommunications,2.3992,1.7305,4.1297
2017-05-01,Australian Capital Territory,"Professional, Scientific and Technical Services",21.0132,3.9261,24.9393
2017-05-01,Greater Adelaide,Information Media and Telecommunications,5.9891,2.7062,8.6953
2017-05-01,Greater Adelaide,"Professional, Scientific and Technical Services",29.4822,12.4068,41.889
2017-05-01,Greater Brisbane,Information Media and Telecommunications,16.6357,5.6279,22.2637
2017-05-01,Greater Brisbane,"Professional, Scientific and Technical Services",77.1037,23.2274,100.3311
2017-05-01,Greater Hobart,Information Media and Telecommunications,1.6426,0.5279,2.1705
2017-05-01,Greater Hobart,"Professional, Scientific and Technical Services",5.3766,2.0352,7.4119
2017-05-01,Greater Melbourne,Information Media and Telecommunications,45.5152,13.3955,58.9107
2017-05-01,Greater Melbourne,"Professional, Scientific and Technical Services",181.9752,53.8672,235.8424
2017-05-01,Greater Perth,Information Media and Telecommunications,8.0552,3.7154,11.7706
2017-05-01,Greater Perth,"Professional, Scientific and Technical Services",64.7437,18.6308,83.3745
2017-05-01,Greater Sydney,Information Media and Telecommunications,69.2778,15.2295,84.5073
2017-05-01,Greater Sydney,"Professional, Scientific and Technical Services",260.1262,68.9948,329.121
2017-05-01,Northern Territory,Information Media and Telecommunications,0.9481,0.0275,0.9756
2017-05-01,Northern Territory,"Professional, Scientific and Technical Services",5.8327,1.0724,6.9051
2017-05-01,Rest of NSW,Information Media and Telecommunications,7.7335,2.3579,10.0914
2017-05-01,Rest of NSW,"Professional, Scientific and Technical Services",43.9484,23.8168,67.7652
2017-05-01,Rest of Qld,Information Media and Telecommunications,9.8356,2.7575,12.5931
2017-05-01,Rest of Qld,"Professional, Scientific and Technical Services",39.9289,19.173,59.1019
2017-05-01,Rest of Vic.,Information Media and Telecommunications,4.0911,2.9366,7.0277
2017-05-01,Rest of Vic.,"Professional, Scientific and Technical Services",20.9937,7.359,28.3527
2017-08-01,Australian Capital Territory,Information Media and Telecommunications,2.1721,0.9054,3.0776
2017-08-01,Australian Capital Territory,"Professional, Scientific and Technical Services",21.3872,4.5982,25.9854
2017-08-01,Greater Adelaide,Information Media and Telecommunications,6.6904,2.5323,9.2227
2017-08-01,Greater Adelaide,"Professional, Scientific and Technical Services",34.7175,11.3486,46.0661
2017-08-01,Greater Brisbane,Information Media and Telecommunications,14.3581,3.9437,18.3018
2017-08-01,Greater Brisbane,"Professional, Scientific and Technical Services",79.4928,20.3886,99.8814
2017-08-01,Greater Hobart,Information Media and Telecommunications,1.0318,0.4695,1.5013
2017-08-01,Greater Hobart,"Professional, Scientific and Technical Services",5.6018,2.0893,7.6911
2017-08-01,Greater Melbourne,Information Media and Telecommunications,42.5003,11.5652,54.0655
2017-08-01,Greater Melbourne,"Professional, Scientific and Technical Services",198.2383,49.1717,247.41
2017-08-01,Greater Perth,Information Media and Telecommunications,9.3014,2.321,11.6224
2017-08-01,Greater Perth,"Professional, Scientific and Technical Services",62.9373,18.815,81.7522
2017-08-01,Greater Sydney,Information Media and Telecommunications,73.914,11.7224,85.6364
2017-08-01,Greater Sydney,"Professional, Scientific and Technical Services",247.2521,57.289,304.5411
2017-08-01,Northern Territory,Information Media and Telecommunications,0.7778,0.2379,1.0157
2017-08-01,Northern Territory,"Professional, Scientific and Technical Services",5.1784,1.217,6.3955
2017-08-01,Rest of NSW,Information Media and Telecommunications,8.0608,3.8076,11.8684
2017-08-01,Rest of NSW,"Professional, Scientific and Technical Services",49.9561,18.4857,68.4418
2017-08-01,Rest of Qld,Information Media and Telecommunications,10.3475,4.4893,14.8368
2017-08-01,Rest of Qld,"Professional, Scientific and Technical Services",40.6808,27.2143,67.8951
2017-08-01,Rest of Vic.,Information Media and Telecommunications,1.6329,1.7273,3.3602
2017-08-01,Rest of Vic.,"Professional, Scientific and Technical Services",21.8063,8.3596,30.1659
2017-11-01,Australian Capital Territory,Information Media and Telecommunications,3.4329,1.206,4.6388
2017-11-01,Australian Capital Territory,"Professional, Scientific and Technical Services",21.5144,5.6917,27.2061
2017-11-01,Greater Adelaide,Information Media and Telecommunications,9.6912,1.6429,11.3341
2017-11-01,Greater Adelaide,"Professional, Scientific and Technical Services",35.8972,10.4637,46.3609
2017-11-01,Greater Brisbane,Information Media and Telecommunications,14.5651,3.0305,17.5956
2017-11-01,Greater Brisbane,"Professional, Scientific and Technical Services",84.2098,15.1798,99.3897
2017-11-01,Greater Hobart,Information Media and Telecommunications,1.2724,0.658,1.9304
2017-11-01,Greater Hobart,"Professional, Scientific and Technical Services",4.2598,2.465,6.7248
2017-11-01,Greater Melbourne,Information Media and Telecommunications,38.938,13.4902,52.4282
2017-11-01,Greater Melbourne,"Professional, Scientific and Technical Services",205.1087,61.7112,266.82
2017-11-01,Greater Perth,Information Media and Telecommunications,9.7863,5.6682,15.4546
2017-11-01,Greater Perth,"Professional, Scientific and Technical Services",65.3511,18.1994,83.5506
2017-11-01,Greater Sydney,Information Media and Telecommunications,65.9237,8.586,74.5098
2017-11-01,Greater Sydney,"Professional, Scientific and Technical Services",236.2146,58.6022,294.8168
2017-11-01,Northern Territory,Information Media and Telecommunications,0.9452,0.3617,1.3068
2017-11-01,Northern Territory,"Professional, Scientific and Technical Services",6.0121,1.4205,7.4326
2017-11-01,Rest of NSW,Information Media and Telecommunications,10.9536,2.3186,13.2721
2017-11-01,Rest of NSW,"Professional, Scientific and Technical Services",41.8515,17.7374,59.5889
2017-11-01,Rest of Qld,Information Media and Telecommunications,6.7224,2.687,9.4094
2017-11-01,Rest of Qld,"Professional, Scientific and Technical Services",48.4678,16.0877,64.5555
2017-11-01,Rest of Vic.,Information Media and Telecommunications,2.9661,1.8558,4.822
2017-11-01,Rest of Vic.,"Professional, Scientific and Technical Services",24.6778,14.562,39.2398
2018-02-01,Australian Capital Territory,Information Media and Telecommunications,4.3134,0.5503,4.8637
2018-02-01,Australian Capital Territory,"Professional, Scientific and Technical Services",22.1668,6.101,28.2678
2018-02-01,Greater Adelaide,Information Media and Telecommunications,8.6398,3.3783,12.0181
2018-02-01,Greater Adelaide,"Professional, Scientific and Technical Services",33.6114,12.465,46.0764
2018-02-01,Greater Brisbane,Information Media and Telecommunications,10.777,3.8108,14.5878
2018-02-01,Greater Brisbane,"Professional, Scientific and Technical Services",88.4554,19.6895,108.1448
2018-02-01,Greater Hobart,Information Media and Telecommunications,1.5097,0.7954,2.3051
2018-02-01,Greater Hobart,"Professional, Scientific and Technical Services",4.2066,1.663,5.8696
2018-02-01,Greater Melbourne,Information Media and Telecommunications,45.1721,7.3488,52.5209
2018-02-01,Greater Melbourne,"Professional, Scientific and Technical Services",201.0156,56.4159,257.4315
2018-02-01,Greater Perth,Information Media and Telecommunications,7.5689,4.9595,12.5284
2018-02-01,Greater Perth,"Professional, Scientific and Technical Services",57.9846,22.0817,80.0664
2018-02-01,Greater Sydney,Information Media and Telecommunications,65.324,11.9684,77.2924
2018-02-01,Greater Sydney,"Professional, Scientific and Technical Services",237.2855,57.2857,294.5713
2018-02-01,Northern Territory,Information Media and Telecommunications,1.3275,0.4677,1.7952
2018-02-01,Northern Territory,"Professional, Scientific and Technical Services",5.4657,1.1809,6.6465
2018-02-01,Rest of NSW,Information Media and Telecommunications,10.4407,2.2595,12.7002
2018-02-01,Rest of NSW,"Professional, Scientific and Technical Services",52.8151,16.0584,68.8735
2018-02-01,Rest of Qld,Information Media and Telecommunications,7.8675,4.0459,11.9134
2018-02-01,Rest of Qld,"Professional, Scientific and Technical Services",44.9203,16.4208,61.3412
2018-02-01,Rest of Vic.,Information Media and Telecommunications,6.2478,1.3976,7.6454
2018-02-01,Rest of Vic.,"Professional, Scientific and Technical Services",29.2855,12.9262,42.2117
2018-05-01,Australian Capital Territory,Information Media and Telecommunications,2.2232,0.8696,3.0928
2018-05-01,Australian Capital Territory,"Professional, Scientific and Technical Services",20.5219,3.3819,23.9038
2018-05-01,Greater Adelaide,Information Media and Telecommunications,9.5251,2.362,11.8872
2018-05-01,Greater Adelaide,"Professional, Scientific and Technical Services",34.5538,13.5174,48.0711
2018-05-01,Greater Brisbane,Information Media and Telecommunications,10.4115,5.7591,16.1706
2018-05-01,Greater Brisbane,"Professional, Scientific and Technical Services",94.561,24.4796,119.0407
2018-05-01,Greater Hobart,Information Media and Telecommunications,1.048,0.5744,1.6225
2018-05-01,Greater Hobart,"Professional, Scientific and Technical Services",6.1048,2.4844,8.5892
2018-05-01,Greater Melbourne,Information Media and Telecommunications,50.5007,8.4685,58.9692
2018-05-01,Greater Melbourne,"Professional, Scientific and Technical Services",200.7361,56.5664,257.3025
2018-05-01,Greater Perth,Information Media and Telecommunications,8.4035,4.8008,13.2043
2018-05-01,Greater Perth,"Professional, Scientific and Technical Services",64.5603,14.6334,79.1937
2018-05-01,Greater Sydney,Information Media and Telecommunications,72.3789,15.8156,88.1945
2018-05-01,Greater Sydney,"Professional, Scientific and Technical Services",252.9461,66.9843,319.9304
2018-05-01,Northern Territory,Information Media and Telecommunications,1.2827,0.443,1.7257
2018-05-01,Northern Territory,"Professional, Scientific and Technical Services",5.2156,0.9758,6.1914
2018-05-01,Rest of NSW,Information Media and Telecommunications,12.0553,2.4566,14.5119
2018-05-01,Rest of NSW,"Professional, Scientific and Technical Services",50.706,16.9676,67.6736
2018-05-01,Rest of Qld,Information Media and Telecommunications,6.654,3.8815,10.5355
2018-05-01,Rest of Qld,"Professional, Scientific and Technical Services",44.3555,18.2594,62.6149
2018-05-01,Rest of Vic.,Information Media and Telecommunications,7.269,1.2067,8.4757
2018-05-01,Rest of Vic.,"Professional, Scientific and Technical Services",26.4029,8.1868,34.5897
2018-08-01,Australian Capital Territory,Information Media and Telecommunications,2.1683,1.0481,3.2164
2018-08-01,Australian Capital Territory,"Professional, Scientific and Technical Services",17.7909,4.5677,22.3586
2018-08-01,Greater Adelaide,Information Media and Telecommunications,7.2768,3.3334,10.6102
2018-08-01,Greater Adelaide,"Professional, Scientific and Technical Services",37.4022,9.601,47.0032
2018-08-01,Greater Brisbane,Information Media and Telecommunications,9.9994,4.0481,14.0475
2018-08-01,Greater Brisbane,"Professional, Scientific and Technical Services",97.8743,26.2379,124.1122
2018-08-01,Greater Hobart,Information Media and Telecommunications,1.5421,0.7142,2.2563
2018-08-01,Greater Hobart,"Professional, Scientific and Technical Services",5.9134,2.8188,8.7322
2018-08-01,Greater Melbourne,Information Media and Telecommunications,51.5744,11.6974,63.2718
2018-08-01,Greater Melbourne,"Professional, Scientific and Technical Services",198.4443,51.675,250.1193
2018-08-01,Greater Perth,Information Media and Telecommunications,10.6293,1.6632,12.2925
2018-08-01,Greater Perth,"Professional, Scientific and Technical Services",59.2235,21.6192,80.8428
2018-08-01,Greater Sydney,Information Media and Telecommunications,61.6068,12.9619,74.5687
2018-08-01,Greater Sydney,"Professional, Scientific and Technical Services",271.7037,75.6466,347.3502
2018-08-01,Northern Territory,Information Media and Telecommunications,1.1049,0.2354,1.3402
2018-08-01,Northern Territory,"Professional, Scientific and Technical Services",4.9765,0.8031,5.7796
2018-08-01,Rest of NSW,Information Media and Telecommunications,9.4649,4.2875,13.7524
2018-08-01,Rest of NSW,"Professional, Scientific and Technical Services",51.7783,23.9968,75.7751
2018-08-01,Rest of Qld,Information Media and Telecommunications,8.4268,5.0895,13.5162
2018-08-01,Rest of Qld,"Professional, Scientific and Technical Services",34.7028,16.8195,51.5223
2018-08-01,Rest of Vic.,Information Media and Telecommunications,6.7354,1.0533,7.7887
2018-08-01,Rest of Vic.,"Professional, Scientific and Technical Services",20.4246,9.9666,30.3912
2018-11-01,Australian Capital Territory,Information Media and Telecommunications,1.8724,1.0298,2.9022
2018-11-01,Australian Capital Territory,"Professional, Scientific and Technical Services",19.0132,4.0138,23.0269
2018-11-01,Greater Adelaide,Information Media and Telecommunications,7.1071,2.39,9.4971
2018-11-01,Greater Adelaide,"Professional, Scientific and Technical Services",32.7502,9.9618,42.712
2018-11-01,Greater Brisbane,Information Media and Telecommunications,15.0316,3.8714,18.903
2018-11-01,Greater Brisbane,"Professional, Scientific and Technical Services",82.3792,28.7311,111.1103
2018-11-01,Greater Hobart,Information Media and Telecommunications,0.9271,0.5668,1.4939
2018-11-01,Greater Hobart,"Professional, Scientific and Technical Services",4.8219,2.7798,7.6017
2018-11-01,Greater Melbourne,Information Media and Telecommunications,46.8169,11.8537,58.6706
2018-11-01,Greater Melbourne,"Professional, Scientific and Technical Services",202.5921,62.8238,265.4159
2018-11-01,Greater Perth,Information Media and Telecommunications,7.0334,3.9259,10.9593
2018-11-01,Greater Perth,"Professional, Scientific and Technical Services",64.9356,23.2191,88.1547
2018-11-01,Greater Sydney,Information Media and Telecommunications,59.4283,18.1447,77.5731
2018-11-01,Greater Sydney,"Professional, Scientific and Technical Services",267.5496,62.8829,330.4325
2018-11-01,Northern Territory,Information Media and Telecommunications,1.2449,0.7632,2.0081
2018-11-01,Northern Territory,"Professional, Scientific and Technical Services",6.4411,1.0346,7.4757
2018-11-01,Rest of NSW,Information Media and Telecommunications,9.4017,2.9863,12.388
2018-11-01,Rest of NSW,"Professional, Scientific and Technical Services",51.1078,26.3249,77.4327
2018-11-01,Rest of Qld,Information Media and Telecommunications,11.2478,4.133,15.3808
2018-11-01,Rest of Qld,"Professional, Scientific and Technical Services",35.6721,17.9006,53.5727
2018-11-01,Rest of Vic.,Information Media and Telecommunications,3.8932,2.0074,5.9006
2018-11-01,Rest of Vic.,"Professional, Scientific and Technical Services",24.8126,11.7189,36.5315
2019-02-01,Australian Capital Territory,Information Media and Telecommunications,2.2885,0.9978,3.2864
2019-02-01,Australian Capital Territory,"Professional, Scientific and Technical Services",23.0348,6.0788,29.1136
2019-02-01,Greater Adelaide,Information Media and Telecommunications,6.5229,2.1594,8.6824
2019-02-01,Greater Adelaide,"Professional, Scientific and Technical Services",39.2217,11.5191,50.7408
2019-02-01,Greater Brisbane,Information Media and Telecommunications,19.3256,3.5726,22.8982
2019-02-01,Greater Brisbane,"Professional, Scientific and Technical Services",83.7652,24.0271,107.7923
2019-02-01,Greater Hobart,Information Media and Telecommunications,0.919,0.5252,1.4441
2019-02-01,Greater Hobart,"Professional, Scientific and Technical Services",5.301,2.2196,7.5206
2019-02-01,Greater Melbourne,Information Media and Telecommunications,46.3906,13.7911,60.1818
2019-02-01,Greater Melbourne,"Professional, Scientific and Technical Services",232.9471,57.1538,290.1009
2019-02-01,Greater Perth,Information Media and Telecommunications,8.9829,3.6032,12.5861
2019-02-01,Greater Perth,"Professional, Scientific and Technical Services",81.2126,21.9896,103.2022
2019-02-01,Greater Sydney,Information Media and Telecommunications,52.802,10.1014,62.9033
2019-02-01,Greater Sydney,"Professional, Scientific and Technical Services",278.5798,62.7099,341.2897
2019-02-01,Northern Territory,Information Media and Telecommunications,1.186,0.7661,1.9521
2019-02-01,Northern Territory,"Professional, Scientific and Technical Services",5.7817,1.1374,6.9191
2019-02-01,Rest of NSW,Information Media and Telecommunications,9.9662,3.3217,13.2879
2019-02-01,Rest of NSW,"Professional, Scientific and Technical Services",55.4844,21.3663,76.8507
2019-02-01,Rest of Qld,Information Media and Telecommunications,13.9077,2.8139,16.7216
2019-02-01,Rest of Qld,"Professional, Scientific and Technical Services",42.5299,19.4447,61.9747
2019-02-01,Rest of Vic.,Information Media and Telecommunications,2.5413,0.8134,3.3547
2019-02-01,Rest of Vic.,"Professional, Scientific and Technical Services",21.4068,8.914,30.3208
2019-05-01,Australian Capital Territory,Information Media and Telecommunications,2.6915,0.4756,3.1671
2019-05-01,Australian Capital Territory,"Professional, Scientific and Technical Services",20.7789,6.2282,27.0071
2019-05-01,Greater Adelaide,Information Media and Telecommunications,6.5879,2.5997,9.1876
2019-05-01,Greater Adelaide,"Professional, Scientific and Technical Services",38.502,14.9291,53.4312
2019-05-01,Greater Brisbane,Information Media and Telecommunications,14.2617,4.7905,19.0521
2019-05-01,Greater Brisbane,"Professional, Scientific and Technical Services",74.6755,26.5805,101.256
2019-05-01,Greater Hobart,Information Media and Telecommunications,0.9827,0.1037,1.0864
2019-05-01,Greater Hobart,"Professional, Scientific and Technical Services",4.5344,3.5391,8.0734
2019-05-01,Greater Melbourne,Information Media and Telecommunications,44.3315,17.109,61.4405
2019-05-01,Greater Melbourne,"Professional, Scientific and Technical Services",244.6056,57.598,302.2036
2019-05-01,Greater Perth,Information Media and Telecommunications,6.8406,2.3346,9.1752
2019-05-01,Greater Perth,"Professional, Scientific and Technical Services",78.7636,22.9614,101.725
2019-05-01,Greater Sydney,Information Media and Telecommunications,49.9461,9.4168,59.3629
2019-05-01,Greater Sydney,"Professional, Scientific and Technical Services",266.9853,72.0798,339.0651
2019-05-01,Northern Territory,Information Media and Telecommunications,1.104,0.4825,1.5865
2019-05-01,Northern Territory,"Professional, Scientific and Technical Services",5.5883,1.2029,6.7913
2019-05-01,Rest of NSW,Information Media and Telecommunications,12.0325,3.9472,15.9797
2019-05-01,Rest of NSW,"Professional, Scientific and Technical Services",45.4061,16.9193,62.3255
2019-05-01,Rest of Qld,Information Media and Telecommunications,11.7333,2.502,14.2353
2019-05-01,Rest of Qld,"Professional, Scientific and Technical Services",54.0648,17.5649,71.6297
2019-05-01,Rest of Vic.,Information Media and Telecommunications,3.1173,0.3525,3.4699
2019-05-01,Rest of Vic.,"Professional, Scientific and Technical Services",21.8534,8.5822,30.4355
2019-08-01,Australian Capital Territory,Information Media and Telecommunications,3.6871,0.8639,4.551
2019-08-01,Australian Capital Territory,"Professional, Scientific and Technical Services",18.4748,6.3065,24.7814
2019-08-01,Greater Adelaide,Information Media and Telecommunications,7.7151,3.0781,10.7932
2019-08-01,Greater Adelaide,"Professional, Scientific and Technical Services",41.3698,14.2574,55.6273
2019-08-01,Greater Brisbane,Information Media and Telecommunications,18.0591,4.8898,22.949
2019-08-01,Greater Brisbane,"Professional, Scientific and Technical Services",94.6671,24.3892,119.0563
2019-08-01,Greater Hobart,Information Media and Telecommunications,1.7487,0.3207,2.0694
2019-08-01,Greater Hobart,"Professional, Scientific and Technical Services",6.4371,2.4978,8.9349
2019-08-01,Greater Melbourne,Information Media and Telecommunications,43.8888,13.9169,57.8057
2019-08-01,Greater Melbourne,"Professional, Scientific and Technical Services",251.0577,58.8745,309.9322
2019-08-01,Greater Perth,Information Media and Telecommunications,7.3038,1.9804,9.2841
2019-08-01,Greater Perth,"Professional, Scientific and Technical Services",80.7144,23.4451,104.1595
2019-08-01,Greater Sydney,Information Media and Telecommunications,56.0921,9.2234,65.3156
2019-08-01,Greater Sydney,"Professional, Scientific and Technical Services",268.6754,61.0618,329.7372
2019-08-01,Northern Territory,Information Media and Telecommunications,0.6619,0.18,0.8419
2019-08-01,Northern Territory,"Professional, Scientific and Technical Services",4.9367,1.0705,6.0072
2019-08-01,Rest of NSW,Information Media and Telecommunications,6.926,3.6893,10.6153
2019-08-01,Rest of NSW,"Professional, Scientific and Technical Services",50.7081,22.9742,73.6822
2019-08-01,Rest of Qld,Information Media and Telecommunications,7.321,4.3487,11.6698
2019-08-01,Rest of Qld,"Professional, Scientific and Technical Services",44.1876,14.532,58.7197
2019-08-01,Rest of Vic.,Information Media and Telecommunications,3.7915,2.8673,6.6588
2019-08-01,Rest of Vic.,"Professional, Scientific and Technical Services",29.7413,8.797,38.5384
2019-11-01,Australian Capital Territory,Information Media and Telecommunications,2.7572,0.7405,3.4977
2019-11-01,Australian Capital Territory,"Professional, Scientific and Technical Services",20.254,4.3477,24.6017
2019-11-01,Greater Adelaide,Information Media and Telecommunications,11.8121,2.8952,14.7073
2019-11-01,Greater Adelaide,"Professional, Scientific and Technical Services",38.9453,14.444,53.3893
2019-11-01,Greater Brisbane,Information Media and Telecommunications,13.3559,1.0484,14.4043
2019-11-01,Greater Brisbane,"Professional, Scientific and Technical Services",97.6172,24.6487,122.266
2019-11-01,Greater Hobart,Information Media and Telecommunications,1.562,0.7672,2.3292
2019-11-01,Greater Hobart,"Professional, Scientific and Technical Services",6.4555,2.873,9.3285
2019-11-01,Greater Melbourne,Information Media and Telecommunications,44.6429,15.2199,59.8629
2019-11-01,Greater Melbourne,"Professional, Scientific and Technical Services",212.1497,58.6531,270.8028
2019-11-01,Greater Perth,Information Media and Telecommunications,6.265,5.0295,11.2945
2019-11-01,Greater Perth,"Professional, Scientific and Technical Services",80.1205,24.8853,105.0058
2019-11-01,Greater Sydney,Information Media and Telecommunications,54.2365,11.5367,65.7732
2019-11-01,Greater Sydney,"Professional, Scientific and Technical Services",272.0501,59.0624,331.1125
2019-11-01,Northern Territory,Information Media and Telecommunications,0.9982,0.2555,1.2537
2019-11-01,Northern Territory,"Professional, Scientific and Technical Services",5.9668,1.8798,7.8466
2019-11-01,Rest of NSW,Information Media and Telecommunications,8.9041,2.8234,11.7275
2019-11-01,Rest of NSW,"Professional, Scientific and Technical Services",54.89,23.9708,78.8608
2019-11-01,Rest of Qld,Information Media and Telecommunications,5.8571,5.0563,10.9134
2019-11-01,Rest of Qld,"Professional, Scientific and Technical Services",54.0557,16.8266,70.8823
2019-11-01,Rest of Vic.,Information Media and Telecommunications,2.5586,2.1456,4.7042
2019-11-01,Rest of Vic.,"Professional, Scientific and Technical Services",29.1944,8.5069,37.7014
2020-02-01,Australian Capital Territory,Information Media and Telecommunications,3.8235,0.5053,4.3288
2020-02-01,Australian Capital Territory,"Professional, Scientific and Technical Services",22.1657,5.6315,27.7972
2020-02-01,Greater Adelaide,Information Media and Telecommunications,10.8746,2.5272,13.4018
2020-02-01,Greater Adelaide,"Professional, Scientific and Technical Services",41.1017,12.9409,54.0426
2020-02-01,Greater Brisbane,Information Media and Telecommunications,13.6741,1.568,15.2421
2020-02-01,Greater Brisbane,"Professional, Scientific and Technical Services",102.1362,28.1563,130.2925
2020-02-01,Greater Hobart,Information Media and Telecommunications,1.42,0.43,1.85
2020-02-01,Greater Hobart,"Professional, Scientific and Technical Services",7.2932,3.7969,11.0901
2020-02-01,Greater Melbourne,Information Media and Telecommunications,36.2772,9.1811,45.4583
2020-02-01,Greater Melbourne,"Professional, Scientific and Technical Services",227.4865,57.6637,285.1501
2020-02-01,Greater Perth,Information Media and Telecommunications,6.3495,6.2631,12.6127
2020-02-01,Greater Perth,"Professional, Scientific and Technical Services",72.8788,26.3437,99.2225
2020-02-01,Greater Sydney,Information Media and Telecommunications,58.1138,16.3917,74.5055
2020-02-01,Greater Sydney,"Professional, Scientific and Technical Services",277.5716,54.9072,332.4788
2020-02-01,Northern Territory,Information Media and Telecommunications,1.3662,0.3669,1.7331
2020-02-01,Northern Territory,"Professional, Scientific and Technical Services",6.8972,0.7724,7.6696
2020-02-01,Rest of NSW,Information Media and Telecommunications,11.3421,2.3733,13.7154
2020-02-01,Rest of NSW,"Professional, Scientific and Technical Services",59.0599,24.6325,83.6924
2020-02-01,Rest of Qld,Information Media and Telecommunications,8.3772,4.4266,12.8037
2020-02-01,Rest of Qld,"Professional, Scientific and Technical Services",55.0459,19.3668,74.4127
2020-02-01,Rest of Vic.,Information Media and Telecommunications,4.847,2.018,6.8651
2020-02-01,Rest of Vic.,"Professional, Scientific and Technical Services",21.6163,6.8152,28.4315
2020-05-01,Australian Capital Territory,Information Media and Telecommunications,2.3772,0.618,2.9953
2020-05-01,Australian Capital Territory,"Professional, Scientific and Technical Services",18.3138,4.1604,22.4743
2020-05-01,Greater Adelaide,Information Media and Telecommunications,8.3146,2.6911,11.0056
2020-05-01,Greater Adelaide,"Professional, Scientific and Technical Services",39.5123,16.279,55.7912
2020-05-01,Greater Brisbane,Information Media and Telecommunications,12.4984,1.326,13.8244
2020-05-01,Greater Brisbane,"Professional, Scientific and Technical Services",84.6107,28.6448,113.2555
2020-05-01,Greater Hobart,Information Media and Telecommunications,1.6767,0.419,2.0958
2020-05-01,Greater Hobart,"Professional, Scientific and Technical Services",6.5924,2.4678,9.0602
2020-05-01,Greater Melbourne,Information Media and Telecommunications,33.1513,8.8861,42.0373
2020-05-01,Greater Melbourne,"Professional, Scientific and Technical Services",217.8399,54.7181,272.558
2020-05-01,Greater Perth,Information Media and Telecommunications,8.1847,1.7809,9.9656
2020-05-01,Greater Perth,"Professional, Scientific and Technical Services",74.508,24.3105,98.8185
2020-05-01,Greater Sydney,Information Media and Telecommunications,55.3608,13.3168,68.6776
2020-05-01,Greater Sydney,"Professional, Scientific and Technical Services",236.9189,67.1203,304.0392
2020-05-01,Northern Territory,Information Media and Telecommunications,0.7753,0.3616,1.1369
2020-05-01,Northern Territory,"Professional, Scientific and Technical Services",5.4292,1.1886,6.6178
2020-05-01,Rest of NSW,Information Media and Telecommunications,7.6799,3.8518,11.5317
2020-05-01,Rest of NSW,"Professional, Scientific and Technical Services",55.5764,20.7993,76.3757
2020-05-01,Rest of Qld,Information Media and Telecommunications,10.8724,1.7715,12.6439
2020-05-01,Rest of Qld,"Professional, Scientific and Technical Services",58.0916,19.2948,77.3864
2020-05-01,Rest of Vic.,Information Media and Telecommunications,2.4549,0.019,2.4739
2020-05-01,Rest of Vic.,"Professional, Scientific and Technical Services",25.8108,10.967,36.7779
2020-08-01,Australian Capital Territory,Information Media and Telecommunications,3.1051,0.4396,3.5447
2020-08-01,Australian Capital Territory,"Professional, Scientific and Technical Services",21.3466,4.1255,25.4721
2020-08-01,Greater Adelaide,Information Media and Telecommunications,7.6933,2.4368,10.1301
2020-08-01,Greater Adelaide,"Professional, Scientific and Technical Services",38.5329,11.1862,49.7192
2020-08-01,Greater Brisbane,Information Media and Telecommunications,9.7009,5.0609,14.7618
2020-08-01,Greater Brisbane,"Professional, Scientific and Technical Services",98.8759,16.0647,114.9407
2020-08-01,Greater Hobart,Information Media and Telecommunications,1.3999,0.6177,2.0176
2020-08-01,Greater Hobart,"Professional, Scientific and Technical Services",6.7726,3.457,10.2296
2020-08-01,Greater Melbourne,Information Media and Telecommunications,40.7628,8.9463,49.7091
2020-08-01,Greater Melbourne,"Professional, Scientific and Technical Services",209.9614,63.1766,273.138
2020-08-01,Greater Perth,Information Media and Telecommunications,10.5179,2.9886,13.5065
2020-08-01,Greater Perth,"Professional, Scientific and Technical Services",74.4083,26.7592,101.1676
2020-08-01,Greater Sydney,Information Media and Telecommunications,54.7096,9.1096,63.8192
2020-08-01,Greater Sydney,"Professional, Scientific and Technical Services",255.7814,67.2411,323.0225
2020-08-01,Northern Territory,Information Media and Telecommunications,0.9101,0.6218,1.5319
2020-08-01,Northern Territory,"Professional, Scientific and Technical Services",6.5978,1.0802,7.678
2020-08-01,Rest of NSW,Information Media and Telecommunications,8.1904,3.7578,11.9482
2020-08-01,Rest of NSW,"Professional, Scientific and Technical Services",50.3072,21.8645,72.1718
2020-08-01,Rest of Qld,Information Media and Telecommunications,10.2351,3.1163,13.3514
2020-08-01,Rest of Qld,"Professional, Scientific and Technical Services",43.236,18.0046,61.2406
2020-08-01,Rest of Vic.,Information Media and Telecommunications,2.5224,0.7352,3.2576
2020-08-01,Rest of Vic.,"Professional, Scientific and Technical Services",18.6048,15.2787,33.8835
2020-11-01,Australian Capital Territory,Information Media and Telecommunications,3.0086,0.4159,3.4245
2020-11-01,Australian Capital Territory,"Professional, Scientific and Technical Services",27.0287,4.5257,31.5544
2020-11-01,Greater Adelaide,Information Media and Telecommunications,5.7311,1.2271,6.9582
2020-11-01,Greater Adelaide,"Professional, Scientific and Technical Services",44.9845,10.5416,55.5261
2020-11-01,Greater Brisbane,Information Media and Telecommunications,11.9907,3.8735,15.8642
2020-11-01,Greater Brisbane,"Professional, Scientific and Technical Services",93.6957,20.949,114.6447
2020-11-01,Greater Hobart,Information Media and Telecommunications,0.9389,0.6452,1.5842
2020-11-01,Greater Hobart,"Professional, Scientific and Technical Services",7.3208,3.4666,10.7874
2020-11-01,Greater Melbourne,Information Media and Telecommunications,43.8467,7.3904,51.2371
2020-11-01,Greater Melbourne,"Professional, Scientific and Technical Services",217.0915,64.9487,282.0401
2020-11-01,Greater Perth,Information Media and Telecommunications,8.9046,1.2138,10.1184
2020-11-01,Greater Perth,"Professional, Scientific and Technical Services",75.2625,23.2372,98.4997
2020-11-01,Greater Sydney,Information Media and Telecommunications,55.183,7.0677,62.2507
2020-11-01,Greater Sydney,"Professional, Scientific and Technical Services",281.823,68.8799,350.7029
2020-11-01,Northern Territory,Information Media and Telecommunications,1.2487,0.4594,1.7081
2020-11-01,Northern Territory,"Professional, Scientific and Technical Services",5.862,1.8413,7.7033
2020-11-01,Rest of NSW,Information Media and Telecommunications,8.3786,5.5295,13.9081
2020-11-01,Rest of NSW,"Professional, Scientific and Technical Services",48.1764,22.2207,70.3972
2020-11-01,Rest of Qld,Information Media and Telecommunications,12.8067,1.6241,14.4309
2020-11-01,Rest of Qld,"Professional, Scientific and Technical Services",46.9291,19.2566,66.1857
2020-11-01,Rest of Vic.,Information Media and Telecommunications,4.753,0.7922,5.5452
2020-11-01,Rest of Vic.,"Professional, Scientific and Technical Services",22.4241,16.5306,38.9547
2021-02-01,Australian Capital Territory,Information Media and Telecommunications,3.2349,0.5043,3.7393
2021-02-01,Australian Capital Territory,"Professional, Scientific and Technical Services",30.1295,4.7554,34.8849
2021-02-01,Greater Adelaide,Information Media and Telecommunications,6.8497,1.0405,7.8902
2021-02-01,Greater Adelaide,"Professional, Scientific and Technical Services",49.2638,14.1512,63.415
2021-02-01,Greater Brisbane,Information Media and Telecommunications,12.2731,2.591,14.8641
2021-02-01,Greater Brisbane,"Professional, Scientific and Technical Services",103.2478,25.88,129.1279
2021-02-01,Greater Hobart,Information Media and Telecommunications,0.8161,0.3669,1.183
2021-02-01,Greater Hobart,"Professional, Scientific and Technical Services",7.1807,2.1904,9.3711
2021-02-01,Greater Melbourne,Information Media and Telecommunications,46.7172,12.4655,59.1828
2021-02-01,Greater Melbourne,"Professional, Scientific and Technical Services",228.8698,62.876,291.7457
2021-02-01,Greater Perth,Information Media and Telecommunications,6.007,2.3562,8.3632
2021-02-01,Greater Perth,"Professional, Scientific and Technical Services",69.6966,22.2799,91.9764
2021-02-01,Greater Sydney,Information Media and Telecommunications,59.3486,11.0711,70.4196
2021-02-01,Greater Sydney,"Professional, Scientific and Technical Services",292.8279,64.9406,357.7684
2021-02-01,Northern Territory,Information Media and Telecommunications,0.7912,0.028,0.8192
2021-02-01,Northern Territory,"Professional, Scientific and Technical Services",6.3541,1.3643,7.7185
2021-02-01,Rest of NSW,Information Media and Telecommunications,7.3789,1.4542,8.8331
2021-02-01,Rest of NSW,"Professional, Scientific and Technical Services",58.604,22.0277,80.6317
2021-02-01,Rest of Qld,Information Media and Telecommunications,8.898,0.9325,9.8305
2021-02-01,Rest of Qld,"Professional, Scientific and Technical Services",59.4007,14.6924,74.0931
2021-02-01,Rest of Vic.,Information Media and Telecommunications,5.2421,2.3891,7.6313
2021-02-01,Rest of Vic.,"Professional, Scientific and Technical Services",25.6843,8.6796,34.3639
2021-05-01,Australian Capital Territory,Information Media and Telecommunications,2.1991,0.5859,2.785
2021-05-01,Australian Capital Territory,"Professional, Scientific and Technical Services",25.5436,5.3585,30.9022
2021-05-01,Greater Adelaide,Information Media and Telecommunications,4.7024,2.8868,7.5892
2021-05-01,Greater Adelaide,"Professional, Scientific and Technical Services",53.1098,14.6508,67.7606
2021-05-01,Greater Brisbane,Information Media and Telecommunications,12.1185,3.2793,15.3978
2021-05-01,Greater Brisbane,"Professional, Scientific and Technical Services",92.7403,21.4482,114.1884
2021-05-01,Greater Hobart,Information Media and Telecommunications,0.9577,0.6536,1.6113
2021-05-01,Greater Hobart,"Professional, Scientific and Technical Services",5.6014,2.1532,7.7546
2021-05-01,Greater Melbourne,Information Media and Telecommunications,38.1017,13.9499,52.0517
2021-05-01,Greater Melbourne,"Professional, Scientific and Technical Services",239.3557,60.1717,299.5274
2021-05-01,Greater Perth,Information Media and Telecommunications,4.8552,2.1191,6.9743
2021-05-01,Greater Perth,"Professional, Scientific and Technical Services",71.7507,22.2834,94.0341
2021-05-01,Greater Sydney,Information Media and Telecommunications,51.1074,10.4589,61.5663
2021-05-01,Greater Sydney,"Professional, Scientific and Technical Services",296.5381,65.2514,361.7895
2021-05-01,Northern Territory,Information Media and Telecommunications,0.706,0.0853,0.7913
2021-05-01,Northern Territory,"Professional, Scientific and Technical Services",5.2274,0.9749,6.2023
2021-05-01,Rest of NSW,Information Media and Telecommunications,6.8694,3.0867,9.9562
2021-05-01,Rest of NSW,"Professional, Scientific and Technical Services",55.0192,20.9438,75.963
2021-05-01,Rest of Qld,Information Media and Telecommunications,10.1337,1.0016,11.1353
2021-05-01,Rest of Qld,"Professional, Scientific and Technical Services",65.5751,19.6905,85.2656
2021-05-01,Rest of Vic.,Information Media and Telecommunications,4.2423,0.7982,5.0405
2021-05-01,Rest of Vic.,"Professional, Scientific and Technical Services",23.2868,13.2137,36.5005
2021-08-01,Australian Capital Territory,Information Media and Telecommunications,3.9408,0.9387,4.8795
2021-08-01,Australian Capital Territory,"Professional, Scientific and Technical Services",27.7571,5.5305,33.2876
2021-08-01,Greater Adelaide,Information Media and Telecommunications,6.3511,3.1543,9.5054
2021-08-01,Greater Adelaide,"Professional, Scientific and Technical Services",45.1189,13.5555,58.6744
2021-08-01,Greater Brisbane,Information Media and Telecommunications,12.6475,3.0387,15.6861
2021-08-01,Greater Brisbane,"Professional, Scientific and Technical Services",89.2679,22.417,111.6849
2021-08-01,Greater Hobart,Information Media and Telecommunications,1.4905,0.6058,2.0963
2021-08-01,Greater Hobart,"Professional, Scientific and Technical Services",5.7598,2.8578,8.6176
2021-08-01,Greater Melbourne,Information Media and Telecommunications,35.8617,13.1974,49.0591
2021-08-01,Greater Melbourne,"Professional, Scientific and Technical Services",228.3425,60.7673,289.1099
2021-08-01,Greater Perth,Information Media and Telecommunications,7.1248,4.8273,11.9521
2021-08-01,Greater Perth,"Professional, Scientific and Technical Services",76.0981,22.7051,98.8032
2021-08-01,Greater Sydney,Information Media and Telecommunications,51.4822,5.9362,57.4184
2021-08-01,Greater Sydney,"Professional, Scientific and Technical Services",273.3352,70.0305,343.3658
2021-08-01,Northern Territory,Information Media and Telecommunications,1.1534,0.3188,1.4722
2021-08-01,Northern Territory,"Professional, Scientific and Technical Services",4.5039,1.6828,6.1867
2021-08-01,Rest of NSW,Information Media and Telecommunications,8.9019,2.7553,11.6572
2021-08-01,Rest of NSW,"Professional, Scientific and Technical Services",50.7197,21.7329,72.4526
2021-08-01,Rest of Qld,Information Media and Telecommunications,7.6135,1.2276,8.8412
2021-08-01,Rest of Qld,"Professional, Scientific and Technical Services",59.782,21.8015,81.5834
2021-08-01,Rest of Vic.,Information Media and Telecommunications,4.298,1.3565,5.6545
2021-08-01,Rest of Vic.,"Professional, Scientific and Technical Services",23.6127,13.3764,36.9892
2021-11-01,Australian Capital Territory,Information Media and Telecommunications,3.125,0.3639,3.4889
2021-11-01,Australian Capital Territory,"Professional, Scientific and Technical Services",29.3959,5.6806,35.0765
2021-11-01,Greater Adelaide,Information Media and Telecommunications,7.3734,2.182,9.5554
2021-11-01,Greater Adelaide,"Professional, Scientific and Technical Services",48.9469,12.7474,61.6942
2021-11-01,Greater Brisbane,Information Media and Telecommunications,14.0978,5.2676,19.3654
2021-11-01,Greater Brisbane,"Professional, Scientific and Technical Services",100.5755,22.9534,123.5289
2021-11-01,Greater Hobart,Information Media and Telecommunications,1.2976,0.5904,1.888
2021-11-01,Greater Hobart,"Professional, Scientific and Technical Services",8.7218,3.0568,11.7787
2021-11-01,Greater Melbourne,Information Media and Telecommunications,43.4434,11.5492,54.9927
2021-11-01,Greater Melbourne,"Professional, Scientific and Technical Services",234.7071,51.7875,286.4946
2021-11-01,Greater Perth,Information Media and Telecommunications,8.0513,2.0961,10.1474
2021-11-01,Greater Perth,"Professional, Scientific and Technical Services",69.183,27.2285,96.4115
2021-11-01,Greater Sydney,Information Media and Telecommunications,38.8914,9.7301,48.6215
2021-11-01,Greater Sydney,"Professional, Scientific and Technical Services",277.2665,63.245,340.5115
2021-11-01,Northern Territory,Information Media and Telecommunications,0.8272,0.5179,1.3451
2021-11-01,Northern Territory,"Professional, Scientific and Technical Services",5.2548,1.3092,6.564
2021-11-01,Rest of NSW,Information Media and Telecommunications,9.6805,4.8792,14.5597
2021-11-01,Rest of NSW,"Professional, Scientific and Technical Services",48.7738,24.9074,73.6812
2021-11-01,Rest of Qld,Information Media and Telecommunications,9.4788,1.9019,11.3807
2021-11-01,Rest of Qld,"Professional, Scientific and Technical Services",60.4196,28.2966,88.7163
2021-11-01,Rest of Vic.,Information Media and Telecommunications,6.7041,2.3225,9.0267
2021-11-01,Rest of Vic.,"Professional, Scientific and Technical Services",31.0685,15.9159,46.9844
2022-02-01,Australian Capital Territory,Information Media and Telecommunications,3.1117,0.8968,4.0085
2022-02-01,Australian Capital Territory,"Professional, Scientific and Technical Services",33.7728,4.4549,38.2277
2022-02-01,Greater Adelaide,Information Media and Telecommunications,7.1072,1.5697,8.6769
2022-02-01,Greater Adelaide,"Professional, Scientific and Technical Services",49.1426,14.2034,63.346
2022-02-01,Greater Brisbane,Information Media and Telecommunications,10.6629,6.412,17.0749
2022-02-01,Greater Brisbane,"Professional, Scientific and Technical Services",114.7015,25.2504,139.9519
2022-02-01,Greater Hobart,Information Media and Telecommunications,1.2838,0.3589,1.6427
2022-02-01,Greater Hobart,"Professional, Scientific and Technical Services",8.4809,4.0463,12.5273
2022-02-01,Greater Melbourne,Information Media and Telecommunications,43.0593,9.94,52.9993
2022-02-01,Greater Melbourne,"Professional, Scientific and Technical Services",264.2149,62.6989,326.9138
2022-02-01,Greater Perth,Information Media and Telecommunications,10.8783,3.4128,14.2911
2022-02-01,Greater Perth,"Professional, Scientific and Technical Services",75.5333,24.8715,100.4048
2022-02-01,Greater Sydney,Information Media and Telecommunications,57.8477,9.0344,66.8822
2022-02-01,Greater Sydney,"Professional, Scientific and Technical Services",282.1527,58.2722,340.4249
2022-02-01,Northern Territory,Information Media and Telecommunications,1.247,0.3976,1.6446
2022-02-01,Northern Territory,"Professional, Scientific and Technical Services",5.7027,1.6514,7.3541
2022-02-01,Rest of NSW,Information Media and Telecommunications,7.6065,3.4939,11.1004
2022-02-01,Rest of NSW,"Professional, Scientific and Technical Services",55.2529,19.1617,74.4147
2022-02-01,Rest of Qld,Information Media and Telecommunications,9.9474,2.3107,12.2581
2022-02-01,Rest of Qld,"Professional, Scientific and Technical Services",58.4073,22.3958,80.803
2022-02-01,Rest of Vic.,Information Media and Telecommunications,6.56,2.8227,9.3827
2022-02-01,Rest of Vic.,"Professional, Scientific and Technical Services",32.5154,16.6909,49.2063
2022-05-01,Australian Capital Territory,Information Media and Telecommunications,2.0846,0.437,2.5216
2022-05-01,Australian Capital Territory,"Professional, Scientific and Technical Services",33.7515,5.9504,39.7019
2022-05-01,Greater Adelaide,Information Media and Telecommunications,5.3527,1.0358,6.3885
2022-05-01,Greater Adelaide,"Professional, Scientific and Technical Services",48.5587,18.441,66.9997
2022-05-01,Greater Brisbane,Information Media and Telecommunications,13.8063,3.593,17.3993
2022-05-01,Greater Brisbane,"Professional, Scientific and Technical Services",108.1515,27.8133,135.9647
2022-05-01,Greater Hobart,Information Media and Telecommunications,2.0711,0.2434,2.3145
2022-05-01,Greater Hobart,"Professional, Scientific and Technical Services",7.8979,3.7342,11.6322
2022-05-01,Greater Melbourne,Information Media and Telecommunications,41.3364,10.7622,52.0986
2022-05-01,Greater Melbourne,"Professional, Scientific and Technical Services",263.6328,64.9407,328.5734
2022-05-01,Greater Perth,Information Media and Telecommunications,10.5675,2.812,13.3794
2022-05-01,Greater Perth,"Professional, Scientific and Technical Services",70.2996,22.2577,92.5573
2022-05-01,Greater Sydney,Information Media and Telecommunications,60.3117,10.09,70.4016
2022-05-01,Greater Sydney,"Professional, Scientific and Technical Services",298.4034,62.8102,361.2136
2022-05-01,Northern Territory,Information Media and Telecommunications,0.523,0.4297,0.9527
2022-05-01,Northern Territory,"Professional, Scientific and Technical Services",5.3771,1.3564,6.7334
2022-05-01,Rest of NSW,Information Media and Telecommunications,6.7411,4.6977,11.4388
2022-05-01,Rest of NSW,"Professional, Scientific and Technical Services",53.0637,26.1215,79.1852
2022-05-01,Rest of Qld,Information Media and Telecommunications,11.5837,1.685,13.2687
2022-05-01,Rest of Qld,"Professional, Scientific and Technical Services",61.5984,20.441,82.0394
2022-05-01,Rest of Vic.,Information Media and Telecommunications,4.8768,2.5156,7.3924
2022-05-01,Rest of Vic.,"Professional, Scientific and Technical Services",23.014,10.9762,33.9902
2022-08-01,Australian Capital Territory,Information Media and Telecommunications,2.5999,0.5146,3.1144
2022-08-01,Australian Capital Territory,"Professional, Scientific and Technical Services",33.3687,6.3546,39.7233
2022-08-01,Greater Adelaide,Information Media and Telecommunications,6.372,2.0243,8.3963
2022-08-01,Greater Adelaide,"Professional, Scientific and Technical Services",47.4953,17.8859,65.3813
2022-08-01,Greater Brisbane,Information Media and Telecommunications,7.7864,2.708,10.4944
2022-08-01,Greater Brisbane,"Professional, Scientific and Technical Services",117.1369,20.5598,137.6967
2022-08-01,Greater Hobart,Information Media and Telecommunications,1.3658,0.1044,1.4702
2022-08-01,Greater Hobart,"Professional, Scientific and Technical Services",8.8953,3.0382,11.9335
2022-08-01,Greater Melbourne,Information Media and Telecommunications,36.5187,9.1617,45.6804
2022-08-01,Greater Melbourne,"Professional, Scientific and Technical Services",254.7915,58.8976,313.6891
2022-08-01,Greater Perth,Information Media and Telecommunications,9.0345,3.1241,12.1585
2022-08-01,Greater Perth,"Professional, Scientific and Technical Services",90.5303,21.5104,112.0407
2022-08-01,Greater Sydney,Information Media and Telecommunications,67.5493,8.0006,75.5499
2022-08-01,Greater Sydney,"Professional, Scientific and Technical Services",303.6791,61.0476,364.7268
2022-08-01,Northern Territory,Information Media and Telecommunications,0.9018,0.0196,0.9214
2022-08-01,Northern Territory,"Professional, Scientific and Technical Services",7.0782,0.9591,8.0373
2022-08-01,Rest of NSW,Information Media and Telecommunications,13.4718,2.2984,15.7702
2022-08-01,Rest of NSW,"Professional, Scientific and Technical Services",51.5134,24.213,75.7264
2022-08-01,Rest of Qld,Information Media and Telecommunications,6.52,3.7787,10.2988
2022-08-01,Rest of Qld,"Professional, Scientific and Technical Services",55.7911,20.2193,76.0105
2022-08-01,Rest of Vic.,Information Media and Telecommunications,3.9937,3.7307,7.7244
2022-08-01,Rest of Vic.,"Professional, Scientific and Technical Services",29.0888,8.2143,37.3031
2022-11-01,Australian Capital Territory,Information Media and Telecommunications,2.7008,1.2857,3.9865
2022-11-01,Australian Capital Territory,"Professional, Scientific and Technical Services",30.5244,4.7921,35.3165
2022-11-01,Greater Adelaide,Information Media and Telecommunications,5.9149,2.6646,8.5795
2022-11-01,Greater Adelaide,"Professional, Scientific and Technical Services",46.1989,13.7736,59.9725
2022-11-01,Greater Brisbane,Information Media and Telecommunications,8.3911,1.5733,9.9645
2022-11-01,Greater Brisbane,"Professional, Scientific and Technical Services",120.6143,17.0944,137.7087
2022-11-01,Greater Hobart,Information Media and Telecommunications,1.6462,0.5465,2.1928
2022-11-01,Greater Hobart,"Professional, Scientific and Technical Services",8.325,2.7259,11.0508
2022-11-01,Greater Melbourne,Information Media and Telecommunications,35.7866,11.3369,47.1235
2022-11-01,Greater Melbourne,"Professional, Scientific and Technical Services",251.4367,52.1892,303.6259
2022-11-01,Greater Perth,Information Media and Telecommunications,8.281,2.8166,11.0976
2022-11-01,Greater Perth,"Professional, Scientific and Technical Services",86.1311,25.6525,111.7836
2022-11-01,Greater Sydney,Information Media and Telecommunications,57.9103,7.8299,65.7402
2022-11-01,Greater Sydney,"Professional, Scientific and Technical Services",318.0899,61.5515,379.6414
2022-11-01,Northern Territory,Information Media and Telecommunications,0.6026,0.4198,1.0224
2022-11-01,Northern Territory,"Professional, Scientific and Technical Services",6.4713,1.1571,7.6284
2022-11-01,Rest of NSW,Information Media and Telecommunications,12.7768,4.9252,17.702
2022-11-01,Rest of NSW,"Professional, Scientific and Technical Services",49.7052,19.1751,68.8803
2022-11-01,Rest of Qld,Information Media and Telecommunications,8.0034,3.2226,11.226
2022-11-01,Rest of Qld,"Professional, Scientific and Technical Services",58.2629,23.8798,82.1427
2022-11-01,Rest of Vic.,Information Media and Telecommunications,3.0031,1.9754,4.9785
2022-11-01,Rest of Vic.,"Professional, Scientific and Technical Services",30.707,11.6343,42.3413
2023-02-01,Australian Capital Territory,Information Media and Telecommunications,3.4634,1.4336,4.897
2023-02-01,Australian Capital Territory,"Professional, Scientific and Technical Services",34.0666,6.3668,40.4335
2023-02-01,Greater Adelaide,Information Media and Telecommunications,8.6124,2.0899,10.7022
2023-02-01,Greater Adelaide,"Professional, Scientific and Technical Services",51.3149,12.0239,63.3388
2023-02-01,Greater Brisbane,Information Media and Telecommunications,10.7283,1.0414,11.7698
2023-02-01,Greater Brisbane,"Professional, Scientific and Technical Services",109.5438,17.6926,127.2365
2023-02-01,Greater Hobart,Information Media and Telecommunications,1.217,0.4864,1.7034
2023-02-01,Greater Hobart,"Professional, Scientific and Technical Services",9.094,2.6963,11.7904
2023-02-01,Greater Melbourne,Information Media and Telecommunications,46.9144,9.3242,56.2386
2023-02-01,Greater Melbourne,"Professional, Scientific and Technical Services",265.319,57.5532,322.8722
2023-02-01,Greater Perth,Information Media and Telecommunications,7.4276,4.2352,11.6628
2023-02-01,Greater Perth,"Professional, Scientific and Technical Services",85.3376,25.417,110.7547
2023-02-01,Greater Sydney,Information Media and Telecommunications,55.4943,14.0784,69.5727
2023-02-01,Greater Sydney,"Professional, Scientific and Technical Services",326.5497,59.9832,386.5329
2023-02-01,Northern Territory,Information Media and Telecommunications,0.7468,0.1574,0.9043
2023-02-01,Northern Territory,"Professional, Scientific and Technical Services",7.4457,2.1083,9.554
2023-02-01,Rest of NSW,Information Media and Telecommunications,8.1842,2.3647,10.5489
2023-02-01,Rest of NSW,"Professional, Scientific and Technical Services",50.0456,15.6238,65.6694
2023-02-01,Rest of Qld,Information Media and Telecommunications,10.4807,2.1813,12.662
2023-02-01,Rest of Qld,"Professional, Scientific and Technical Services",60.1147,24.1395,84.2542
2023-02-01,Rest of Vic.,Information Media and Telecommunications,6.7022,1.9604,8.6627
2023-02-01,Rest of Vic.,"Professional, Scientific and Technical Services",33.5384,8.3908,41.9292
2023-05-01,Australian Capital Territory,Information Media and Telecommunications,3.5914,0.4317,4.0231
2023-05-01,Australian Capital Territory,"Professional, Scientific and Technical Services",28.2573,6.268,34.5253
2023-05-01,Greater Adelaide,Information Media and Telecommunications,8.3974,1.6196,10.017
2023-05-01,Greater Adelaide,"Professional, Scientific and Technical Services",53.3279,14.6473,67.9752
2023-05-01,Greater Brisbane,Information Media and Telecommunications,11.3648,3.3867,14.7516
2023-05-01,Greater Brisbane,"Professional, Scientific and Technical Services",121.6021,26.4389,148.0409
2023-05-01,Greater Hobart,Information Media and Telecommunications,0.8052,0.2163,1.0215
2023-05-01,Greater Hobart,"Professional, Scientific and Technical Services",9.0133,2.4909,11.5042
2023-05-01,Greater Melbourne,Information Media and Telecommunications,43.5257,7.081,50.6067
2023-05-01,Greater Melbourne,"Professional, Scientific and Technical Services",293.9339,66.8548,360.7886
2023-05-01,Greater Perth,Information Media and Telecommunications,12.9462,4.1872,17.1334
2023-05-01,Greater Perth,"Professional, Scientific and Technical Services",83.3564,27.9825,111.3389
2023-05-01,Greater Sydney,Information Media and Telecommunications,51.4629,10.5991,62.062
2023-05-01,Greater Sydney,"Professional, Scientific and Technical Services",323.5532,53.7978,377.3509
2023-05-01,Northern Territory,Information Media and Telecommunications,1.0862,0.1719,1.2581
2023-05-01,Northern Territory,"Professional, Scientific and Technical Services",6.9455,1.8849,8.8304
2023-05-01,Rest of NSW,Information Media and Telecommunications,5.9046,3.1587,9.0633
2023-05-01,Rest of NSW,"Professional, Scientific and Technical Services",55.2535,24.4178,79.6713
2023-05-01,Rest of Qld,Information Media and Telecommunications,6.8278,5.2235,12.0513
2023-05-01,Rest of Qld,"Professional, Scientific and Technical Services",62.5873,21.5005,84.0878
2023-05-01,Rest of Vic.,Information Media and Telecommunications,7.1482,1.6668,8.815
2023-05-01,Rest of Vic.,"Professional, Scientific and Technical Services",33.0832,14.3044,47.3876
2023-08-01,Australian Capital Territory,Information Media and Telecommunications,3.8545,0.4013,4.2558
2023-08-01,Australian Capital Territory,"Professional, Scientific and Technical Services",30.4277,7.8091,38.2368
2023-08-01,Greater Adelaide,Information Media and Telecommunications,7.7344,3.3317,11.0661
2023-08-01,Greater Adelaide,"Professional, Scientific and Technical Services",49.7138,14.369,64.0828
2023-08-01,Greater Brisbane,Information Media and Telecommunications,12.8056,6.4168,19.2225
2023-08-01,Greater Brisbane,"Professional, Scientific and Technical Services",112.2926,21.1016,133.3943
2023-08-01,Greater Hobart,Information Media and Telecommunications,0.5116,0.4859,0.9975
2023-08-01,Greater Hobart,"Professional, Scientific and Technical Services",7.5072,3.8147,11.3219
2023-08-01,Greater Melbourne,Information Media and Telecommunications,39.879,8.9781,48.8571
2023-08-01,Greater Melbourne,"Professional, Scientific and Technical Services",281.5652,51.6567,333.2219
2023-08-01,Greater Perth,Information Media and Telecommunications,8.9668,0.8296,9.7964
2023-08-01,Greater Perth,"Professional, Scientific and Technical Services",87.6937,24.7271,112.4208
2023-08-01,Greater Sydney,Information Media and Telecommunications,49.6941,7.7177,57.4119
2023-08-01,Greater Sydney,"Professional, Scientific and Technical Services",302.4437,61.456,363.8996
2023-08-01,Northern Territory,Information Media and Telecommunications,1.0612,0.3497,1.4108
2023-08-01,Northern Territory,"Professional, Scientific and Technical Services",6.1252,1.2512,7.3764
2023-08-01,Rest of NSW,Information Media and Telecommunications,7.1536,2.2692,9.4228
2023-08-01,Rest of NSW,"Professional, Scientific and Technical Services",66.8119,21.6069,88.4188
2023-08-01,Rest of Qld,Information Media and Telecommunications,7.1986,1.6674,8.8661
2023-08-01,Rest of Qld,"Professional, Scientific and Technical Services",62.1392,22.9935,85.1327
2023-08-01,Rest of Vic.,Information Media and Telecommunications,8.7207,1.845,10.5658
2023-08-01,Rest of Vic.,"Professional, Scientific and Technical Services",28.0758,12.7586,40.8345
2023-11-01,Australian Capital Territory,Information Media and Telecommunications,3.3868,0.3817,3.7685
2023-11-01,Australian Capital Territory,"Professional, Scientific and Technical Services",28.6779,5.6605,34.3384
2023-11-01,Greater Adelaide,Information Media and Telecommunications,5.8602,2.6691,8.5293
2023-11-01,Greater Adelaide,"Professional, Scientific and Technical Services",51.0458,13.8071,64.853
2023-11-01,Greater Brisbane,Information Media and Telecommunications,15.3393,4.7815,20.1208
2023-11-01,Greater Brisbane,"Professional, Scientific and Technical Services",120.492,27.6496,148.1417
2023-11-01,Greater Hobart,Information Media and Telecommunications,0.0111,0.3151,0.3262
2023-11-01,Greater Hobart,"Professional, Scientific and Technical Services",7.0958,4.5351,11.6308
2023-11-01,Greater Melbourne,Information Media and Telecommunications,43.8503,9.21,53.0602
2023-11-01,Greater Melbourne,"Professional, Scientific and Technical Services",263.7484,59.3144,323.0628
2023-11-01,Greater Perth,Information Media and Telecommunications,8.636,2.1896,10.8257
2023-11-01,Greater Perth,"Professional, Scientific and Technical Services",100.4843,21.2042,121.6885
2023-11-01,Greater Sydney,Information Media and Telecommunications,52.9978,9.7533,62.7511
2023-11-01,Greater Sydney,"Professional, Scientific and Technical Services",299.0596,65.0344,364.094
2023-11-01,Northern Territory,Information Media and Telecommunications,0.7696,0.7329,1.5025
2023-11-01,Northern Territory,"Professional, Scientific and Technical Services",7.4988,0.9337,8.4326
2023-11-01,Rest of NSW,Information Media and Telecommunications,8.6307,0.9873,9.618
2023-11-01,Rest of NSW,"Professional, Scientific and Technical Services",60.6292,23.0043,83.6334
2023-11-01,Rest of Qld,Information Media and Telecommunications,8.591,1.4194,10.0105
2023-11-01,Rest of Qld,"Professional, Scientific and Technical Services",67.3371,22.3388,89.6759
2023-11-01,Rest of Vic.,Information Media and Telecommunications,1.6095,0.5889,2.1984
2023-11-01,Rest of Vic.,"Professional, Scientific and Technical Services",27.321,20.5052,47.8262
2024-02-01,Australian Capital Territory,Information Media and Telecommunications,4.0423,1.2575,5.2998
2024-02-01,Australian Capital Territory,"Professional, Scientific and Technical Services",28.8307,4.8044,33.6351
2024-02-01,Greater Adelaide,Information Media and Telecommunications,5.4532,1.3009,6.7541
2024-02-01,Greater Adelaide,"Professional, Scientific and Technical Services",52.082,13.0792,65.1612
2024-02-01,Greater Brisbane,Information Media and Telecommunications,21.0785,3.8933,24.9718
2024-02-01,Greater Brisbane,"Professional, Scientific and Technical Services",131.0495,32.6296,163.6791
2024-02-01,Greater Hobart,Information Media and Telecommunications,0.7633,0.7237,1.487
2024-02-01,Greater Hobart,"Professional, Scientific and Technical Services",6.8128,3.3202,10.1331
2024-02-01,Greater Melbourne,Information Media and Telecommunications,48.5235,8.2958,56.8193
2024-02-01,Greater Melbourne,"Professional, Scientific and Technical Services",260.0738,54.8576,314.9313
2024-02-01,Greater Perth,Information Media and Telecommunications,9.0488,2.1858,11.2346
2024-02-01,Greater Perth,"Professional, Scientific and Technical Services",105.355,22.3497,127.7047
2024-02-01,Greater Sydney,Information Media and Telecommunications,46.5941,9.6503,56.2443
2024-02-01,Greater Sydney,"Professional, Scientific and Technical Services",316.2453,58.8174,375.0627
2024-02-01,Northern Territory,Information Media and Telecommunications,1.0702,0.1826,1.2528
2024-02-01,Northern Territory,"Professional, Scientific and Technical Services",8.4046,1.0037,9.4083
2024-02-01,Rest of NSW,Information Media and Telecommunications,7.3168,1.4318,8.7486
2024-02-01,Rest of NSW,"Professional, Scientific and Technical Services",65.7866,22.5737,88.3603
2024-02-01,Rest of Qld,Information Media and Telecommunications,10.8926,0.6533,11.5459
2024-02-01,Rest of Qld,"Professional, Scientific and Technical Services",68.9703,22.3048,91.275
2024-02-01,Rest of Vic.,Information Media and Telecommunications,3.3107,0.9732,4.2839
2024-02-01,Rest of Vic.,"Professional, Scientific and Technical Services",26.2758,15.4037,41.6795
2024-05-01,Australian Capital Territory,Information Media and Telecommunications,2.5563,0.1802,2.7365
2024-05-01,Australian Capital Territory,"Professional, Scientific and Technical Services",32.7555,5.0914,37.8468
2024-05-01,Greater Adelaide,Information Media and Telecommunications,5.9799,2.0279,8.0078
2024-05-01,Greater Adelaide,"Professional, Scientific and Technical Services",48.9357,12.9328,61.8685
2024-05-01,Greater Brisbane,Information Media and Telecommunications,13.8866,1.6271,15.5137
2024-05-01,Greater Brisbane,"Professional, Scientific and Technical Services",117.9646,17.023,134.9876
2024-05-01,Greater Hobart,Information Media and Telecommunications,1.4494,1.1466,2.596
2024-05-01,Greater Hobart,"Professional, Scientific and Technical Services",6.529,2.8403,9.3693
2024-05-01,Greater Melbourne,Information Media and Telecommunications,46.0997,9.0339,55.1335
2024-05-01,Greater Melbourne,"Professional, Scientific and Technical Services",247.4608,53.2066,300.6674
2024-05-01,Greater Perth,Information Media and Telecommunications,8.7607,3.0601,11.8207
2024-05-01,Greater Perth,"Professional, Scientific and Technical Services",95.0507,25.7306,120.7813
2024-05-01,Greater Sydney,Information Media and Telecommunications,46.3218,16.5605,62.8822
2024-05-01,Greater Sydney,"Professional, Scientific and Technical Services",341.4242,60.741,402.1652
2024-05-01,Northern Territory,Information Media and Telecommunications,0.7036,0.2921,0.9957
2024-05-01,Northern Territory,"Professional, Scientific and Technical Services",6.4489,0.9229,7.3718
2024-05-01,Rest of NSW,Information Media and Telecommunications,10.45,2.3237,12.7737
2024-05-01,Rest of NSW,"Professional, Scientific and Technical Services",71.2396,22.5994,93.839
2024-05-01,Rest of Qld,Information Media and Telecommunications,10.3638,2.4772,12.841
2024-05-01,Rest of Qld,"Professional, Scientific and Technical Services",64.1848,19.9597,84.1445
2024-05-01,Rest of Vic.,Information Media and Telecommunications,5.6609,2.5697,8.2306
2024-05-01,Rest of Vic.,"Professional, Scientific and Technical Services",27.0062,13.2626,40.2688
2024-08-01,Australian Capital Territory,Information Media and Telecommunications,2.505,0.4165,2.9215
2024-08-01,Australian Capital Territory,"Professional, Scientific and Technical Services",27.7155,3.8372,31.5527
2024-08-01,Greater Adelaide,Information Media and Telecommunications,6.8106,1.891,8.7015
2024-08-01,Greater Adelaide,"Professional, Scientific and Technical Services",48.0694,16.8678,64.9372
2024-08-01,Greater Brisbane,Information Media and Telecommunications,10.9911,0.621,11.6121
2024-08-01,Greater Brisbane,"Professional, Scientific and Technical Services",117.7104,14.4885,132.199
2024-08-01,Greater Hobart,Information Media and Telecommunications,1.4239,1.11,2.5339
2024-08-01,Greater Hobart,"Professional, Scientific and Technical Services",7.4332,2.1196,9.5528
2024-08-01,Greater Melbourne,Information Media and Telecommunications,43.4999,8.324,51.8239
2024-08-01,Greater Melbourne,"Professional, Scientific and Technical Services",261.3234,60.0306,321.354
2024-08-01,Greater Perth,Information Media and Telecommunications,6.5519,3.1388,9.6907
2024-08-01,Greater Perth,"Professional, Scientific and Technical Services",101.3009,25.2772,126.5781
2024-08-01,Greater Sydney,Information Media and Telecommunications,48.6323,14.1582,62.7905
2024-08-01,Greater Sydney,"Professional, Scientific and Technical Services",319.3773,50.4108,369.7881
2024-08-01,Northern Territory,Information Media and Telecommunications,0.7011,0.2191,0.9202
2024-08-01,Northern Territory,"Professional, Scientific and Technical Services",7.264,1.3779,8.642
2024-08-01,Rest of NSW,Information Media and Telecommunications,6.6345,2.9331,9.5676
2024-08-01,Rest of NSW,"Professional, Scientific and Technical Services",63.1782,19.7741,82.9523
2024-08-01,Rest of Qld,Information Media and Telecommunications,9.6392,3.2566,12.8957
2024-08-01,Rest of Qld,"Professional, Scientific and Technical Services",67.594,18.8841,86.4781
2024-08-01,Rest of Vic.,Information Media and Telecommunications,3.2171,1.4003,4.6174
2024-08-01,Rest of Vic.,"Professional, Scientific and Technical Services",28.1656,14.895,43.0606
2024-11-01,Australian Capital Territory,Information Media and Telecommunications,3.51,0.0238,3.5338
2024-11-01,Australian Capital Territory,"Professional, Scientific and Technical Services",30.4082,4.8785,35.2867
2024-11-01,Greater Adelaide,Information Media and Telecommunications,8.287,2.45,10.737
2024-11-01,Greater Adelaide,"Professional, Scientific and Technical Services",47.3162,14.8133,62.1295
2024-11-01,Greater Brisbane,Information Media and Telecommunications,13.2467,5.2989,18.5455
2024-11-01,Greater Brisbane,"Professional, Scientific and Technical Services",116.379,16.7374,133.1164
2024-11-01,Greater Hobart,Information Media and Telecommunications,1.2764,0.5186,1.7951
2024-11-01,Greater Hobart,"Professional, Scientific and Technical Services",7.3281,2.7534,10.0815
2024-11-01,Greater Melbourne,Information Media and Telecommunications,32.4421,6.2441,38.6862
2024-11-01,Greater Melbourne,"Professional, Scientific and Technical Services",276.8924,63.2103,340.1027
2024-11-01,Greater Perth,Information Media and Telecommunications,11.0713,4.5703,15.6416
2024-11-01,Greater Perth,"Professional, Scientific and Technical Services",93.6761,26.6411,120.3171
2024-11-01,Greater Sydney,Information Media and Telecommunications,47.8749,9.1832,57.0581
2024-11-01,Greater Sydney,"Professional, Scientific and Technical Services",303.0202,57.9428,360.963
2024-11-01,Northern Territory,Information Media and Telecommunications,0.8125,0.2823,1.0948
2024-11-01,Northern Territory,"Professional, Scientific and Technical Services",4.9988,0.9803,5.9791
2024-11-01,Rest of NSW,Information Media and Telecommunications,10.2906,3.6681,13.9587
2024-11-01,Rest of NSW,"Professional, Scientific and Technical Services",56.4654,21.9313,78.3967
2024-11-01,Rest of Qld,Information Media and Telecommunications,7.173,5.6168,12.7898
2024-11-01,Rest of Qld,"Professional, Scientific and Technical Services",63.2498,21.762,85.0118
2024-11-01,Rest of Vic.,Information Media and Telecommunications,3.6991,2.1159,5.815
2024-11-01,Rest of Vic.,"Professional, Scientific and Technical Services",34.4031,13.7891,48.1922
2025-02-01,Australian Capital Territory,Information Media and Telecommunications,4.0584,0.5101,4.5685
2025-02-01,Australian Capital Territory,"Professional, Scientific and Technical Services",33.3191,5.7093,39.0284
2025-02-01,Greater Adelaide,Information Media and Telecommunications,6.9294,1.4188,8.3482
2025-02-01,Greater Adelaide,"Professional, Scientific and Technical Services",46.9045,14.7774,61.6818
2025-02-01,Greater Brisbane,Information Media and Telecommunications,12.0272,6.9228,18.95
2025-02-01,Greater Brisbane,"Professional, Scientific and Technical Services",112.8193,23.5124,136.3317
2025-02-01,Greater Hobart,Information Media and Telecommunications,0.9127,0.4595,1.3722
2025-02-01,Greater Hobart,"Professional, Scientific and Technical Services",8.3598,3.6554,12.0152
2025-02-01,Greater Melbourne,Information Media and Telecommunications,44.3421,9.9672,54.3094
2025-02-01,Greater Melbourne,"Professional, Scientific and Technical Services",260.0374,62.9696,323.0069
2025-02-01,Greater Perth,Information Media and Telecommunications,9.249,5.3835,14.6325
2025-02-01,Greater Perth,"Professional, Scientific and Technical Services",103.3846,25.8325,129.2171
2025-02-01,Greater Sydney,Information Media and Telecommunications,53.3225,7.6422,60.9647
2025-02-01,Greater Sydney,"Professional, Scientific and Technical Services",281.6652,56.9405,338.6057
2025-02-01,Northern Territory,Information Media and Telecommunications,1.0006,0.3745,1.3751
2025-02-01,Northern Territory,"Professional, Scientific and Technical Services",5.6424,1.0453,6.6878
2025-02-01,Rest of NSW,Information Media and Telecommunications,12.9649,0.5062,13.4711
2025-02-01,Rest of NSW,"Professional, Scientific and Technical Services",52.5971,22.2598,74.8569
2025-02-01,Rest of Qld,Information Media and Telecommunications,5.7372,3.0244,8.7615
2025-02-01,Rest of Qld,"Professional, Scientific and Technical Services",71.8792,18.0692,89.9484
2025-02-01,Rest of Vic.,Information Media and Telecommunications,3.2066,2.0447,5.2513
2025-02-01,Rest of Vic.,"Professional, Scientific and Technical Services",30.0255,12.8421,42.8676
2025-05-01,Australian Capital Territory,Information Media and Telecommunications,3.1676,0.6872,3.8548
2025-05-01,Australian Capital Territory,"Professional, Scientific and Technical Services",32.7931,7.7113,40.5044
2025-05-01,Greater Adelaide,Information Media and Telecommunications,3.8874,2.2454,6.1328
2025-05-01,Greater Adelaide,"Professional, Scientific and Technical Services",49.2485,15.9911,65.2396
2025-05-01,Greater Brisbane,Information Media and Telecommunications,8.6573,6.0906,14.7479
2025-05-01,Greater Brisbane,"Professional, Scientific and Technical Services",125.7809,31.766,157.5469
2025-05-01,Greater Hobart,Information Media and Telecommunications,1.2262,0.4534,1.6796
2025-05-01,Greater Hobart,"Professional, Scientific and Technical Services",7.7288,3.0389,10.7677
2025-05-01,Greater Melbourne,Information Media and Telecommunications,42.3032,12.5066,54.8097
2025-05-01,Greater Melbourne,"Professional, Scientific and Technical Services",285.643,67.6893,353.3323
2025-05-01,Greater Perth,Information Media and Telecommunications,8.3749,4.423,12.7979
2025-05-01,Greater Perth,"Professional, Scientific and Technical Services",95.6059,25.7351,121.341
2025-05-01,Greater Sydney,Information Media and Telecommunications,45.5981,7.6461,53.2442
2025-05-01,Greater Sydney,"Professional, Scientific and Technical Services",325.7445,69.6195,395.364
2025-05-01,Northern Territory,Information Media and Telecommunications,1.4048,0.2204,1.6253
2025-05-01,Northern Territory,"Professional, Scientific and Technical Services",6.4617,0.8659,7.3276
2025-05-01,Rest of NSW,Information Media and Telecommunications,12.0763,2.2189,14.2952
2025-05-01,Rest of NSW,"Professional, Scientific and Technical Services",50.163,26.2819,76.4449
2025-05-01,Rest of Qld,Information Media and Telecommunications,7.0252,1.386,8.4111
2025-05-01,Rest of Qld,"Professional, Scientific and Technical Services",67.476,22.2162,89.6922
2025-05-01,Rest of Vic.,Information Media and Telecommunications,4.4995,1.5038,6.0033
2025-05-01,Rest of Vic.,"Professional, Scientific and Technical Services",31.9114,10.0984,42.0098
2025-08-01,Australian Capital Territory,Information Media and Telecommunications,4.0651,0.8772,4.9423
2025-08-01,Australian Capital Territory,"Professional, Scientific and Technical Services",32.4816,5.1521,37.6337
2025-08-01,Greater Adelaide,Information Media and Telecommunications,5.919,1.5915,7.5105
2025-08-01,Greater Adelaide,"Professional, Scientific and Technical Services",52.3664,11.5684,63.9347
2025-08-01,Greater Brisbane,Information Media and Telecommunications,5.9598,2.7077,8.6675
2025-08-01,Greater Brisbane,"Professional, Scientific and Technical Services",119.6309,27.599,147.23
2025-08-01,Greater Hobart,Information Media and Telecommunications,0.6233,0.4895,1.1128
2025-08-01,Greater Hobart,"Professional, Scientific and Technical Services",8.246,3.0597,11.3057
2025-08-01,Greater Melbourne,Information Media and Telecommunications,45.4715,11.5757,57.0472
2025-08-01,Greater Melbourne,"Professional, Scientific and Technical Services",302.0179,70.8116,372.8296
2025-08-01,Greater Perth,Information Media and Telecommunications,7.4536,5.182,12.6355
2025-08-01,Greater Perth,"Professional, Scientific and Technical Services",98.5771,27.7344,126.3115
2025-08-01,Greater Sydney,Information Media and Telecommunications,50.5388,8.7654,59.3043
2025-08-01,Greater Sydney,"Professional, Scientific and Technical Services",319.9627,66.3965,386.3592
2025-08-01,Northern Territory,Information Media and Telecommunications,1.1606,0.1404,1.301
2025-08-01,Northern Territory,"Professional, Scientific and Technical Services",6.8591,1.2802,8.1393
2025-08-01,Rest of NSW,Information Media and Telecommunications,10.0829,2.3836,12.4664
2025-08-01,Rest of NSW,"Professional, Scientific and Technical Services",63.886,25.7663,89.6523
2025-08-01,Rest of Qld,Information Media and Telecommunications,7.5795,2.4079,9.9874
2025-08-01,Rest of Qld,"Professional, Scientific and Technical Services",53.9079,23.4437,77.3517
2025-08-01,Rest of Vic.,Information Media and Telecommunications,4.3764,2.5972,6.9736
2025-08-01,Rest of Vic.,"Professional, Scientific and Technical Services",28.2496,10.2279,38.4775
2025-11-01,Australian Capital Territory,Information Media and Telecommunications,2.2987,0.2604,2.5591
2025-11-01,Australian Capital Territory,"Professional, Scientific and Technical Services",31.8838,4.8832,36.767
2025-11-01,Greater Adelaide,Information Media and Telecommunications,4.3347,1.691,6.0256
2025-11-01,Greater Adelaide,"Professional, Scientific and Technical Services",50.1867,11.3384,61.5251
2025-11-01,Greater Brisbane,Information Media and Telecommunications,7.9334,1.6024,9.5358
2025-11-01,Greater Brisbane,"Professional, Scientific and Technical Services",130.9687,24.828,155.7967
2025-11-01,Greater Hobart,Information Media and Telecommunications,1.0712,0.6667,1.7378
2025-11-01,Greater Hobart,"Professional, Scientific and Technical Services",9.6498,3.8786,13.5283
2025-11-01,Greater Melbourne,Information Media and Telecommunications,37.9019,12.7798,50.6817
2025-11-01,Greater Melbourne,"Professional, Scientific and Technical Services",301.3107,67.2449,368.5556
2025-11-01,Greater Perth,Information Media and Telecommunications,5.957,6.0152,11.9722
2025-11-01,Greater Perth,"Professional, Scientific and Technical Services",94.1185,27.0644,121.1829
2025-11-01,Greater Sydney,Information Media and Telecommunications,58.4273,10.1949,68.6223
2025-11-01,Greater Sydney,"Professional, Scientific and Technical Services",325.3904,54.1261,379.5166
2025-11-01,Northern Territory,Information Media and Telecommunications,0.9261,0.4404,1.3666
2025-11-01,Northern Territory,"Professional, Scientific and Technical Services",6.4529,1.6021,8.055
2025-11-01,Rest of NSW,Information Media and Telecommunications,7.8461,1.9928,9.8388
2025-11-01,Rest of NSW,"Professional, Scientific and Technical Services",63.5981,18.8697,82.4678
2025-11-01,Rest of Qld,Information Media and Telecommunications,7.3261,3.3787,10.7048
2025-11-01,Rest of Qld,"Professional, Scientific and Technical Services",48.3277,28.1688,76.4965
2025-11-01,Rest of Vic.,Information Media and Telecommunications,6.3729,2.5163,8.8892
2025-11-01,Rest of Vic.,"Professional, Scientific and Technical Services",23.5132,12.346,35.8591
2026-02-01,Australian Capital Territory,Information Media and Telecommunications,3.4413,0.893,4.3342
2026-02-01,Australian Capital Territory,"Professional, Scientific and Technical Services",33.7972,6.8718,40.669
2026-02-01,Greater Adelaide,Information Media and Telecommunications,5.8962,2.1413,8.0375
2026-02-01,Greater Adelaide,"Professional, Scientific and Technical Services",51.9448,10.8687,62.8135
2026-02-01,Greater Brisbane,Information Media and Telecommunications,11.2336,1.1612,12.3948
2026-02-01,Greater Brisbane,"Professional, Scientific and Technical Services",139.9735,25.9001,165.8736
2026-02-01,Greater Hobart,Information Media and Telecommunications,1.2822,0.356,1.6382
2026-02-01,Greater Hobart,"Professional, Scientific and Technical Services",6.441,2.4464,8.8874
2026-02-01,Greater Melbourne,Information Media and Telecommunications,34.2707,8.6378,42.9085
2026-02-01,Greater Melbourne,"Professional, Scientific and Technical Services",283.3113,75.8977,359.209
2026-02-01,Greater Perth,Information Media and Telecommunications,7.9223,3.2388,11.1611
2026-02-01,Greater Perth,"Professional, Scientific and Technical Services",99.1551,22.8936,122.0486
2026-02-01,Greater Sydney,Information Media and Telecommunications,54.6372,7.4486,62.0858
2026-02-01,Greater Sydney,"Professional, Scientific and Technical Services",356.6483,71.5234,428.1717
2026-02-01,Northern Territory,Information Media and Telecommunications,0.4889,0.0843,0.5732
2026-02-01,Northern Territory,"Professional, Scientific and Technical Services",5.8254,1.4398,7.2652
2026-02-01,Rest of NSW,Information Media and Telecommunications,7.5269,3.4411,10.968
2026-02-01,Rest of NSW,"Professional, Scientific and Technical Services",63.2455,28.5599,91.8053
2026-02-01,Rest of Qld,Information Media and Telecommunications,10.527,2.0324,12.5594
2026-02-01,Rest of Qld,"Professional, Scientific and Technical Services",58.5706,23.3803,81.9509
2026-02-01,Rest of Vic.,Information Media and Telecommunications,3.2553,2.1904,5.4458
2026-02-01,Rest of Vic.,"Professional, Scientific and Technical Services",25.3346,10.6177,35.9523
